"sweep_type","block","seed","n","alpha","k_min","k_shape","r_min","r_shape","r_min_k_min_ratio","budget_fraction","B_raw","tau_k","tau_r","gamma","epsilon","rho_kr","n_pre_rounds","x_seed","M","ess_risk","degenerate","alpha_budget_sub","mean_K_init","mean_R_init","mean_D_init","mean_S_init","cor_KR_init","total_expected_s1","total_output_s1","mean_K2_s1","mean_R2_s1","mean_D2_s1","mean_S2_s1","cor_K2R2_s1","total_expected_s2","total_output_s2","mean_K2_s2","mean_R2_s2","mean_D2_s2","mean_S2_s2","cor_K2R2_s2","total_expected_s3","total_output_s3","mean_K2_s3","mean_R2_s3","mean_D2_s3","mean_S2_s3","cor_K2R2_s3","total_expected_s4","total_output_s4","mean_K2_s4","mean_R2_s4","mean_D2_s4","mean_S2_s4","cor_K2R2_s4","total_expected_s5","total_output_s5","mean_K2_s5","mean_R2_s5","mean_D2_s5","mean_S2_s5","cor_K2R2_s5","total_expected_s6","total_output_s6","mean_K2_s6","mean_R2_s6","mean_D2_s6","mean_S2_s6","cor_K2R2_s6","total_expected_s7","total_output_s7","mean_K2_s7","mean_R2_s7","mean_D2_s7","mean_S2_s7","cor_K2R2_s7","total_expected_s8","total_output_s8","mean_K2_s8","mean_R2_s8","mean_D2_s8","mean_S2_s8","cor_K2R2_s8","total_expected_s9","total_output_s9","mean_K2_s9","mean_R2_s9","mean_D2_s9","mean_S2_s9","cor_K2R2_s9","gain_grant_myopic","gain_grant_forward","gain_seed_myopic","gain_seed_vs_grant","best_strategy_idx","best_strategy_expected"
"micro","default",1,50,2,1,2,1,2,1,0.1,7.07106781186548,1,1,1,0.1,0,0,0.5,500,FALSE,FALSE,2,1.90819299407235,1.70053117700902,0.0256156207789285,0.0697516890696932,-0.0114367022588526,81.3648508658689,87,1.98856932323355,1.70053117700902,0.0478609399720633,0.0686482541507563,-0.004011380683399,85.281257657495,83,1.9923715568303,1.84195253324632,0.00608300881571207,0.0634479522598319,-0.00468318271724628,85.429920968661,99,1.99243844740227,1.84195253324632,0.0122359199701186,0.0614306370145109,0.0384393763958869,85.8806697560006,63,1.99327630872946,1.84053117700902,0.00859836874504542,0.061900388692393,0.0180530006167864,87.7178005318791,69,1.99482811576621,1.84053117700902,0.0294778673034298,0.0583161088381524,0.575821662881531,85.7183843864823,84,1.99288937433278,1.84053117700902,0.00849188119016746,0.061558310407726,0.0248791331021354,86.0044662715041,72,1.9928988772658,1.84053117700902,0.0131254381488272,0.0560148378820974,0.0947019357763826,87.7178005318791,91,1.99482811576621,1.84053117700902,0.0294778673034298,0.0583161088381524,0.575821662881531,85.7162391717905,98,1.99288937433278,1.84053117700902,0.0163050222158781,0.0611047656153461,0.061472278792283,1.83713077587855,1.71333426037509,-0.16228536951833,-1.99941614539688,5,87.7178005318791
"micro","default",2,50,2,1,2,1,2,1,0.1,7.07106781186548,1,1,1,0.1,0,0,0.5,500,FALSE,FALSE,2,2.06127627324935,1.88906499960049,0.0322255617307355,0.0900067643575102,0.232511529340833,86.7788072469065,92,2.14695066928474,1.88906499960049,0.0540280673213556,0.0880910636900336,0.251438935529423,90.8083768381396,91,2.15087050125174,2.0304863558378,0.0124288436926582,0.0821520430921247,0.250593268252807,90.7658389555482,91,2.1508694819903,2.0304863558378,0.0218283972422887,0.0846540808868045,0.286091895257585,90.0719402709397,83,2.150252221493,2.02906499960049,0.0175521827352245,0.0904355103324682,0.225023547985203,94.0685960577642,99,2.15412849215678,2.02906499960049,0.0297583777960882,0.0657226039862759,0.465626887314357,90.8443940156423,95,2.150585384656,2.02906499960049,0.0225661958262451,0.0809813486995874,0.287589030805458,91.2303346659268,86,2.15073570334596,2.02906499960049,0.0179113492421788,0.0754016275031032,0.296625966810842,94.1011478050466,95,2.15419001762419,2.02906499960049,0.0297415137170054,0.0657013736870067,0.465909291507517,91.2758519079977,84,2.15082335493156,2.02906499960049,0.0167476796231978,0.0778369664142746,0.304338357805024,3.99665578682452,2.8708131391198,0.772453744702602,-3.22420204212192,8,94.1011478050466
"micro","default",3,50,2,1,2,1,2,1,0.1,7.07106781186548,1,1,1,0.1,0,0,0.5,500,FALSE,FALSE,2,1.53752841206599,2.03969095367484,-0.0715389717928736,0.0891119262405853,-0.19934995009159,77.8334169394636,72,1.61416013046063,2.03969095367484,-0.0481451338746949,0.0842424914057242,-0.181349550664998,81.140398756842,84,1.61735719418958,2.18111230991215,-0.0881105777203933,0.0826287988920986,-0.1826999350858,80.5233663015442,87,1.61657749772141,2.18111230991215,-0.0797066819772334,0.0847113520435846,-0.169362950364027,81.0699860206657,85,1.61741820982931,2.17969095367484,-0.083929283257361,0.0879358939097839,-0.160755276981102,82.4795114321,73,1.61869275441491,2.17969095367484,-0.0864476769030646,0.0721147004865514,-0.0728866858171009,80.8259140720398,91,1.61735859955993,2.17969095367484,-0.0810071444546856,0.0921044545341891,-0.173760613272736,80.9738753748647,84,1.61746448105195,2.17969095367484,-0.0792371051689508,0.089214286521845,-0.119735896635434,82.39761080115,74,1.6184378686316,2.17969095367484,-0.0835683687504961,0.0715994366565824,-0.0396591794735269,81.0205156524259,84,1.61745268310171,2.17969095367484,-0.0845966249857608,0.0888187559140513,-0.176817714439843,1.40952541143436,1.42373542628528,-0.244071948625916,-1.65359736006027,5,82.4795114321
"micro","default",4,50,2,1,2,1,2,1,0.1,7.07106781186548,1,1,1,0.1,0,0,0.5,500,FALSE,FALSE,2,2.39034344009879,1.98211326389496,0.0458655273620747,0.112649006862804,-0.0508384757263068,89.7711493976323,88,2.47900240502781,1.98211326389496,0.0668259005724761,0.11084536172443,-0.0430223491721021,93.9815112722754,91,2.48310691814182,2.12353462013227,0.0282958660696346,0.103325781031074,-0.0434824408468368,94.2130714544151,85,2.48350064931408,2.12353462013227,0.034678470536361,0.105549572052746,-0.0186352285517198,93.1394526379753,81,2.4825388967241,2.12211326389496,0.0404060399433688,0.113705721838986,-0.0347153996247314,98.9293175066389,96,2.48810944400194,2.12211326389496,0.050993574837797,0.0912518965950344,0.381265414804025,93.6139492062127,95,2.48257373675842,2.12211326389496,0.0411577375242217,0.10767193852248,-0.00280272818950563,93.5245441793994,101,2.48272539142451,2.12211326389496,0.0527185529168771,0.107151072328072,0.0408329477361689,98.8753599527423,101,2.48800345647298,2.12211326389496,0.051030051648782,0.0912902768788438,0.38077565393664,93.7331371705849,98,2.48247490747335,2.12211326389496,0.0383179307976527,0.103383908066625,-0.00863062941439501,5.78986486866363,5.35081577334287,0.474496568237456,-5.31536830042617,5,98.9293175066389
"micro","default",5,50,2,1,2,1,2,1,0.1,7.07106781186548,1,1,1,0.1,0,0,0.5,500,FALSE,FALSE,2,1.80548285108863,2.27526062670389,-0.0561664805911463,0.117678260444057,-0.148428782524158,85.0529888236739,78,1.88922126127612,2.27526062670389,-0.0338336794311565,0.112709950822039,-0.132573763019675,88.5687737149371,89,1.8926327145559,2.4166819829412,-0.0714482471349818,0.109070293470227,-0.133639343140215,88.5187893383174,91,1.89225246161286,2.4166819829412,-0.0686284683091951,0.105476936328074,-0.109765505482245,88.1289741150774,82,1.89191063594647,2.41526062670389,-0.0674787396217488,0.11470645917774,-0.116222657654007,91.223100565755,83,1.89546684157174,2.41526062670389,-0.0615068203882619,0.094376852970359,0.0414228818061611,88.5595658368688,70,1.89183838266658,2.41526062670389,-0.0704238310331441,0.106685376080858,-0.0987441138376733,88.1619661735554,82,1.89188172458779,2.41526062670389,-0.0699248756760246,0.114779703674663,-0.130225003830519,91.0520798636879,97,1.89512029921052,2.41526062670389,-0.0615105224949033,0.0943235882650939,0.0418095919664851,87.7923466418961,113,1.89184900323814,2.41526062670389,-0.0695296089188169,0.119634181336554,-0.162824316744653,3.09412645067766,2.89011369013247,0.430591721791458,-2.6635347288862,5,91.223100565755
"micro","default",6,50,2,1,2,1,2,1,0.1,7.07106781186548,1,1,1,0.1,0,0,0.5,500,FALSE,FALSE,2,2.4101120769584,2.06064599757269,0.0663113078852691,0.0988894481716982,0.128410499057728,94.7719954194366,99,2.50375791428078,2.06064599757269,0.0871563139968857,0.0983945558349035,0.143427110356091,99.0750125957279,102,2.5079522700891,2.20206735381,0.0470088684480249,0.0907779925523192,0.142810629505351,99.3623568348724,114,2.50846531572448,2.20206735381,0.0497502778228624,0.0905253900244607,0.157437143066982,100.290122871259,109,2.50852075977996,2.20064599757269,0.0610658977371626,0.0857240383601857,0.248031508568629,102.603922547076,99,2.51154309107268,2.20064599757269,0.0695230588329664,0.0802535598543175,0.36325276837449,99.1522464738281,101,2.5075654929347,2.20064599757269,0.0547604122662062,0.0904252416553725,0.178866829545949,100.106830006424,109,2.50919281219966,2.20064599757269,0.0563384840702759,0.0891115468144067,0.188970127860207,102.593001407053,96,2.51146971893665,2.20064599757269,0.0668674983200711,0.0781807727984876,0.342972219409826,98.7050413098205,109,2.50721179374632,2.20064599757269,0.0515428417214494,0.0938145048216428,0.146496059895208,2.31379967581675,2.48617140062896,-1.13787639743107,-3.45167607324782,5,102.603922547076
"micro","default",7,50,2,1,2,1,2,1,0.1,7.07106781186548,1,1,1,0.1,0,0,0.5,500,FALSE,FALSE,2,2.59309859427474,1.61687821818561,0.0773642997614866,0.110009498298282,0.0435429128249972,83.5820705791898,76,2.67579278429102,1.61687821818561,0.09837163039441,0.108598329994708,0.047996889140044,88.0045524697526,100,2.68010853705973,1.75829957442292,0.0581544938639241,0.102991591482768,0.0476477895171395,88.2150429822415,81,2.68036395337907,1.75829957442292,0.0636427670769607,0.104724842386114,0.0983620941369155,88.3738017384989,81,2.68055192068565,1.75687821818561,0.068751211602078,0.107124732631713,0.190894983826568,92.9677317308636,93,2.68509349717345,1.75687821818561,0.0797132314048723,0.084727280388595,0.565950183736119,89.101836098732,86,2.67983153019509,1.75687821818561,0.0750848959205481,0.0929833434447572,0.30799251685279,88.6936915075774,91,2.68017199275442,1.75687821818561,0.0674586870531263,0.0971107278779007,0.181032446073363,93.0190140613776,80,2.68513828604137,1.75687821818561,0.0807624484662617,0.0857336593785594,0.596966495475964,88.99135540081,92,2.6801536736112,1.75687821818561,0.0758572451390641,0.103877225973601,0.419794894944317,4.59392999236475,4.32532255380025,0.728034360233167,-3.86589563213158,8,93.0190140613776
"micro","default",8,50,2,1,2,1,2,1,0.1,7.07106781186548,1,1,1,0.1,0,0,0.5,500,FALSE,FALSE,2,1.89461104282731,2.08094867573414,0.0106490520542073,0.111079880697159,-0.160741068742314,79.5129975645228,74,1.97306116641524,2.08094867573414,0.0321602532440266,0.108409333417898,-0.15444811714858,83.46542772919,78,1.97690740597874,2.22237003197145,-0.0082561616582969,0.102481465534806,-0.154961406345626,83.6428283419337,88,1.9765266307777,2.22237003197145,-0.00585692903487251,0.0966422988812668,-0.133290863177163,82.9941393917593,87,1.97570990588707,2.22094867573414,-0.0052609483389623,0.103330272314648,-0.139769903754905,86.2887329059639,83,1.97988762508365,2.22094867573414,0.00357803669127146,0.0874332054166234,-0.0233739561954311,82.8469781560177,86,1.97630876033111,2.22094867573414,0.00391142612602397,0.108638428344706,-0.140201257477937,83.7587640514911,103,1.97710990518509,2.22094867573414,0.00197954684166132,0.103311428818956,-0.112516145629284,86.2878179133058,77,1.9796085752023,2.22094867573414,0.00628127729929993,0.0864482353051904,-0.00510473489106105,83.2611990446341,65,1.9764371570889,2.22094867573414,0.00143935486020481,0.103879335298234,-0.129325332396328,3.29459351420456,2.5290538618147,-0.147161235741635,-3.4417547499462,5,86.2887329059639
"micro","default",9,50,2,1,2,1,2,1,0.1,7.07106781186548,1,1,1,0.1,0,0,0.5,500,FALSE,FALSE,2,2.20428147127745,2.45178495294274,0.0358236367592601,0.154881609100547,-0.152135065479056,80.4493926966285,83,2.28365658627918,2.45178495294274,0.0556802077925768,0.15256306813786,-0.147013943951163,84.7258358270033,82,2.28783430677833,2.59320630918005,0.016208618783858,0.144124391433028,-0.147415773641982,84.5783793729884,99,2.28749931072352,2.59320630918005,0.0215557981197386,0.145018287121621,-0.141162580606545,85.6880583000039,66,2.28857944828082,2.59178495294274,0.0261161252308474,0.141559911935337,-0.115835007931121,88.8680442422272,74,2.29197378869531,2.59178495294274,0.0351994191439869,0.129965607542948,-0.027046156629078,83.9716287773487,76,2.2873482640309,2.59178495294274,0.0237939129397121,0.154225278592273,-0.153469803418136,86.3578475629297,81,2.2880982323049,2.59178495294274,0.0252577170009747,0.127240926933158,-0.095232814165227,88.8684570621473,84,2.29205226590962,2.59178495294274,0.0339084601271501,0.129173690010872,-0.0402178409752762,85.0829502202225,78,2.2877860117473,2.59178495294274,0.0258138310321894,0.145949972891205,-0.119775699077151,3.1799859422233,2.51060949921758,-1.7164295226552,-4.8964154648785,8,88.8684570621473
"micro","default",10,50,2,1,2,1,2,1,0.1,7.07106781186548,1,1,1,0.1,0,0,0.5,500,FALSE,FALSE,2,1.57864553381097,1.54101951471155,0.0152862579397971,0.0588438455613331,-0.178479980421189,72.6643483759116,88,1.65040283646847,1.54101951471155,0.0378891544159877,0.0578094938806269,-0.165423308876934,76.4578837464056,66,1.65408014713801,1.68244087094886,-0.00761891486714847,0.0528310742971999,-0.166580932484647,76.3844498567601,81,1.65414314018207,1.68244087094886,-0.00570995479082901,0.0558822926269594,-0.17238812764652,76.6166264706433,66,1.65404987956322,1.68101951471155,0.000522058729260914,0.0514735263338722,-0.00275425315791248,77.9734436915911,76,1.65550122757367,1.68101951471155,0.00548162415587824,0.0413279810312534,0.325252450734759,76.0620546968237,85,1.65401713530287,1.68101951471155,0.000318642272965753,0.0612629037766505,-0.170413244452849,76.3862000631075,86,1.65384517347011,1.68101951471155,-0.000675295277448112,0.0547121451946618,-0.0471296516284086,77.9563409825974,88,1.65550122757367,1.68101951471155,0.0072968949234423,0.0417152645678806,0.375427462918962,76.6752077785297,73,1.65401713530287,1.68101951471155,0.00390119738733146,0.0514836278269678,0.0981427782081672,1.3568172209478,1.57014091948994,-0.554571773819646,-1.91138899476745,5,77.9734436915911
"micro","default",11,50,2,1,2,1,2,1,0.1,7.07106781186548,1,1,1,0.1,0,0,0.5,500,FALSE,FALSE,2,1.50501147969651,1.48108835101484,-0.00597879326144773,0.0470336149127104,-0.107442503688932,70.7411697795857,63,1.57485741691852,1.48108835101484,0.0175059906105558,0.045288661565638,-0.0958732940970641,74.3491621123649,84,1.57834690010232,1.62250970725215,-0.0285756365054485,0.0435777750440902,-0.0968833708207692,74.0236835136942,86,1.57803299627895,1.62250970725215,-0.0226309327256641,0.0468910942783308,-0.059584491937285,74.0854687052689,80,1.5780247211011,1.62108835101484,-0.0218919842744796,0.0463933186505929,-0.0297599237633101,74.6339469207758,67,1.5786841022048,1.62108835101484,-0.0152192137693553,0.0448499564488177,0.215399527028204,73.536193234472,64,1.57770703055403,1.62108835101484,-0.0170169116557777,0.0536869979062747,-0.0901077139342085,73.7864433141453,63,1.57771834730211,1.62108835101484,-0.0217107816369298,0.0480540995577903,-0.0903309045771745,74.6742787669886,70,1.57858386055623,1.62108835101484,-0.0168153982653908,0.042676456482047,0.229812582836522,74.0783989972567,78,1.57787646460968,1.62108835101484,-0.0226701785469828,0.0445014458670436,-0.0276417237912321,0.54847821550689,0.887835452843305,-0.549275470796928,-1.09775368630382,8,74.6742787669886
"micro","default",12,50,2,1,2,1,2,1,0.1,7.07106781186548,1,1,1,0.1,0,0,0.5,500,FALSE,FALSE,2,1.72036012752616,1.78422996021135,-0.0127113920089497,0.0807506686537088,-0.146659617491116,77.5873417435192,76,1.79690666215431,1.78422996021135,0.00997665053351075,0.0780529570416193,-0.136040389472309,81.2742149430383,65,1.80048152288555,1.92565131644866,-0.031606751746208,0.0749179310948972,-0.136849828677506,81.0980818283988,81,1.80056994396368,1.92565131644866,-0.023634897866872,0.0775062349413959,-0.120257553638216,81.1661484440275,77,1.80096076520379,1.92422996021135,-0.0262071816043295,0.0827197705525492,-0.158271882773127,83.8327557929725,82,1.80305331444532,1.92422996021135,-0.0117750461148704,0.0624984871493076,0.294887640902138,81.2711182692575,102,1.7999330625375,1.92422996021135,-0.0277333288075816,0.0693634553985693,-0.0773056698408858,81.6075382651858,108,1.8012647796195,1.92422996021135,-0.0276269706639945,0.0782906991150846,-0.126237779783644,83.8327557929725,76,1.80305331444532,1.92422996021135,-0.0117750461148704,0.0624984871493076,0.294887640902138,80.9759219283014,90,1.80013406097708,1.92422996021135,-0.0220996428522225,0.0789719246459589,-0.0861810739563965,2.66660734894504,2.22521752778671,0.104969825230029,-2.56163752371501,5,83.8327557929725
"micro","default",13,50,2,1,2,1,2,1,0.1,7.07106781186548,1,1,1,0.1,0,0,0.5,500,FALSE,FALSE,2,1.7851532447649,2.84560500761546,-0.00321693683766172,0.101042097425151,-0.15040912510445,81.0684698821295,80,1.86507856152937,2.84560500761546,0.0182517976947867,0.0997998003758669,-0.141547404139488,84.8858134346026,76,1.86878605571905,2.98702636385277,-0.0233863841042676,0.0936168730971615,-0.142223338415205,84.6539954457475,79,1.86843087465915,2.98702636385277,-0.0169277705810587,0.0930238439993751,-0.136677567660044,84.097709825981,85,1.86810389234681,2.98560500761546,-0.0204307611441842,0.104819792121074,-0.151776717587875,87.4161095475807,83,1.87132948659491,2.98560500761546,-0.0115311757950504,0.0786997245188133,-0.0833872322389184,84.1394954479925,86,1.86816220508218,2.98560500761546,-0.0196370720503649,0.104307306721879,-0.14999698533733,84.1323805407262,88,1.86814786547408,2.98560500761546,-0.0136039416116124,0.104672040347507,-0.142648218734318,87.069383861448,88,1.87098667660543,2.98560500761546,-0.0101479990345701,0.0806564207237185,-0.0870717713281917,85.0081765220095,89,1.86816220508218,2.98560500761546,-0.0186327107109698,0.0890730215674686,-0.125807999113925,3.31839972159972,2.93700332072179,0.0417856220114601,-3.27661409958826,5,87.4161095475807
"micro","default",14,50,2,1,2,1,2,1,0.1,7.07106781186548,1,1,1,0.1,0,0,0.5,500,FALSE,FALSE,2,2.04412253862487,1.61890299277207,0.0728843029624761,0.0754752596635446,0.0967607714764995,82.8831880690467,80,2.12610714308389,1.61890299277207,0.0940802133999471,0.075835532306228,0.107149495913838,87.1441321264856,80,2.13025518674761,1.76032434900938,0.0515860544309974,0.0674909148932147,0.1063463101188,86.9764042103977,87,2.12984165180203,1.76032434900938,0.0545195743784781,0.0683519136931827,0.151972222888343,85.9228079239384,79,2.12922488620641,1.75890299277207,0.0787211768324863,0.0772711791099032,0.253733103944666,89.3540452192329,73,2.13265246927551,1.75890299277207,0.0750591768996293,0.0616431830113214,0.57005286126456,86.1315781357063,87,2.12924073957111,1.75890299277207,0.0577207250897623,0.0765709557735336,0.0475666919758488,86.1059919648522,81,2.12905821047599,1.75890299277207,0.067061139102873,0.0761117770280928,0.16405356973222,89.5225730381556,72,2.13265246927551,1.75890299277207,0.0741119347452794,0.0594022384093978,0.59473555412115,86.282277233205,85,2.12967810353733,1.75890299277207,0.0753101828453007,0.0765173152659417,0.241929850040159,3.43123729529445,3.41658107330346,0.208770211767927,-3.22246708352652,8,89.5225730381556
"micro","default",15,50,2,1,2,1,2,1,0.1,7.07106781186548,1,1,1,0.1,0,0,0.5,500,FALSE,FALSE,2,1.98697529931308,2.53054432702618,-0.0685802601229168,0.096412276331529,0.00935938789760214,94.449861533377,97,2.07999540198759,2.53054432702618,-0.0452391810118606,0.0912587275954016,0.0211237736731279,97.8229210526246,95,2.08325979441084,2.67196568326349,-0.0802214553692715,0.0907660625229215,0.0205068945688715,97.5345372410956,100,2.08310184890365,2.67196568326349,-0.0756333642023704,0.092660446900988,0.0164098128032769,97.1752634370329,83,2.08217119454128,2.67054432702618,-0.0754669863702881,0.0955404032981619,0.0423209589522039,100.122671095069,81,2.08542859860436,2.67054432702618,-0.0692701005353895,0.0776940819519495,0.148078019067836,97.7159342108115,119,2.08231781557075,2.67054432702618,-0.0731792724138419,0.0899399753509559,0.0902739323061138,96.7072117303523,105,2.08202914293284,2.67054432702618,-0.0770895918269451,0.10035043820364,-0.000357532039058462,100.260811336739,99,2.08570174677828,2.67054432702618,-0.0692963010151933,0.0777000308743428,0.148233330226264,97.5073021017171,102,2.08276345665586,2.67054432702618,-0.0806623757573492,0.0924468628493258,0.0105577684684924,2.9474076580365,3.55359960638667,0.540670773778686,-2.40673688425781,8,100.260811336739
"micro","default",16,50,2,1,2,1,2,1,0.1,7.07106781186548,1,1,1,0.1,0,0,0.5,500,FALSE,FALSE,2,1.92270326275915,1.94144630050334,0.000712019505936288,0.0827970839332096,8.8717443977849e-05,86.2961782678978,88,2.00783663176188,1.94144630050334,0.0231812145575186,0.0800184357715823,0.0184741730502931,90.0897028406284,86,2.01151934227561,2.08286765674065,-0.0162707250183995,0.0758092395878392,0.0174890378899413,89.8484700465065,79,2.01098276808613,2.08286765674065,-0.0162695625148724,0.0760022220788196,0.0195909765498846,90.1632430179867,101,2.01088394067896,2.08144630050334,-0.0102476662586991,0.0723103701954408,0.104312281786731,92.5218452145523,73,2.01396277168608,2.08144630050334,-0.00207827898367371,0.062905017335488,0.298438986541504,89.949575740465,93,2.01141456018708,2.08144630050334,-0.0128851429863152,0.080054836865983,0.0231324728261656,89.5346479348073,85,2.01110455279967,2.08144630050334,-0.0130727066204076,0.0829310348658791,-0.0162816429916029,92.5692839455532,103,2.0140109015215,2.08144630050334,-0.00252531264077031,0.0624517757406253,0.291548402046761,90.0852210684185,84,2.01123197884026,2.08144630050334,-0.0113383342696624,0.0770116628725151,0.0678216607725092,2.3586021965656,3.03463601074588,-0.213667277521651,-2.57226947408725,8,92.5692839455532
"micro","default",17,50,2,1,2,1,2,1,0.1,7.07106781186548,1,1,1,0.1,0,0,0.5,500,FALSE,FALSE,2,1.94462360030362,1.65318972676282,0.0655213430829738,0.0868298886723055,-0.139842260646964,80.0466650218395,70,2.02373376363387,1.65318972676282,0.0866276806888727,0.0864830149071391,-0.126772717797413,84.291342845202,85,2.0278678403361,1.79461108300012,0.0438588226885504,0.0775772288502862,-0.127665782336191,84.0507227890582,84,2.02754572418373,1.79461108300013,0.048704467306299,0.0777920389102115,-0.107612265288127,84.0547690863742,77,2.0276845885357,1.79318972676282,0.048671797877149,0.0810966164190594,-0.116866832239608,86.4905678723785,88,2.03040069578475,1.79318972676282,0.0528292134203412,0.0667720977198997,0.106892047814987,83.3730740935838,113,2.02698971426383,1.79318972676282,0.0520488990416392,0.0861805580701377,-0.138253018260315,83.3514041529759,82,2.02706607232558,1.79318972676282,0.0527192644867144,0.0879479768725394,-0.146522520680391,86.2040315988959,95,2.02942758136485,1.79318972676282,0.0550181308683643,0.0635482641127685,0.174298757324066,83.3837492678142,82,2.02728435791399,1.79318972676282,0.0547283933200371,0.0890535080829618,-0.142772779982602,2.43579878600438,2.85262744592001,-0.681694992790369,-3.11749377879475,5,86.4905678723785
"micro","default",18,50,2,1,2,1,2,1,0.1,7.07106781186548,1,1,1,0.1,0,0,0.5,500,FALSE,FALSE,2,1.82911660149263,2.24291028842973,-0.0348910077202778,0.103027948136353,-0.103562924960763,79.3988631336494,91,1.90738714587507,2.24291028842973,-0.0125751729846886,0.0998900735629239,-0.0976730773412418,83.0115449439559,93,1.91089102796293,2.38433164466704,-0.0526323674714955,0.0975533008803489,-0.0981539628228585,83.0934559140412,97,1.91098282822607,2.38433164466704,-0.0475836139327398,0.100114477462549,-0.0791312260193392,83.455255917571,73,1.91166411431646,2.38291028842973,-0.0481867782066173,0.0980499402498259,-0.0917384094958478,87.136540742909,75,1.91504931385498,2.38291028842973,-0.0353662794763611,0.0782803684114266,0.0779015025951479,83.9861890733248,90,1.91201637716482,2.38291028842973,-0.0455292323156348,0.092408613084857,-0.0738131050639671,82.5445946844899,84,1.91045565376713,2.38291028842973,-0.0432105224483254,0.103695533836987,-0.0927408852136638,87.136540742909,93,1.91504931385498,2.38291028842973,-0.0353662794763611,0.0782803684114266,0.0779015025951479,85.0803412874354,91,1.91201637716482,2.38291028842973,-0.0393998864598698,0.0828456335323597,0.0214263541296539,3.68128482533801,4.59194605841918,0.530933155753786,-3.15035166958423,5,87.136540742909
"micro","default",19,50,2,1,2,1,2,1,0.1,7.07106781186548,1,1,1,0.1,0,0,0.5,500,FALSE,FALSE,2,1.79425426385576,2.47075250095324,-0.0453959799588408,0.0821091881793537,0.156146585004859,90.3858808346013,101,1.88324281540421,2.47075250095324,-0.0224109853888818,0.0787060624041364,0.182870817790684,93.8567943830726,112,1.88660192255853,2.61217385719055,-0.0610516462351846,0.0755809150879483,0.181646483982487,93.6015610409328,99,1.88626158839729,2.61217385719055,-0.0595408506585637,0.0774943545778898,0.185435382058784,93.6722247353404,101,1.88632579049164,2.61075250095324,-0.0427324150639919,0.0774644904247029,0.275588788568034,94.7378790100155,101,1.88735817724364,2.61075250095324,-0.0467462123639191,0.0709947768898147,0.271519486733394,93.686944916948,100,1.88662851647566,2.61075250095324,-0.0518482298069627,0.0818020753744771,0.201781117420682,93.7165701204516,91,1.88607470782796,2.61075250095324,-0.0508976195352067,0.0778849637481832,0.235571486958823,94.862355921677,90,1.88760416816157,2.61075250095324,-0.0467421535328495,0.0710082922557199,0.271223516839987,93.6577490058773,83,1.88662851647566,2.61075250095324,-0.0522079622256633,0.083657020895671,0.200306825303241,1.06565427467504,1.1457858012254,0.0147201816075722,-1.05093409306747,8,94.862355921677
"micro","default",20,50,2,1,2,1,2,1,0.1,7.07106781186548,1,1,1,0.1,0,0,0.5,500,FALSE,FALSE,2,1.918706401194,1.80031467863391,0.00528441404792004,0.107417310107158,-0.153330022964552,77.868234128835,95,1.99552300594552,1.80031467863391,0.0270519552431921,0.104341700958267,-0.146345545185892,81.7650444548248,72,1.9993132406735,1.94173603487122,-0.0146842307277327,0.0984166866158094,-0.147012574898123,81.658533635583,80,1.99922819099714,1.94173603487122,-0.0160013817577667,0.0983805485400885,-0.167509844934776,81.9814562987623,88,1.99983842328838,1.94031467863391,-0.00518789130194052,0.0980589126000198,-0.121204757395809,85.7600450658682,89,2.00327380487644,1.94031467863391,0.00792995976568354,0.0856754699337097,0.342270475201922,81.9326303174518,78,1.99883529449506,1.94031467863391,-0.0125239221954364,0.0949318337106487,-0.098866196410661,82.1942727256361,79,2.00019833546943,1.94031467863391,-0.00393459994803323,0.100405316276414,-0.099334860085535,86.0191104858096,99,2.00362203334623,1.94031467863391,0.00627271420379579,0.0831897845351396,0.32776838240757,80.8717293442445,111,1.99892138378127,1.94031467863391,-0.00621030797881527,0.111718417230243,-0.182451746289991,3.77858876710584,3.82483776017354,-0.0488259813105287,-3.82741474841637,8,86.0191104858096
"micro","default",21,50,2,1,2,1,2,1,0.1,7.07106781186548,1,1,1,0.1,0,0,0.5,500,FALSE,FALSE,2,2.03374037202074,2.2837692777398,-0.031356259145078,0.12145682795231,-0.160397325644096,89.7988368608544,88,2.12220397602655,2.2837692777398,-0.009251018077099,0.116695472608611,-0.147228416695863,93.5084700357891,100,2.12580993374755,2.42519063397711,-0.0449977103459329,0.112348313422454,-0.148042045534108,93.4724040562284,100,2.12568319608566,2.42519063397711,-0.039454448816712,0.111286719886352,-0.127713105391113,94.4533464046742,99,2.12617198402016,2.4237692777398,-0.0472095069692947,0.102041926838505,-0.109071873407111,97.5564284233023,102,2.1299071017685,2.4237692777398,-0.0314612013985471,0.0942073464374964,0.143145961108054,93.7388323128838,78,2.12594075114957,2.4237692777398,-0.0448720642985445,0.112804547099129,-0.141096855445478,93.4366567801706,98,2.12628206232733,2.4237692777398,-0.0407452352287535,0.117662019112904,-0.162898830033104,97.5564284233023,93,2.1299071017685,2.4237692777398,-0.0314612013985471,0.0942073464374964,0.143145961108054,94.3626648101627,95,2.12586409119604,2.4237692777398,-0.04192507065982,0.10332608245719,-0.0696639205894853,3.10308201862804,4.11977164313166,-0.71451409179042,-3.81759611041846,5,97.5564284233023
"micro","default",22,50,2,1,2,1,2,1,0.1,7.07106781186548,1,1,1,0.1,0,0,0.5,500,FALSE,FALSE,2,2.18249761052998,2.44782410979534,0.00498312477464367,0.0992533547975631,-0.0557232292031207,79.9100585632488,70,2.26135618800971,2.44782410979534,0.027011085938165,0.0970435824608899,-0.052760262431061,83.7847387524811,84,2.26512104685735,2.58924546603265,-0.0146766755799186,0.0938836089955723,-0.0529580604284944,84.4133437027183,110,2.2662428750952,2.58924546603265,-0.0142764738354235,0.0925862776904022,-0.051585644269468,85.8005557831337,82,2.26718297432129,2.58782410979534,-0.00507850879729887,0.0876394747301823,-0.0262492864847112,89.4353371898881,81,2.27078703790619,2.58782410979534,0.0124764697636959,0.0786613019134442,0.0512619317761398,84.884322686729,85,2.26577569799938,2.58782410979534,-0.00418391935010101,0.0897115532202352,-0.0298033719033348,85.6244513896287,84,2.26687959154046,2.58782410979534,-0.000986309803221769,0.0882625211784955,-0.0232155880084525,89.3889839524062,95,2.27078703790619,2.58782410979534,0.014043908855831,0.0801367792667473,0.0545247172827347,84.8895062992757,107,2.26577569799938,2.58782410979534,0.00517067259653694,0.0856010156396394,-0.0252724322457308,3.63478140675446,3.76453256277745,-0.916233096404625,-4.55101450315908,5,89.4353371898881
"micro","default",23,50,2,1,2,1,2,1,0.1,7.07106781186548,1,1,1,0.1,0,0,0.5,500,FALSE,FALSE,2,2.24881323142202,2.01579517796309,0.0316744005931226,0.0955973624242349,0.136292549503435,90.8815344548594,110,2.33856676803582,2.01579517796309,0.0531662544198775,0.0938567818526774,0.14463136611091,94.9304917254325,103,2.342506954819,2.1572165342004,0.0133774580942205,0.0868440642309864,0.144173723739632,95.1918784572933,93,2.34271927344118,2.1572165342004,0.021868172856284,0.0883578687654615,0.193064338414329,95.427742816012,103,2.34342680553467,2.15579517796309,0.0198602875347341,0.0879114209705734,0.147035591099898,98.7892977807306,100,2.34644905867229,2.15579517796309,0.0414349988177304,0.0816995340062267,0.524197067947349,94.7114710595374,95,2.34204343581386,2.15579517796309,0.0186977905502319,0.0872106148910049,0.143748203622718,95.4258770886781,92,2.34271580774013,2.15579517796309,0.0147775989381442,0.0800016873034812,0.15260380178434,98.7459925580577,98,2.34635759283436,2.15579517796309,0.0413756677812357,0.0816270183890314,0.524663623608424,95.0791543054423,84,2.34315117900371,2.15579517796309,0.0181946927493682,0.091872210047531,0.137116795436677,3.36155496471866,3.32011546937962,-0.716271756474612,-4.07782672119328,5,98.7892977807306
"micro","default",24,50,2,1,2,1,2,1,0.1,7.07106781186548,1,1,1,0.1,0,0,0.5,500,FALSE,FALSE,2,1.59019823660385,2.48634168125166,-0.0497853900728001,0.0874186264426282,0.276644867699778,79.6025442597581,82,1.66851863003139,2.48634168125166,-0.0269950011351292,0.0841958284298609,0.308713800924002,83.0475626643844,69,1.67185246312118,2.62776303748897,-0.069474827551519,0.0816230055535688,0.307527812300623,82.780490801908,87,1.67137053877328,2.62776303748897,-0.0679204548420775,0.0820339200762611,0.31110205374916,82.9818239234126,87,1.67135811026123,2.62634168125166,-0.0586715082334165,0.080063899412823,0.334870945695514,84.9939587168135,93,1.67379786744041,2.62634168125166,-0.0565770105844793,0.069059303123556,0.387828925390455,82.4259161015926,84,1.67122305295803,2.62634168125166,-0.0637315558512268,0.0889613392576666,0.303376583751,82.8350365879829,100,1.67121477906644,2.62634168125166,-0.0633401083877854,0.0828217314668574,0.328423288559844,84.9939587168135,97,1.67379786744041,2.62634168125166,-0.0565770105844793,0.069059303123556,0.387828925390455,82.6986761064232,89,1.67114766854592,2.62634168125166,-0.0649423402795032,0.0862081630617601,0.323891262947484,2.0121347934009,2.1589221288306,-0.555907821819929,-2.56804261522083,5,84.9939587168135
"micro","default",25,50,2,1,2,1,2,1,0.1,7.07106781186548,1,1,1,0.1,0,0,0.5,500,FALSE,FALSE,2,1.87742948996641,1.53854050988613,0.0255296442485515,0.066626096180449,-0.0428374242074223,75.6517143477436,73,1.95217189654385,1.53854050988613,0.0481804459715635,0.0651943833091903,-0.0356123680385544,79.5515989031318,89,1.95595664955047,1.67996186612344,0.00388827314379676,0.0617312123710255,-0.036120131586103,79.3614223974845,87,1.95575427689796,1.67996186612344,0.00862219650771541,0.06380144186619,-0.0290186431037638,78.7476353610799,78,1.95491521284718,1.67854050988613,0.0118147090164993,0.0681522470376716,-0.0299726175204169,83.7968401844305,81,1.96024826393224,1.67854050988613,0.0290122339556859,0.044827486865636,0.677141296928629,78.4640962239832,66,1.95518861976383,1.67854050988613,0.00989825211188916,0.0746557292072385,-0.121961413804509,78.4599344056883,85,1.95485945477847,1.67854050988613,0.010596700354492,0.0721530185901445,-0.0832571894229408,83.7968401844305,90,1.96024826393224,1.67854050988613,0.0290122339556859,0.044827486865636,0.677141296928629,78.3436334201993,84,1.95533556787054,1.67854050988613,0.0227438706952539,0.0743729292686853,-0.0443548255844872,5.04920482335059,5.33690577874219,-0.283539137096611,-5.3327439604472,5,83.7968401844305
"micro","default",26,50,2,1,2,1,2,1,0.1,7.07106781186548,1,1,1,0.1,0,0,0.5,500,FALSE,FALSE,2,2.43990192835354,1.89204470520497,0.0302100525738814,0.0947641078174815,0.0360067590387873,89.3699676730386,98,2.52815890310795,1.89204470520497,0.0521305433767058,0.0924843065830533,0.0442259875855009,93.410654546026,75,2.53209018838445,2.03346606144228,0.0127712413064084,0.0869409141274921,0.0438271181758151,93.970099474358,94,2.53236695205095,2.03346606144228,0.0157615200696438,0.0836683014417788,0.103563665906534,94.0529926167931,92,2.53265917937905,2.03204470520497,0.0240460167528592,0.0881827145388188,0.134947670331675,99.0371235205684,97,2.53778329417319,2.03204470520497,0.0390639908852946,0.0750557115408919,0.527149206095035,94.2293135655203,91,2.53248204113803,2.03204470520497,0.0198566451104902,0.0871308542083,0.193004878645646,94.241951181096,88,2.53283070858162,2.03204470520497,0.016646838711017,0.0848435670657455,0.122586116756695,98.884764793766,98,2.53747745061448,2.03204470520497,0.0390681355784667,0.0750528250070673,0.527407900827556,93.817155108353,100,2.53241620741129,2.03204470520497,0.0202214782553697,0.0901315944739193,0.118454126959151,4.98413090377532,4.64281361267007,0.176320948727238,-4.80780995504809,5,99.0371235205684
"micro","default",27,50,2,1,2,1,2,1,0.1,7.07106781186548,1,1,1,0.1,0,0,0.5,500,FALSE,FALSE,2,1.77099163729513,2.05477270865597,-0.0620077338905888,0.106964235613322,-0.0983715241758976,80.4246565410051,85,1.85017668779203,2.05477270865597,-0.0388374888231354,0.101319633869172,-0.0845976639728937,83.865384092575,83,1.85351094413266,2.19619406489328,-0.077500303763324,0.100577897802272,-0.085375770287213,84.1159685070114,61,1.85350478037922,2.19619406489328,-0.0721834452268669,0.0985393562224225,-0.0402877914850206,83.9513808865928,80,1.85361288411749,2.19477270865597,-0.074250379287876,0.100283711738496,-0.0783773256532122,87.7816142569323,95,1.85745299467415,2.19477270865597,-0.0635469183268566,0.0786816999317765,0.185029981558815,83.5427369284179,85,1.853365006304,2.19477270865597,-0.0703857307737276,0.105313516348012,-0.0876225245627703,83.8546954271238,93,1.85347739333905,2.19477270865597,-0.0765774511041978,0.101982950997133,-0.0856002835694815,87.7816142569323,102,1.85745299467415,2.19477270865597,-0.0635469183268566,0.0786816999317765,0.185029981558815,83.5770352703664,94,1.853365006304,2.19477270865597,-0.066062905364738,0.103815445436047,-0.0596434486469004,3.83023337033956,3.92691882980851,-0.40864395817492,-4.23887732851448,5,87.7816142569323
"micro","default",28,50,2,1,2,1,2,1,0.1,7.07106781186548,1,1,1,0.1,0,0,0.5,500,FALSE,FALSE,2,1.74628835751845,1.96042830916739,-0.00799470606227357,0.0901916542209897,0.0131645575977968,80.1165416511709,81,1.82526734153561,1.96042830916739,0.0142380502343176,0.0874832231129352,0.0352253444372402,83.8631709925927,73,1.82890410700354,2.1018496654047,-0.0276969577687,0.0825931902723185,0.0340610472760866,83.8534815044761,87,1.82904152024099,2.1018496654047,-0.020383752232625,0.0836110998637522,0.0558948744655096,83.5849267818672,80,1.8289853956144,2.10042830916739,-0.0160348434677935,0.09008923188452,0.0637719766328465,85.8335646809847,66,1.8308146539152,2.10042830916739,-0.0168148944792128,0.0689908622470879,0.19169517695696,84.1539412804114,76,1.82882303411521,2.10042830916739,-0.0227699000284376,0.0783479212841147,0.0820793546810651,84.0515710325342,105,1.82904262975458,2.10042830916739,-0.0221514084959946,0.0823645703970079,0.0705682890904846,85.9906896253721,64,1.83103612071639,2.10042830916739,-0.0205906292668006,0.0672896185522738,0.169566751125246,83.8894069205312,78,1.82858686218926,2.10042830916739,-0.0204330561126185,0.0795511047971633,0.0828472016724534,2.24863789911744,1.93911859283783,0.569014498544178,-1.67962340057326,8,85.9906896253721
"micro","default",29,50,2,1,2,1,2,1,0.1,7.07106781186548,1,1,1,0.1,0,0,0.5,500,FALSE,FALSE,2,2.10760917721696,1.5448956993744,0.0690473439583471,0.0824033950655073,0.00252370127861109,79.1248382077859,78,2.18585334187943,1.5448956993744,0.090620268148156,0.0818789456000796,0.0138185958772892,83.3834074296793,85,2.18999979098804,1.68631705561171,0.0471938166883854,0.0757408801244177,0.0133043705674218,83.7970950005192,85,2.19027794887814,1.68631705561171,0.0487393323607175,0.0723997227173325,0.0735715118644838,83.5982536477263,91,2.18953087160668,1.6848956993744,0.0579674702612221,0.0724746389488344,0.158652246685575,87.6828868857105,103,2.19435010151048,1.6848956993744,0.0669401321251765,0.0550037649085423,0.529554092118969,83.4892372300373,88,2.18983813611951,1.6848956993744,0.0576250232862989,0.077041344222759,0.110414705246354,82.9776021006855,73,2.1896652719561,1.6848956993744,0.0552798535074428,0.0830762638567952,0.0345101454398928,87.6828868857105,86,2.19435010151048,1.6848956993744,0.0669401321251765,0.0550037649085423,0.529554092118969,84.2801491090926,92,2.18996867066704,1.6848956993744,0.0567699354340281,0.0661219413606049,0.260680217867006,4.08463323798422,4.70528478502497,-0.109016417689034,-4.19364965567325,5,87.6828868857105
"micro","default",30,50,2,1,2,1,2,1,0.1,7.07106781186548,1,1,1,0.1,0,0,0.5,500,FALSE,FALSE,2,1.60466186604428,2.096436652609,-0.0306347558306312,0.101530515150291,-0.0580793762504208,75.80689843577,69,1.67931762485033,2.096436652609,-0.00853376171502952,0.0983833042519119,-0.0377931873557109,79.4258994905522,84,1.68282854544591,2.23785800884631,-0.051941116461175,0.0933784920373519,-0.0390147799904347,79.1322384115375,79,1.68259973492326,2.23785800884631,-0.0460682756078207,0.0972167793233948,-0.0273786729578872,79.1375704691762,72,1.68318549061098,2.236436652609,-0.0460355846054877,0.104497922119539,-0.0590916387688812,81.0879900096984,92,1.68460843015975,2.236436652609,-0.032404378415085,0.086861604248564,0.173080067614689,79.8424471725878,76,1.68261969346556,2.236436652609,-0.0477520543990844,0.0876418681626317,0.0219744142264578,79.7115249394336,72,1.68298084208543,2.236436652609,-0.0512704931214806,0.091890079635804,-0.0215542786978329,81.0879900096984,90,1.68460843015975,2.236436652609,-0.032404378415085,0.086861604248564,0.173080067614689,79.645891006872,79,1.68230328767228,2.236436652609,-0.048310824488232,0.089267309991214,0.0193288072563025,1.95041954052225,1.37646507026486,0.704876703411642,-1.24554283711061,5,81.0879900096984
"micro","n",1,10,2,1,2,1,2,1,0.1,1.4142135623731,1,1,1,0.1,0,0,0.5,200,FALSE,FALSE,2,2.01587829043033,2.51682509107038,-0.00324850683967625,0.126298018357998,-0.0963521963676387,17.8771273527485,14,2.10395446110018,2.51682509107038,0.0175629587578251,0.123596395617667,-0.0756282374094327,18.6596838037521,24,2.10776453309193,2.65824644730769,-0.0201818362272403,0.117022349779123,-0.0766830553453084,NA,NA,NA,NA,NA,NA,NA,18.3685027525818,20,2.10632121524562,2.61682509107038,-0.0105985246371823,0.123153205314689,-0.0892480718044102,18.6731280143808,18,2.10785468483986,2.61682509107038,-0.00651759562959473,0.110490362073969,-0.0400330547365479,18.3219019827275,22,2.10589595896137,2.61682509107038,-0.0108347055935662,0.123393069575129,-0.089442622139295,NA,NA,NA,NA,NA,NA,NA,NA,NA,NA,NA,NA,NA,NA,NA,NA,NA,NA,NA,NA,NA,0.304625261799057,NA,-0.046600769854269,-0.351226031653326,5,18.6731280143808
"micro","n",2,10,2,1,2,1,2,1,0.1,1.4142135623731,1,1,1,0.1,0,0,0.5,200,FALSE,FALSE,2,2.03773876162035,1.97270858506724,0.0535727795682625,0.111175787695279,-0.135966473760978,16.9174468495517,15,2.12131806560358,1.97270858506724,0.0736318465911804,0.111292988828668,-0.124857602659196,17.7663396428802,24,2.12545593369948,2.11412994130455,0.0321833506552764,0.101151258384413,-0.125794157407072,NA,NA,NA,NA,NA,NA,NA,17.1946366902018,20,2.12262635814891,2.07270858506724,0.0501544755587754,0.122508949548321,-0.175810080971211,17.9207948599061,17,2.12627141374044,2.07270858506724,0.0508972045082975,0.0919911362467392,-0.00653753457102836,17.3909737426559,18,2.12342844032948,2.07270858506724,0.0407728879578097,0.109316774452811,-0.158897427289281,NA,NA,NA,NA,NA,NA,NA,NA,NA,NA,NA,NA,NA,NA,NA,NA,NA,NA,NA,NA,NA,0.726158169704249,NA,0.196337052454052,-0.529821117250197,5,17.9207948599061
"micro","n",3,10,2,1,2,1,2,1,0.1,1.4142135623731,1,1,1,0.1,0,0,0.5,200,FALSE,FALSE,2,1.4489887125259,1.81950825029558,-0.0934682734475208,0.0390965505319128,0.185197553969606,15.819710615012,15,1.52688407024451,1.81950825029558,-0.0678832738209152,0.0337312406104712,0.221347894360336,16.4189880540248,17,1.52976111945694,1.96092960653289,-0.10751648259411,0.0375036470294568,0.218727434961512,NA,NA,NA,NA,NA,NA,NA,16.210793342711,21,1.52814049342693,1.91950825029558,-0.0979736587220545,0.0315811971139554,0.316578749798302,16.4347904794126,16,1.52987057920423,1.91950825029558,-0.0933533799913535,0.0275046382193314,0.563556082221027,16.0688600242102,16,1.52835572370457,1.91950825029558,-0.0793603206681688,0.0425678806391433,0.200491744119032,NA,NA,NA,NA,NA,NA,NA,NA,NA,NA,NA,NA,NA,NA,NA,NA,NA,NA,NA,NA,NA,0.223997136701609,NA,-0.141933318500786,-0.365930455202395,5,16.4347904794126
"micro","n",4,10,2,1,2,1,2,1,0.1,1.4142135623731,1,1,1,0.1,0,0,0.5,200,FALSE,FALSE,2,1.90400887156386,2.62059115952953,-0.110320569513314,0.0966985335617755,0.366276873033854,20.2112354166957,27,2.00341415732678,2.62059115952953,-0.0863167849296902,0.0898225580448422,0.387083093561611,20.8277361702259,18,2.00638905774516,2.76201251576684,-0.120527340402043,0.0904218050522923,0.385886107796469,NA,NA,NA,NA,NA,NA,NA,20.689788277272,24,2.00486076772444,2.72059115952953,-0.113134920450825,0.0811232745397547,0.418311296182663,20.8688409587211,17,2.00661491462992,2.72059115952953,-0.113149388618166,0.0812240361614098,0.417899789126513,20.6966148872337,27,2.00493150869754,2.72059115952953,-0.113404116974611,0.0811809458845133,0.418451834447073,NA,NA,NA,NA,NA,NA,NA,NA,NA,NA,NA,NA,NA,NA,NA,NA,NA,NA,NA,NA,NA,0.179052681449097,NA,0.00682660996166717,-0.17222607148743,5,20.8688409587211
"micro","n",5,10,2,1,2,1,2,1,0.1,1.4142135623731,1,1,1,0.1,0,0,0.5,200,FALSE,FALSE,2,2.00291175055253,1.58555544768592,0.0697561880250562,0.078457307190591,-0.022477174204109,16.2323687449635,19,2.08318402742933,1.58555544768592,0.0910477201722494,0.0783453648907992,-0.0100217920109936,17.0823253663553,12,2.08732180999663,1.72697680392323,0.0483994121317685,0.0709210602345209,-0.0108329497042569,NA,NA,NA,NA,NA,NA,NA,16.6513692860577,19,2.08484207531192,1.68555544768592,0.0649759464584154,0.0779709830363044,-0.0394597294856243,17.246489187253,7,2.0881921436891,1.68555544768592,0.0708177438615922,0.0609070729248646,0.351953775484385,16.6962911398072,19,2.08529408101557,1.68555544768592,0.0647738829746105,0.078030787497098,-0.038672155445316,NA,NA,NA,NA,NA,NA,NA,NA,NA,NA,NA,NA,NA,NA,NA,NA,NA,NA,NA,NA,NA,0.595119901195254,NA,0.0449218537494609,-0.550198047445793,5,17.246489187253
"micro","n",6,10,2,1,2,1,2,1,0.1,1.4142135623731,1,1,1,0.1,0,0,0.5,200,FALSE,FALSE,2,2.6457537578482,1.6722478082364,0.136534274958323,0.0909193619890713,0.130838367153263,18.6780007446521,17,2.73826842831951,1.6722478082364,0.156605753573997,0.0928672402353788,0.146531474749794,19.6323383007679,27,2.74292902091906,1.81366916447371,0.116660688977892,0.0835981741100139,0.146014613012671,NA,NA,NA,NA,NA,NA,NA,19.3876131071508,18,2.74341319666724,1.7722478082364,0.133972606155783,0.0985415733268962,0.0554263374366879,19.9787854450976,17,2.74473569030235,1.7722478082364,0.137965368453592,0.069849710250207,0.477962619090657,19.5690674437014,23,2.74063834171982,1.7722478082364,0.138095634158971,0.0695956656931762,0.479435364781998,NA,NA,NA,NA,NA,NA,NA,NA,NA,NA,NA,NA,NA,NA,NA,NA,NA,NA,NA,NA,NA,0.591172337946837,NA,0.181454336550544,-0.409718001396293,5,19.9787854450976
"micro","n",7,10,2,1,2,1,2,1,0.1,1.4142135623731,1,1,1,0.1,0,0,0.5,200,FALSE,FALSE,2,2.58953802511115,1.98833447192703,0.0693132805885047,0.198344963548853,-0.235634680442208,14.779873757438,13,2.66247265729883,1.98833447192703,0.0882304812056037,0.195462092672892,-0.231946476113649,15.7107949860359,23,2.6670351261723,2.12975582816434,0.0474892626063203,0.186343857423299,-0.232308431725753,NA,NA,NA,NA,NA,NA,NA,14.9644414435127,15,2.66333221797272,2.08833447192703,0.0719458650292526,0.207828664129069,-0.254900527994203,16.2524538381646,14,2.66981305522136,2.08833447192703,0.0731076181793822,0.173719500085115,-0.113783657560265,15.7512319409676,16,2.66479407034162,2.08833447192703,0.073343752651664,0.173518089401865,-0.11477952787719,NA,NA,NA,NA,NA,NA,NA,NA,NA,NA,NA,NA,NA,NA,NA,NA,NA,NA,NA,NA,NA,1.28801239465187,NA,0.786790497454863,-0.501221897197006,5,16.2524538381646
"micro","n",1,100,2,1,2,1,2,1,0.1,14.142135623731,1,1,1,0.1,0,0,0.5,200,FALSE,FALSE,2,1.80436208554068,1.9692180672066,-0.0140098766616798,0.0671722273682662,0.167175022388392,169.853994703336,167,1.88808930575196,1.9692180672066,0.00907914625996387,0.0646381049828102,0.1906356131222,177.123229035377,190,1.89160932698965,2.11063942344391,-0.0317842040685882,0.0613974227715219,0.18973750993324,NA,NA,NA,NA,NA,NA,NA,178.396386624385,174,1.89264284326198,2.1092180672066,-0.0275472415588805,0.0634739169408881,0.226758369214313,181.795346038656,176,1.89397791526678,2.1092180672066,-0.0139257723244779,0.0535254989330586,0.486465506796976,177.382457729394,173,1.89201376886921,2.1092180672066,-0.0258289674120019,0.0666513126315024,0.215661225807944,NA,NA,NA,NA,NA,NA,NA,NA,NA,NA,NA,NA,NA,NA,NA,NA,NA,NA,NA,NA,NA,3.39895941427079,NA,-1.01392889499184,-4.41288830926263,5,181.795346038656
"micro","n",2,100,2,1,2,1,2,1,0.1,14.142135623731,1,1,1,0.1,0,0,0.5,200,FALSE,FALSE,2,1.97517063642492,1.9323467864222,0.00207430585951861,0.1047022319511,-0.0679476621723562,165.446464472055,174,2.0567645626034,1.9323467864222,0.023991078790966,0.101606518730381,-0.0551637305440135,173.188289129829,169,2.06052830914007,2.07376814265951,-0.0166202237960525,0.0965189709556779,-0.0559183581414069,NA,NA,NA,NA,NA,NA,NA,173.045682999952,169,2.06023764191315,2.0723467864222,-0.0122900726895148,0.0982418943182892,-0.033728598363345,180.946593918417,177,2.06443893806988,2.0723467864222,-0.00102204771419804,0.0775791070654445,0.239642098158969,173.372121344366,154,2.06062940692643,2.0723467864222,-0.00963887724541006,0.100134394530628,-0.0256421026737646,NA,NA,NA,NA,NA,NA,NA,NA,NA,NA,NA,NA,NA,NA,NA,NA,NA,NA,NA,NA,NA,7.9009109184644,NA,0.326438344414271,-7.57447257405013,5,180.946593918417
"micro","n",3,100,2,1,2,1,2,1,0.1,14.142135623731,1,1,1,0.1,0,0,0.5,200,FALSE,FALSE,2,1.78860968287042,1.63856368564667,0.0117697545874344,0.0662144023172326,-0.00518278203228102,156.997685250325,150,1.86612951465598,1.63856368564667,0.0344662184414288,0.0643815538551374,0.006731807571459,164.608418429326,167,1.86982038335819,1.77998504188398,-0.00812421184822953,0.0602378773594586,0.00596771017335913,NA,NA,NA,NA,NA,NA,NA,164.99439218272,174,1.86982822512164,1.77856368564667,-0.000963711529408726,0.0600980523844862,0.133959722162358,170.3595411515,167,1.87281054377891,1.77856368564667,0.0135000308012425,0.0497708656821464,0.668280645617394,165.387899383937,172,1.86978207819532,1.77856368564667,2.77323435423654e-05,0.0561012091988311,0.186626009667149,NA,NA,NA,NA,NA,NA,NA,NA,NA,NA,NA,NA,NA,NA,NA,NA,NA,NA,NA,NA,NA,5.36514896877949,NA,0.393507201216636,-4.97164176756286,5,170.3595411515
"micro","n",4,100,2,1,2,1,2,1,0.1,14.142135623731,1,1,1,0.1,0,0,0.5,200,FALSE,FALSE,2,2.18622835199688,1.87929834441525,0.049459060029857,0.0929152624833973,0.0326584404519712,173.676725715737,167,2.27200658022775,1.87929834441525,0.0707140263561729,0.0920055095667372,0.0444309938960702,181.997082096521,179,2.27605700325905,2.02071970065256,0.0295139099160562,0.0845320424407921,0.0438930520395962,NA,NA,NA,NA,NA,NA,NA,183.023064667528,152,2.27610658412606,2.01929834441525,0.037423239333006,0.0796223356659991,0.0894601459311242,189.82434643199,201,2.28016189720917,2.01929834441525,0.0519147924126925,0.0742119277206738,0.377266751996086,182.094564105411,183,2.27628977300547,2.01929834441525,0.0390944608057763,0.0884979404588331,0.0635857655187426,NA,NA,NA,NA,NA,NA,NA,NA,NA,NA,NA,NA,NA,NA,NA,NA,NA,NA,NA,NA,NA,6.80128176446269,NA,-0.928500562116852,-7.72978232657954,5,189.82434643199
"micro","n",5,100,2,1,2,1,2,1,0.1,14.142135623731,1,1,1,0.1,0,0,0.5,200,FALSE,FALSE,2,2.04037173889626,1.88830213938494,0.0251409176493036,0.0870157367838493,0.0553009382139311,171.573043653494,175,2.12510397499468,1.88830213938494,0.0468977478930183,0.0854348487629988,0.0653905853408005,179.521418546848,193,2.12896779833866,2.02972349562225,0.00622641698070799,0.0801638809371851,0.0647533810518078,NA,NA,NA,NA,NA,NA,NA,179.061411881877,196,2.12907389901692,2.02830213938494,0.0186381160831145,0.0846479696621973,0.0755607202418191,184.732091438382,195,2.1315828427596,2.02830213938494,0.025536141821896,0.0693544113044285,0.328106834978478,178.12727018892,177,2.12833365336756,2.02830213938494,0.0136091824353155,0.0872947652173061,0.0551478745294014,NA,NA,NA,NA,NA,NA,NA,NA,NA,NA,NA,NA,NA,NA,NA,NA,NA,NA,NA,NA,NA,5.67067955650529,NA,-0.934141692956416,-6.60482124946171,5,184.732091438382
"micro","n",6,100,2,1,2,1,2,1,0.1,14.142135623731,1,1,1,0.1,0,0,0.5,200,FALSE,FALSE,2,2.23537903726554,2.45945223329923,0.026397547052593,0.124679064589465,-0.0338600044448949,176.103854067978,187,2.32227140195958,2.45945223329923,0.046979101607574,0.123031857726496,-0.0248352075659339,184.324342474308,195,2.3262774225906,2.60087358953654,0.00730509454305219,0.115988727786412,-0.0252751347526485,NA,NA,NA,NA,NA,NA,NA,184.702839241004,191,2.3261885293469,2.59945223329923,0.0124167467693509,0.117926967742656,-0.00380462035748866,191.687021094961,186,2.32996754778322,2.59945223329923,0.0277081409742328,0.103626158532065,0.0819511243716265,185.788081195492,187,2.32669374718207,2.59945223329923,0.0155089004355166,0.114658036997445,0.00644699863157455,NA,NA,NA,NA,NA,NA,NA,NA,NA,NA,NA,NA,NA,NA,NA,NA,NA,NA,NA,NA,NA,6.98418185395673,NA,1.08524195448743,-5.8989398994693,5,191.687021094961
"micro","n",7,100,2,1,2,1,2,1,0.1,14.142135623731,1,1,1,0.1,0,0,0.5,200,FALSE,FALSE,2,2.10498840623017,1.92531506374106,-0.0108403125055558,0.0883559274077983,0.00534502059124759,171.678889036241,163,2.18967655979175,1.92531506374106,0.0120614782911889,0.0847055041053311,0.0148787771767489,179.155968376612,189,2.19330463901943,2.06673641997837,-0.0264604363645205,0.0824974696927779,0.0144523448000532,NA,NA,NA,NA,NA,NA,NA,180.860487892738,187,2.19393927968184,2.06531506374106,-0.0235412975719583,0.0731521436535611,0.0465224500326334,188.842405634943,198,2.19822846803879,2.06531506374106,-0.00692478150456641,0.0650775688504319,0.404751008121739,179.901394649442,179,2.1938539428883,2.06531506374106,-0.0212092913543012,0.081427740522867,0.0304649708643175,NA,NA,NA,NA,NA,NA,NA,NA,NA,NA,NA,NA,NA,NA,NA,NA,NA,NA,NA,NA,NA,7.98191774220535,NA,-0.959093243295655,-8.94101098550101,5,188.842405634943
"micro","alpha",1,50,1.5,1,1.5,1,1.5,1,0.1,7.937005259841,1,1,1,0.1,0,0,0.5,200,FALSE,FALSE,1.5,2.58730533001346,2.11071623622626,0.0320952297895379,0.109317344273687,-0.00665045348496458,94.9257735882653,98,2.68105196258637,2.11071623622626,0.0533243187777031,0.107433874445913,-0.00228314141833126,99.5236830894148,100,2.6855298303648,2.26945634142308,0.0127681915318381,0.100680623668529,-0.00268326508212938,NA,NA,NA,NA,NA,NA,NA,100.391205880512,111,2.68657545901164,2.25071623622626,0.0248997160761721,0.0947478927664195,0.0327924087792401,104.284225118076,101,2.69036285274477,2.25071623622626,0.0434265527893334,0.0949087143890252,0.490624343961797,99.1062355881702,89,2.68595348871253,2.25071623622626,0.024047001548898,0.107644751135717,-0.0135868179515571,NA,NA,NA,NA,NA,NA,NA,NA,NA,NA,NA,NA,NA,NA,NA,NA,NA,NA,NA,NA,NA,3.89301923756489,NA,-1.2849702923413,-5.17798952990618,5,104.284225118076
"micro","alpha",2,50,1.5,1,1.5,1,1.5,1,0.1,7.937005259841,1,1,1,0.1,0,0,0.5,200,FALSE,FALSE,1.5,2.8800506290566,2.58778492784365,0.0380750374683788,0.140606151418375,0.234479777702567,106.662349767478,112,2.9852694398441,2.58778492784365,0.0587722534993142,0.137340040244873,0.251568961147626,111.424721173139,111,2.9899190638035,2.74652503304047,0.0184126669849351,0.130249465194016,0.251027501357569,NA,NA,NA,NA,NA,NA,NA,113.726138495155,100,2.99210996324903,2.72778492784365,0.0346568125872408,0.120405258808575,0.318823950895613,115.931731147513,119,2.99448988490607,2.72778492784365,0.0414223409448399,0.115477734786056,0.358118234823531,111.841030104897,103,2.98956234570384,2.72778492784365,0.0336112255199385,0.125130192065236,0.284842423148263,NA,NA,NA,NA,NA,NA,NA,NA,NA,NA,NA,NA,NA,NA,NA,NA,NA,NA,NA,NA,NA,2.2055926523588,NA,-1.88510839025777,-4.09070104261657,5,115.931731147513
"micro","alpha",3,50,1.5,1,1.5,1,1.5,1,0.1,7.937005259841,1,1,1,0.1,0,0,0.5,200,FALSE,FALSE,1.5,1.82493345338202,2.87330772998246,-0.0870353128550469,0.137809807802279,-0.17405457950322,88.6595595163984,77,1.91212270459061,2.87330772998246,-0.0648171747807987,0.131773253361199,-0.162181515648981,92.4325776158219,98,1.91578245345436,3.03204783517928,-0.103529842360637,0.128289261184405,-0.163037768927943,NA,NA,NA,NA,NA,NA,NA,91.9819734850728,94,1.9155242068668,3.01330772998246,-0.0954807759459802,0.132767963001265,-0.157805334281654,94.9504434203777,71,1.91831494857426,3.01330772998246,-0.09648716324143,0.110744868823031,-0.0835497291376509,92.477136561971,95,1.91564403649978,3.01330772998246,-0.0946632580430183,0.128699164941285,-0.134790633153834,NA,NA,NA,NA,NA,NA,NA,NA,NA,NA,NA,NA,NA,NA,NA,NA,NA,NA,NA,NA,NA,2.96846993530485,NA,0.495163076898194,-2.47330685840666,5,94.9504434203777
"micro","alpha",4,50,1.5,1,1.5,1,1.5,1,0.1,7.937005259841,1,1,1,0.1,0,0,0.5,200,FALSE,FALSE,1.5,3.6893010017539,2.71337089247245,0.0558528089575556,0.169891192624578,-0.0527847106190362,108.401527059587,105,3.79630704173215,2.71337089247245,0.07534734394011,0.16716384825815,-0.0484329718675025,113.427059392866,106,3.80122492719308,2.87211099766927,0.0387724652359843,0.157986282088858,-0.0486530643555949,NA,NA,NA,NA,NA,NA,NA,113.235095636259,114,3.80018167691433,2.85337089247245,0.0513141778243992,0.158984775771733,-0.0354657687550005,119.643274689257,121,3.80741927225423,2.85337089247245,0.0660494828970344,0.152649014695821,0.175852030439865,112.959684262668,119,3.80143675920984,2.85337089247245,0.0498404511450143,0.166241321133114,-0.0473143360963238,NA,NA,NA,NA,NA,NA,NA,NA,NA,NA,NA,NA,NA,NA,NA,NA,NA,NA,NA,NA,NA,6.40817905299845,NA,-0.275411373590586,-6.68359042658903,5,119.643274689257
"micro","alpha",5,50,1.5,1,1.5,1,1.5,1,0.1,7.937005259841,1,1,1,0.1,0,0,0.5,200,FALSE,FALSE,1.5,2.3334431602684,3.3417349379719,-0.0665495841627962,0.178165184344371,-0.145138760383757,99.9659106491618,91,2.4317500868936,3.3417349379719,-0.0458123958446219,0.172415376694924,-0.13418238447325,104.061112187331,111,2.43573968295398,3.50047504316872,-0.0817885903818299,0.167002349344132,-0.134853187618564,NA,NA,NA,NA,NA,NA,NA,104.394033073908,123,2.43511618328777,3.4817349379719,-0.0756091960986503,0.164432801156581,-0.100868390278638,108.283663981484,115,2.44000222652107,3.4817349379719,-0.0672066477763225,0.149061954859022,-0.0321785165439435,104.543532485994,124,2.43489337115056,3.4817349379719,-0.0662576984553188,0.162968150367539,-0.0709132208322632,NA,NA,NA,NA,NA,NA,NA,NA,NA,NA,NA,NA,NA,NA,NA,NA,NA,NA,NA,NA,NA,3.88963090757517,NA,0.149499412085902,-3.74013149548927,5,108.283663981484
"micro","alpha",6,50,1.5,1,1.5,1,1.5,1,0.1,7.937005259841,1,1,1,0.1,0,0,0.5,200,FALSE,FALSE,1.5,3.59827742247132,2.98200472226227,0.082256673466267,0.149595476390596,0.0826360274722648,119.870261127669,126,3.71668603726933,2.98200472226227,0.101821008360735,0.148285526386774,0.0943690727878284,125.02185919357,125,3.7217255417019,3.14074482745909,0.0631611364119215,0.139601977847849,0.0940189120853698,NA,NA,NA,NA,NA,NA,NA,125.860270931619,125,3.72128888857301,3.12200472226227,0.0768887091573373,0.133134376793305,0.121856109823513,129.750520817633,136,3.72667107419244,3.12200472226227,0.0909353178920121,0.13340980962102,0.204895205333949,124.961632116254,120,3.72105172844631,3.12200472226227,0.0740054540686107,0.141122288664604,0.109357568244144,NA,NA,NA,NA,NA,NA,NA,NA,NA,NA,NA,NA,NA,NA,NA,NA,NA,NA,NA,NA,NA,3.8902498860139,NA,-0.898638815365487,-4.78888870137939,5,129.750520817633
"micro","alpha",7,50,1.5,1,1.5,1,1.5,1,0.1,7.937005259841,1,1,1,0.1,0,0,0.5,200,FALSE,FALSE,1.5,4.28824311048908,1.95186963379615,0.0874795768095316,0.161737894636672,0.0647917988325167,97.8396646132076,91,4.38503612280363,1.95186963379615,0.107614524030082,0.158806091225726,0.0675200503704323,103.088502893921,115,4.39017484149335,2.11060973899297,0.069480384498555,0.153407683016402,0.0673234193671706,NA,NA,NA,NA,NA,NA,NA,105.355031869385,114,4.39209607600954,2.09186963379615,0.0921090836359843,0.153287751101018,0.346504619590893,109.188706838287,108,4.39645231222505,2.09186963379615,0.0984975456702214,0.144375351866795,0.481551245984326,105.932264719666,113,4.39058411555215,2.09186963379615,0.10159985081358,0.149598068861662,0.511429216410903,NA,NA,NA,NA,NA,NA,NA,NA,NA,NA,NA,NA,NA,NA,NA,NA,NA,NA,NA,NA,NA,3.83367496890287,NA,0.577232850281817,-3.25644211862105,5,109.188706838287
"micro","alpha",1,50,3,1,3,1,3,1,0.1,6.29960524947437,1,1,1,0.1,0,0,0.5,200,FALSE,FALSE,3,1.48369669955998,1.39886267233659,0.0180516778250652,0.0344132299937616,-0.0159354922660254,69.6120860305069,74,1.55247686888059,1.39886267233659,0.0412403400326295,0.034264203088565,-0.00444665223323493,72.9471322903703,73,1.55570374686767,1.52485477732608,-0.00200650452442091,0.0308943865573759,-0.00548738529220627,NA,NA,NA,NA,NA,NA,NA,72.951161090015,74,1.55571647962634,1.51886267233659,0.00572974973365312,0.029637488622091,0.125427352094443,72.3156724959181,69,1.55488745560895,1.51886267233659,0.0154868514448263,0.035045426010315,0.22754195329118,72.6342173566737,68,1.55560781051325,1.51886267233659,0.00584937984351122,0.0359394903359266,0.00477017153518176,NA,NA,NA,NA,NA,NA,NA,NA,NA,NA,NA,NA,NA,NA,NA,NA,NA,NA,NA,NA,NA,-0.635488594096856,NA,-0.316943733341219,0.318544860755637,4,72.951161090015
"micro","alpha",2,50,3,1,3,1,3,1,0.1,6.29960524947437,1,1,1,0.1,0,0,0.5,200,FALSE,FALSE,3,1.55062604746974,1.46223344724021,0.0237121778622975,0.0445448742431032,0.22327120873556,71.8458293890697,75,1.6216007677772,1.46223344724021,0.0465968559775181,0.0440901599780557,0.243551564561716,75.2455016685119,76,1.62489433663904,1.58822555222969,0.00350226295331627,0.0399308429963848,0.24232253386121,NA,NA,NA,NA,NA,NA,NA,74.7271294258702,65,1.62402009256998,1.58223344724021,0.0143480045205691,0.0411488002921532,0.31257393812535,76.0336102206338,79,1.62569159171427,1.58223344724021,0.0169175436577032,0.0337966003675577,0.503360287822332,75.1074190932262,60,1.62465225030325,1.58223344724021,0.0130176575185875,0.039379527600355,0.315878786456038,NA,NA,NA,NA,NA,NA,NA,NA,NA,NA,NA,NA,NA,NA,NA,NA,NA,NA,NA,NA,NA,1.3064807947636,NA,0.38028966735601,-0.926191127407591,5,76.0336102206338
"micro","alpha",3,50,3,1,3,1,3,1,0.1,6.29960524947437,1,1,1,0.1,0,0,0.5,200,FALSE,FALSE,3,1.31460983891485,1.53831392352717,-0.0517907623751214,0.045044831055755,-0.22016951911996,67.9265255751038,64,1.38157316999269,1.53831392352717,-0.0274699414536882,0.0417965643583734,-0.194879812132061,70.8638747676922,73,1.38440468889834,1.66430602851666,-0.0691046184127952,0.0418830176913638,-0.196921044708597,NA,NA,NA,NA,NA,NA,NA,70.3235184707594,73,1.38392320748889,1.65831392352717,-0.060489306407587,0.0482231704221114,-0.161234571730823,70.4237170157897,53,1.38391625488576,1.65831392352717,-0.0593318457711888,0.043812869418792,-0.0975360621508577,70.5477447186544,74,1.38430993145505,1.65831392352717,-0.0577472474667578,0.0467865093872093,-0.0937736868881249,NA,NA,NA,NA,NA,NA,NA,NA,NA,NA,NA,NA,NA,NA,NA,NA,NA,NA,NA,NA,NA,0.100198545030267,NA,0.224226247894961,0.124027702864694,2,70.8638747676922
"micro","alpha",4,50,3,1,3,1,3,1,0.1,6.29960524947437,1,1,1,0.1,0,0,0.5,200,FALSE,FALSE,3,1.68247954387235,1.51872043476016,0.0334669878706192,0.0581891903999504,-0.0447535553465169,74.3863795758539,73,1.75597682494356,1.51872043476016,0.0558354792489065,0.0576768169408647,-0.0323929918396759,77.8930920786049,77,1.75937984286661,1.64471253974964,0.0148814882322899,0.0523592798113241,-0.0332562349249298,NA,NA,NA,NA,NA,NA,NA,77.5190316171237,86,1.75902093557261,1.63872043476016,0.0262942060338682,0.0562469121848498,0.0327914002645147,79.814664413343,81,1.76125619658567,1.63872043476016,0.0302226209827929,0.0403595015271051,0.495153975203966,77.1504556935872,87,1.7589311429511,1.63872043476016,0.0278524015984721,0.0623253639299837,-0.0237892509521235,NA,NA,NA,NA,NA,NA,NA,NA,NA,NA,NA,NA,NA,NA,NA,NA,NA,NA,NA,NA,NA,2.29563279621929,NA,-0.368575923536469,-2.66420871975576,5,79.814664413343
"micro","alpha",5,50,3,1,3,1,3,1,0.1,6.29960524947437,1,1,1,0.1,0,0,0.5,200,FALSE,FALSE,3,1.44225270823037,1.64327389053768,-0.0414715611906463,0.0601120458840849,-0.146770900234434,72.0411772072251,68,1.51327578717474,1.64327389053768,-0.0177568338717116,0.0567427092899299,-0.125181008135442,75.0910543948468,75,1.51622275409643,1.76926599552716,-0.0576252240123217,0.0552289433059801,-0.126810521287574,NA,NA,NA,NA,NA,NA,NA,74.3064593334381,88,1.51586173208039,1.76327389053768,-0.0487449144691525,0.0681089679996604,-0.21067487406965,75.1940544262376,82,1.51635470155944,1.76327389053768,-0.0492021595881188,0.0546850372497603,0.021746509208723,74.5176558628386,93,1.51570449252194,1.76327389053768,-0.0490534697305036,0.063429035842762,-0.105973967642593,NA,NA,NA,NA,NA,NA,NA,NA,NA,NA,NA,NA,NA,NA,NA,NA,NA,NA,NA,NA,NA,0.887595092799458,NA,0.211196529400439,-0.676398563399019,5,75.1940544262376
"micro","alpha",6,50,3,1,3,1,3,1,0.1,6.29960524947437,1,1,1,0.1,0,0,0.5,200,FALSE,FALSE,3,1.70669529741408,1.5318898560374,0.047032590465782,0.0506951981716342,0.176069506598996,76.1314193193801,76,1.78194253065929,1.5318898560374,0.0692375025893268,0.0511261936668811,0.194014985621235,79.6973155731037,85,1.78540324078675,1.65788196102688,0.0272435401005474,0.0453756060580446,0.193007216555988,NA,NA,NA,NA,NA,NA,NA,79.7072178850586,76,1.78496616191485,1.6518898560374,0.0357260987910404,0.0418547559185163,0.307225278486897,80.6372797624769,81,1.78634522761992,1.6518898560374,0.044644454161572,0.0398926526674607,0.466553777685752,79.3651706864247,80,1.78544057832907,1.6518898560374,0.0355122198866151,0.0541584541065525,0.180774020619525,NA,NA,NA,NA,NA,NA,NA,NA,NA,NA,NA,NA,NA,NA,NA,NA,NA,NA,NA,NA,NA,0.930061877418311,NA,-0.342047198633907,-1.27210907605222,5,80.6372797624769
"micro","alpha",7,50,3,1,3,1,3,1,0.1,6.29960524947437,1,1,1,0.1,0,0,0.5,200,FALSE,FALSE,3,1.7343917303429,1.35946334691461,0.0594399899673639,0.0582057785711312,0.021220237268374,71.1324746176388,66,1.80475769105823,1.35946334691461,0.0814817437275069,0.0584196842322747,0.027877798062291,74.7980641053484,89,1.8083195144313,1.4854554519041,0.0388850481349082,0.0532894993161317,0.0273172312233127,NA,NA,NA,NA,NA,NA,NA,73.7241705646268,75,1.80700411140468,1.47946334691461,0.0531082237565184,0.0626234604156004,0.118238026905865,76.9188254798344,68,1.81046442437904,1.47946334691461,0.0589272239108137,0.0400430920661506,0.653558522673713,74.9695717730916,82,1.80814941612561,1.47946334691461,0.0539685899343814,0.0503490914245715,0.326106942094996,NA,NA,NA,NA,NA,NA,NA,NA,NA,NA,NA,NA,NA,NA,NA,NA,NA,NA,NA,NA,NA,3.19465491520762,NA,1.24540120846483,-1.94925370674279,5,76.9188254798344
"micro","ratio",1,50,2,1,2,0.5,2,0.5,0.1,3.53553390593274,1,1,1,0.1,0,0,0.5,200,FALSE,FALSE,2,1.90819299407235,0.850265588504508,0.335499476410942,0.16880950211138,-0.0114367022588526,53.7245198099986,58,1.96157036593192,0.850265588504508,0.349734322317624,0.175531924677078,-0.00393578943212229,56.9347417708149,62,1.96473306460697,0.920976266623162,0.313331655011917,0.150393168376696,-0.00439358468314529,NA,NA,NA,NA,NA,NA,NA,56.4500802652408,62,1.96399184920907,0.910265588504508,0.326485868030695,0.155985836435494,0.0567735158200331,57.6764237090942,56,1.96541129154075,0.910265588504508,0.34274888611291,0.166395482483749,0.626865814363603,56.1120333286765,54,1.96430800367958,0.910265588504508,0.325202932426817,0.167145512678465,-0.0358567370691432,NA,NA,NA,NA,NA,NA,NA,NA,NA,NA,NA,NA,NA,NA,NA,NA,NA,NA,NA,NA,NA,1.22634344385337,NA,-0.338046936564368,-1.56439038041773,5,57.6764237090942
"micro","ratio",2,50,2,1,2,0.5,2,0.5,0.1,3.53553390593274,1,1,1,0.1,0,0,0.5,200,FALSE,FALSE,2,2.06127627324935,0.944532499800243,0.336056483394652,0.181894134857329,0.232511529340833,57.694092326348,63,2.11855898640821,0.944532499800243,0.350345815012595,0.187946002151115,0.24928058268637,60.929363863411,64,2.12174754939235,1.0152431779189,0.314174423942905,0.163137162910957,0.248768680994767,NA,NA,NA,NA,NA,NA,NA,59.5607858528536,47,2.12068212395203,1.00453249980024,0.327631008936146,0.18541226569304,0.202556203766245,61.8304034732715,66,2.12267699649831,1.00453249980024,0.335857098142063,0.168863756172818,0.42519923062534,59.9278120513018,50,2.12050451686098,1.00453249980024,0.330467323595222,0.178146400443334,0.272553898541932,NA,NA,NA,NA,NA,NA,NA,NA,NA,NA,NA,NA,NA,NA,NA,NA,NA,NA,NA,NA,NA,2.2696176204179,NA,0.36702619844818,-1.90259142196972,5,61.8304034732715
"micro","ratio",3,50,2,1,2,0.5,2,0.5,0.1,3.53553390593274,1,1,1,0.1,0,0,0.5,200,FALSE,FALSE,2,1.53752841206599,1.01984547683742,0.239860391271244,0.141076593356744,-0.19934995009159,53.7763578585509,46,1.59080445901116,1.01984547683742,0.25629939947664,0.145520210165175,-0.178614359710208,56.6064324336413,57,1.59358443318756,1.09055615495607,0.220435015150527,0.124027648810592,-0.179709334756756,NA,NA,NA,NA,NA,NA,NA,55.8598125080151,59,1.59275252709046,1.07984547683742,0.237641353730115,0.137002734704331,-0.0977831657626857,56.8458160953314,41,1.59383783078387,1.07984547683742,0.233101383542149,0.125812844947092,-0.0429996877209898,55.8977434952724,61,1.59293169540307,1.07984547683742,0.236619429920912,0.138243546829407,-0.115146616746718,NA,NA,NA,NA,NA,NA,NA,NA,NA,NA,NA,NA,NA,NA,NA,NA,NA,NA,NA,NA,NA,0.986003587316262,NA,0.037930987257333,-0.948072600058929,5,56.8458160953314
"micro","ratio",4,50,2,1,2,0.5,2,0.5,0.1,3.53553390593274,1,1,1,0.1,0,0,0.5,200,FALSE,FALSE,2,2.39034344009879,0.991056631947482,0.341186277794374,0.205900748953546,-0.0508384757263068,59.3404397619747,61,2.44925296166627,0.991056631947482,0.355104032508267,0.211020292764356,-0.0432675751925536,62.6408605491765,60,2.4525089600204,1.06176731006614,0.322078144700615,0.187322326363142,-0.0435779099455461,NA,NA,NA,NA,NA,NA,NA,61.43634833217,65,2.45158702294939,1.05105663194748,0.335120099067174,0.205476111994995,-0.0611691478398703,64.04208817907,66,2.45390075702462,1.05105663194748,0.346500011663287,0.197948725795801,0.311360579218109,61.5709969001802,71,2.45124320981543,1.05105663194748,0.337791645206571,0.202579378887681,-0.0210148316222301,NA,NA,NA,NA,NA,NA,NA,NA,NA,NA,NA,NA,NA,NA,NA,NA,NA,NA,NA,NA,NA,2.60573984689995,NA,0.134648568010178,-2.47109127888977,5,64.04208817907
"micro","ratio",5,50,2,1,2,0.5,2,0.5,0.1,3.53553390593274,1,1,1,0.1,0,0,0.5,200,FALSE,FALSE,2,1.80548285108863,1.13763031335194,0.244649705898908,0.170203325281222,-0.148428782524158,58.6991881325182,52,1.86360410909166,1.13763031335194,0.260707626156261,0.173332647400417,-0.131308579284601,61.6001982821743,61,1.86645781422988,1.2083409914706,0.227436736125389,0.152416814255442,-0.132123137420526,NA,NA,NA,NA,NA,NA,NA,60.6734994582251,69,1.86597130029051,1.19763031335194,0.233839091639987,0.17081803287163,-0.177711290156372,62.4560770935044,68,1.86733626594885,1.19763031335194,0.243419958015303,0.153198789859456,0.033298204066795,60.629710751657,72,1.86557309418427,1.19763031335194,0.236220482440656,0.167570286246332,-0.153571410725416,NA,NA,NA,NA,NA,NA,NA,NA,NA,NA,NA,NA,NA,NA,NA,NA,NA,NA,NA,NA,NA,1.78257763527929,NA,-0.0437887065681579,-1.82636634184745,5,62.4560770935044
"micro","ratio",6,50,2,1,2,0.5,2,0.5,0.1,3.53553390593274,1,1,1,0.1,0,0,0.5,200,FALSE,FALSE,2,2.4101120769584,1.03032299878635,0.363807462191846,0.207805934097022,0.128410499057728,62.265050155937,62,2.4719483480498,1.03032299878635,0.377095227967091,0.213900086729715,0.142146886947255,65.6446945866608,70,2.4752838385949,1.101033676905,0.342719973374564,0.18880122580089,0.141751299103133,NA,NA,NA,NA,NA,NA,NA,64.7073688535153,63,2.4744295527577,1.09032299878635,0.353150190926194,0.205023539479456,0.138174520397226,66.6578701375366,68,2.47635494399749,1.09032299878635,0.36708111018863,0.199558218290307,0.332733180782275,64.0600830513345,60,2.47405131125052,1.09032299878635,0.351874558453957,0.213527761708627,0.0970103163187687,NA,NA,NA,NA,NA,NA,NA,NA,NA,NA,NA,NA,NA,NA,NA,NA,NA,NA,NA,NA,NA,1.95050128402134,NA,-0.647285802180846,-2.59778708620219,5,66.6578701375366
"micro","ratio",7,50,2,1,2,0.5,2,0.5,0.1,3.53553390593274,1,1,1,0.1,0,0,0.5,200,FALSE,FALSE,2,2.59309859427474,0.808439109092805,0.373079022325617,0.207996397639565,0.0435429128249972,53.755703624627,43,2.64655254028894,0.808439109092805,0.386585612693192,0.214473391302098,0.0474870076167764,57.1696486451696,68,2.64992135369627,0.87914978721146,0.351509120891185,0.190875918050177,0.0472798635108593,NA,NA,NA,NA,NA,NA,NA,55.9188342402823,62,2.648201768885,0.868439109092805,0.370989746207547,0.210891514517095,0.22859195346116,58.5372890426474,51,2.65139352521444,0.868439109092805,0.379373578139712,0.20329858641681,0.544577374972085,56.1645901667605,59,2.64869837724756,0.868439109092805,0.371865696248291,0.211157860549753,0.227824870488704,NA,NA,NA,NA,NA,NA,NA,NA,NA,NA,NA,NA,NA,NA,NA,NA,NA,NA,NA,NA,NA,2.61845480236508,NA,0.245755926478189,-2.37269887588689,5,58.5372890426474
"micro","ratio",1,50,2,1,2,2,2,2,0.1,14.142135623731,1,1,1,0.1,0,0,0.5,200,FALSE,FALSE,2,1.90819299407235,3.40106235401803,-0.288665662225233,0.144870163130143,-0.0114367022588526,111.855879605872,116,2.01786287078074,3.40106235401803,-0.262295375267542,0.129549960655759,-0.00555575162387209,115.843528250221,118,2.02165893184035,3.68390506649265,-0.301842120713483,0.147457796526497,-0.00629414926375247,NA,NA,NA,NA,NA,NA,NA,116.911171760659,127,2.02272761089371,3.68106235401803,-0.29734762816937,0.13861973734471,0.0891286861921546,120.066179229635,119,2.02565452670274,3.68106235401803,-0.289745167205887,0.126376662708604,0.541688121535818,116.545976725918,112,2.02290900704068,3.68106235401803,-0.297131075346873,0.143656893090162,0.0191989601091908,NA,NA,NA,NA,NA,NA,NA,NA,NA,NA,NA,NA,NA,NA,NA,NA,NA,NA,NA,NA,NA,3.15500746897584,NA,-0.365195034740978,-3.52020250371682,5,120.066179229635
"micro","ratio",2,50,2,1,2,2,2,2,0.1,14.142135623731,1,1,1,0.1,0,0,0.5,200,FALSE,FALSE,2,2.06127627324935,3.77812999920097,-0.275725970976549,0.158659021322074,0.232511529340833,119.07539631933,123,2.17800682276727,3.77812999920097,-0.250148849848134,0.14380358280054,0.250580801419039,123.328335130386,123,2.18207343019911,4.06097271167559,-0.289986494467209,0.159770897116826,0.249478768888393,NA,NA,NA,NA,NA,NA,NA,124.458022550172,107,2.18221468844028,4.05812999920097,-0.287154697602057,0.148747186395346,0.335201961504272,128.244486131007,136,2.18700620581169,4.05812999920097,-0.282493449104516,0.1338616685759,0.448122491600797,124.121321280515,113,2.18204759495286,4.05812999920097,-0.283547083719647,0.149283786520736,0.328252256563032,NA,NA,NA,NA,NA,NA,NA,NA,NA,NA,NA,NA,NA,NA,NA,NA,NA,NA,NA,NA,NA,3.78646358083495,NA,-0.336701269657297,-4.12316485049224,5,128.244486131007
"micro","ratio",3,50,2,1,2,2,2,2,0.1,14.142135623731,1,1,1,0.1,0,0,0.5,200,FALSE,FALSE,2,1.53752841206599,4.07938190734968,-0.372303487143805,0.199660913569273,-0.19934995009159,102.556506080645,90,1.637729003247,4.07938190734968,-0.34643662974921,0.181706738923008,-0.186239101771863,105.754635833744,109,1.64075473479739,4.3622246198243,-0.383275973648367,0.201143899042875,-0.187504732276116,NA,NA,NA,NA,NA,NA,NA,106.373338935321,116,1.64095126472745,4.35938190734968,-0.382591230995203,0.195380113000872,-0.106233513060099,107.622771070273,81,1.6425773123757,4.35938190734968,-0.38862715879641,0.193456951583606,-0.0888517020909068,106.456160984874,118,1.64102518317058,4.35938190734968,-0.384747948090451,0.196826666090447,-0.112861789165816,NA,NA,NA,NA,NA,NA,NA,NA,NA,NA,NA,NA,NA,NA,NA,NA,NA,NA,NA,NA,NA,1.24943213495209,NA,0.0828220495531724,-1.16661008539891,5,107.622771070273
"micro","ratio",4,50,2,1,2,2,2,2,0.1,14.142135623731,1,1,1,0.1,0,0,0.5,200,FALSE,FALSE,2,2.39034344009879,3.96422652778993,-0.256209268476752,0.169003940001164,-0.0508384757263068,124.568216022838,121,2.51256399091633,3.96422652778993,-0.231383914502169,0.155292863874723,-0.0439731943305011,129.173143210404,122,2.51698383233919,4.24706924026454,-0.268997674097374,0.168052696475484,-0.0445125234205351,NA,NA,NA,NA,NA,NA,NA,131.179865928325,137,2.51823349656797,4.24422652778993,-0.261112923207095,0.152980176177521,0.0534941823891771,137.505832198842,138,2.52518950157429,4.24422652778993,-0.256219650242574,0.137782188335478,0.331282840804363,129.533775756552,137,2.51775131291944,4.24422652778993,-0.263883207199916,0.167160112400924,-0.0215015764055457,NA,NA,NA,NA,NA,NA,NA,NA,NA,NA,NA,NA,NA,NA,NA,NA,NA,NA,NA,NA,NA,6.32596627051754,NA,-1.64609017177284,-7.97205644229038,5,137.505832198842
"micro","ratio",5,50,2,1,2,2,2,2,0.1,14.142135623731,1,1,1,0.1,0,0,0.5,200,FALSE,FALSE,2,1.80548285108863,4.55052125340778,-0.349750836812494,0.210681436478303,-0.148428782524158,113.104662093746,103,1.91607761674398,4.55052125340778,-0.324914123801281,0.19425430579423,-0.136060330319732,116.693863924254,124,1.91949636618575,4.8333639658824,-0.360390582023478,0.210110566275478,-0.13713756948795,NA,NA,NA,NA,NA,NA,NA,118.48781722403,136,1.9207847705599,4.83052125340778,-0.363321514634466,0.20165382419136,-0.059454581767944,120.880768577883,130,1.92341308533906,4.83052125340778,-0.359525261782924,0.188083878717579,0.0579098401422499,117.691919005246,135,1.91953923870524,4.83052125340778,-0.352115681837221,0.198204407921299,0.00206948174993433,NA,NA,NA,NA,NA,NA,NA,NA,NA,NA,NA,NA,NA,NA,NA,NA,NA,NA,NA,NA,NA,2.39295135385281,NA,-0.795898218783734,-3.18884957263654,5,120.880768577883
"micro","ratio",6,50,2,1,2,2,2,2,0.1,14.142135623731,1,1,1,0.1,0,0,0.5,200,FALSE,FALSE,2,2.4101120769584,4.12129199514538,-0.242105032425971,0.147978572276627,0.128410499057728,131.943740563694,142,2.53961228671197,4.12129199514538,-0.216840729607024,0.134779889864451,0.142690094289669,136.600545507522,140,2.54407701295775,4.40413470762,-0.255882158789809,0.14869303137108,0.141901909610745,NA,NA,NA,NA,NA,NA,NA,139.853037936846,135,2.54623040813666,4.40129199514538,-0.253501938926519,0.12745083564571,0.238601528360907,142.617648721976,147,2.55024636837685,4.40129199514538,-0.242818101258254,0.121009193113342,0.345261914571578,138.319166160378,133,2.54514841247192,4.40129199514538,-0.25244916577485,0.136081639853457,0.195001319888784,NA,NA,NA,NA,NA,NA,NA,NA,NA,NA,NA,NA,NA,NA,NA,NA,NA,NA,NA,NA,NA,2.76461078512966,NA,-1.533871776468,-4.29848256159767,5,142.617648721976
"micro","ratio",7,50,2,1,2,2,2,2,0.1,14.142135623731,1,1,1,0.1,0,0,0.5,200,FALSE,FALSE,2,2.59309859427474,3.23375643637122,-0.225556549084796,0.166318067440757,0.0435429128249972,119.360386088445,110,2.71045893061609,3.23375643637122,-0.200753757272799,0.152160120170121,0.0477356731274244,124.374992479579,140,2.7152913558316,3.51659914884584,-0.239441884271273,0.166356455842717,0.0472718482615446,NA,NA,NA,NA,NA,NA,NA,128.367446833738,131,2.71853329868231,3.51375643637122,-0.22813328580328,0.149964870293651,0.433235649691869,133.206972061175,132,2.72414239076878,3.51375643637122,-0.227248528290405,0.130255726836505,0.587048558440016,128.823652349459,140,2.71730460650771,3.51375643637122,-0.220131111057798,0.140364166257451,0.577033746194777,NA,NA,NA,NA,NA,NA,NA,NA,NA,NA,NA,NA,NA,NA,NA,NA,NA,NA,NA,NA,NA,4.83952522743743,NA,0.456205515720882,-4.38331971171655,5,133.206972061175
"micro","budget",1,50,2,1,2,1,2,1,0.01,0.707106781186548,1,1,1,0.1,0,0,0.5,200,FALSE,TRUE,2,1.90819299407235,1.70053117700902,0.0256156207789285,0.0697516890696932,-0.0114367022588526,81.3648508658689,87,1.98856932323355,1.70053117700902,0.0478609399720633,0.0686482541507563,-0.004011380683399,81.7708765542995,81,1.98896397274526,1.71467331263275,0.0435094148725141,0.067930978998776,-0.00408220223205987,NA,NA,NA,NA,NA,NA,NA,81.3648508658689,86,1.98856932323355,1.70053117700902,0.0478609399720633,0.0686482541507563,-0.004011380683399,81.3648508658689,77,1.98856932323355,1.70053117700902,0.0478609399720633,0.0686482541507563,-0.004011380683399,NA,NA,NA,NA,NA,NA,NA,NA,NA,NA,NA,NA,NA,NA,NA,NA,NA,NA,NA,NA,NA,NA,NA,NA,NA,NA,NA,NA,0,NA,NA,NA,2,81.7708765542995
"micro","budget",2,50,2,1,2,1,2,1,0.01,0.707106781186548,1,1,1,0.1,0,0,0.5,200,FALSE,TRUE,2,2.06127627324935,1.88906499960049,0.0322255617307355,0.0900067643575102,0.232511529340833,86.7788072469065,92,2.14695066928474,1.88906499960049,0.0540280673213556,0.0880910636900336,0.251438935529423,87.1962145067846,88,2.14735714523696,1.90320713522422,0.0496905378160616,0.0872972283749415,0.251351173863328,NA,NA,NA,NA,NA,NA,NA,86.7788072469065,71,2.14695066928474,1.88906499960049,0.0540280673213556,0.0880910636900336,0.251438935529423,86.7788072469065,93,2.14695066928474,1.88906499960049,0.0540280673213556,0.0880910636900336,0.251438935529423,NA,NA,NA,NA,NA,NA,NA,NA,NA,NA,NA,NA,NA,NA,NA,NA,NA,NA,NA,NA,NA,NA,NA,NA,NA,NA,NA,NA,0,NA,NA,NA,2,87.1962145067846
"micro","budget",3,50,2,1,2,1,2,1,0.01,0.707106781186548,1,1,1,0.1,0,0,0.5,200,FALSE,TRUE,2,1.53752841206599,2.03969095367484,-0.0715389717928736,0.0891119262405853,-0.19934995009159,77.8334169394636,72,1.61416013046063,2.03969095367484,-0.0481451338746949,0.0842424914057242,-0.181349550664998,78.1773318955951,81,1.61449306238783,2.05383308929857,-0.052313221132094,0.08389940227539,-0.181492483097528,NA,NA,NA,NA,NA,NA,NA,77.8334169394636,79,1.61416013046063,2.03969095367484,-0.0481451338746949,0.0842424914057242,-0.181349550664998,77.8334169394636,60,1.61416013046063,2.03969095367484,-0.0481451338746949,0.0842424914057242,-0.181349550664998,NA,NA,NA,NA,NA,NA,NA,NA,NA,NA,NA,NA,NA,NA,NA,NA,NA,NA,NA,NA,NA,NA,NA,NA,NA,NA,NA,NA,0,NA,NA,NA,2,78.1773318955951
"micro","budget",4,50,2,1,2,1,2,1,0.01,0.707106781186548,1,1,1,0.1,0,0,0.5,200,FALSE,TRUE,2,2.39034344009879,1.98211326389496,0.0458655273620747,0.112649006862804,-0.0508384757263068,89.7711493976323,88,2.47900240502781,1.98211326389496,0.0668259005724761,0.11084536172443,-0.0430223491721021,90.205888462807,87,2.47942662089918,1.99625539951869,0.0628200757869834,0.109908533330643,-0.0430705157890046,NA,NA,NA,NA,NA,NA,NA,89.7711493976323,89,2.47900240502781,1.98211326389496,0.0668259005724761,0.11084536172443,-0.0430223491721021,89.7711493976323,88,2.47900240502781,1.98211326389496,0.0668259005724761,0.11084536172443,-0.0430223491721021,NA,NA,NA,NA,NA,NA,NA,NA,NA,NA,NA,NA,NA,NA,NA,NA,NA,NA,NA,NA,NA,NA,NA,NA,NA,NA,NA,NA,0,NA,NA,NA,2,90.205888462807
"micro","budget",5,50,2,1,2,1,2,1,0.01,0.707106781186548,1,1,1,0.1,0,0,0.5,200,FALSE,TRUE,2,1.80548285108863,2.27526062670389,-0.0561664805911463,0.117678260444057,-0.148428782524158,85.0529888236739,78,1.88922126127612,2.27526062670389,-0.0338336794311565,0.112709950822039,-0.132573763019675,85.4173474139145,85,1.88957521463494,2.28940276232762,-0.0377516555345769,0.112172892753663,-0.132685915478167,NA,NA,NA,NA,NA,NA,NA,85.0529888236739,98,1.88922126127612,2.27526062670389,-0.0338336794311565,0.112709950822039,-0.132573763019675,85.0529888236739,91,1.88922126127612,2.27526062670389,-0.0338336794311565,0.112709950822039,-0.132573763019675,NA,NA,NA,NA,NA,NA,NA,NA,NA,NA,NA,NA,NA,NA,NA,NA,NA,NA,NA,NA,NA,NA,NA,NA,NA,NA,NA,NA,0,NA,NA,NA,2,85.4173474139145
"micro","budget",6,50,2,1,2,1,2,1,0.01,0.707106781186548,1,1,1,0.1,0,0,0.5,200,FALSE,TRUE,2,2.4101120769584,2.06064599757269,0.0663113078852691,0.0988894481716982,0.128410499057728,94.7719954194366,99,2.50375791428078,2.06064599757269,0.0871563139968857,0.0983945558349035,0.143427110356091,95.2165451756073,99,2.5041916575968,2.07478813319642,0.0829758889406623,0.0974387586584876,0.143363022556297,NA,NA,NA,NA,NA,NA,NA,94.7719954194366,91,2.50375791428078,2.06064599757269,0.0871563139968857,0.0983945558349035,0.143427110356091,94.7719954194366,98,2.50375791428078,2.06064599757269,0.0871563139968857,0.0983945558349035,0.143427110356091,NA,NA,NA,NA,NA,NA,NA,NA,NA,NA,NA,NA,NA,NA,NA,NA,NA,NA,NA,NA,NA,NA,NA,NA,NA,NA,NA,NA,0,NA,NA,NA,2,95.2165451756073
"micro","budget",7,50,2,1,2,1,2,1,0.01,0.707106781186548,1,1,1,0.1,0,0,0.5,200,FALSE,TRUE,2,2.59309859427474,1.61687821818561,0.0773642997614866,0.110009498298282,0.0435429128249972,83.5820705791898,76,2.67579278429102,1.61687821818561,0.09837163039441,0.108598329994708,0.047996889140044,84.0382480532667,95,2.67623831697651,1.63102035380934,0.0941858936085052,0.107862519862129,0.0479604225609972,NA,NA,NA,NA,NA,NA,NA,83.5820705791898,88,2.67579278429102,1.61687821818561,0.09837163039441,0.108598329994708,0.047996889140044,83.5820705791898,80,2.67579278429102,1.61687821818561,0.09837163039441,0.108598329994708,0.047996889140044,NA,NA,NA,NA,NA,NA,NA,NA,NA,NA,NA,NA,NA,NA,NA,NA,NA,NA,NA,NA,NA,NA,NA,NA,NA,NA,NA,NA,0,NA,NA,NA,2,84.0382480532667
"micro","budget",1,50,2,1,2,1,2,1,1,70.7106781186548,1,1,1,0.1,0,0,0.5,200,FALSE,FALSE,2,1.90819299407235,1.70053117700902,0.0256156207789285,0.0697516890696932,-0.0114367022588526,81.3648508658689,87,1.98856932323355,1.70053117700902,0.0478609399720633,0.0686482541507563,-0.004011380683399,110.53644947916,114,2.01664301347327,3.11474473938211,-0.253022209417863,0.112661077340675,-0.00839718807737644,NA,NA,NA,NA,NA,NA,NA,110.494611927831,124,2.0166616150241,3.10053117700902,-0.235812762314723,0.10251474550382,0.111372399274174,116.238150026017,116,2.0222418624866,3.10053117700902,-0.223594747208624,0.0763550766733056,0.834335653324192,NA,NA,NA,NA,NA,NA,NA,NA,NA,NA,NA,NA,NA,NA,NA,NA,NA,NA,NA,NA,NA,NA,NA,NA,NA,NA,NA,NA,5.74353809818602,NA,NA,NA,5,116.238150026017
"micro","budget",2,50,2,1,2,1,2,1,1,70.7106781186548,1,1,1,0.1,0,0,0.5,200,FALSE,FALSE,2,2.06127627324935,1.88906499960049,0.0322255617307355,0.0900067643575102,0.232511529340833,86.7788072469065,92,2.14695066928474,1.88906499960049,0.0540280673213556,0.0880910636900336,0.251438935529423,117.056175544922,117,2.17616815816513,3.30327856197358,-0.243935264496971,0.124716108254168,0.245207730324038,NA,NA,NA,NA,NA,NA,NA,118.831025484786,105,2.17737164842677,3.28906499960049,-0.228508025246658,0.106892627660369,0.489529098816166,123.710941741908,129,2.18337813573239,3.28906499960049,-0.208643969441404,0.0827491379319625,0.726717455781076,NA,NA,NA,NA,NA,NA,NA,NA,NA,NA,NA,NA,NA,NA,NA,NA,NA,NA,NA,NA,NA,NA,NA,NA,NA,NA,NA,NA,4.87991625712208,NA,NA,NA,5,123.710941741908
"micro","budget",3,50,2,1,2,1,2,1,1,70.7106781186548,1,1,1,0.1,0,0,0.5,200,FALSE,FALSE,2,1.53752841206599,2.03969095367484,-0.0715389717928736,0.0891119262405853,-0.19934995009159,77.8334169394636,72,1.61416013046063,2.03969095367484,-0.0481451338746949,0.0842424914057242,-0.181349550664998,101.868772572938,105,1.63716206855195,3.45390451604794,-0.333329337389348,0.152228325624162,-0.189953211314024,NA,NA,NA,NA,NA,NA,NA,102.340520952647,113,1.6373953082645,3.43969095367484,-0.330680282826207,0.14737658496795,-0.0441230757694946,103.737599162907,79,1.63884993890258,3.43969095367484,-0.334132518620224,0.140929182282632,0.107680580577399,NA,NA,NA,NA,NA,NA,NA,NA,NA,NA,NA,NA,NA,NA,NA,NA,NA,NA,NA,NA,NA,NA,NA,NA,NA,NA,NA,NA,1.39707821026019,NA,NA,NA,5,103.737599162907
"micro","budget",4,50,2,1,2,1,2,1,1,70.7106781186548,1,1,1,0.1,0,0,0.5,200,FALSE,FALSE,2,2.39034344009879,1.98211326389496,0.0458655273620747,0.112649006862804,-0.0508384757263068,89.7711493976323,88,2.47900240502781,1.98211326389496,0.0668259005724761,0.11084536172443,-0.0430223491721021,122.163257264169,114,2.51035259288567,3.39632682626806,-0.214809149490618,0.128973592431417,-0.0461943405803267,NA,NA,NA,NA,NA,NA,NA,122.474408506844,131,2.50987473126746,3.38211326389496,-0.195366959469306,0.117620475324096,0.0951283207555796,134.24831176632,138,2.52221965339049,3.38211326389496,-0.165567110064818,0.0769262008076167,0.8153047371773,NA,NA,NA,NA,NA,NA,NA,NA,NA,NA,NA,NA,NA,NA,NA,NA,NA,NA,NA,NA,NA,NA,NA,NA,NA,NA,NA,NA,11.7739032594758,NA,NA,NA,5,134.24831176632
"micro","budget",5,50,2,1,2,1,2,1,1,70.7106781186548,1,1,1,0.1,0,0,0.5,200,FALSE,FALSE,2,1.80548285108863,2.27526062670389,-0.0561664805911463,0.117678260444057,-0.148428782524158,85.0529888236739,78,1.88922126127612,2.27526062670389,-0.0338336794311565,0.112709950822039,-0.132573763019675,111.328037941163,115,1.9144958652252,3.68947418907698,-0.305198721697874,0.159139688796766,-0.139634471295825,NA,NA,NA,NA,NA,NA,NA,113.39522809568,131,1.91610260164913,3.67526062670389,-0.307778468609286,0.148067655354891,0.0250588682185563,117.412513575293,126,1.92048319712752,3.67526062670389,-0.296492821785018,0.124951043206907,0.5011677429079,NA,NA,NA,NA,NA,NA,NA,NA,NA,NA,NA,NA,NA,NA,NA,NA,NA,NA,NA,NA,NA,NA,NA,NA,NA,NA,NA,NA,4.01728547961336,NA,NA,NA,5,117.412513575293
"micro","budget",6,50,2,1,2,1,2,1,1,70.7106781186548,1,1,1,0.1,0,0,0.5,200,FALSE,FALSE,2,2.4101120769584,2.06064599757269,0.0663113078852691,0.0988894481716982,0.128410499057728,94.7719954194366,99,2.50375791428078,2.06064599757269,0.0871563139968857,0.0983945558349035,0.143427110356091,127.787127770702,132,2.53570715613706,3.47485955994579,-0.203355981093279,0.118230268159969,0.138934448288547,NA,NA,NA,NA,NA,NA,NA,129.400299641086,126,2.5358424367305,3.46064599757269,-0.199894609798985,0.102668651418375,0.296168008572498,137.658236057992,144,2.54551257355815,3.46064599757269,-0.140848556673092,0.0562463182317,0.76278851819297,NA,NA,NA,NA,NA,NA,NA,NA,NA,NA,NA,NA,NA,NA,NA,NA,NA,NA,NA,NA,NA,NA,NA,NA,NA,NA,NA,NA,8.25793641690555,NA,NA,NA,5,137.658236057992
"micro","budget",7,50,2,1,2,1,2,1,1,70.7106781186548,1,1,1,0.1,0,0,0.5,200,FALSE,FALSE,2,2.59309859427474,1.61687821818561,0.0773642997614866,0.110009498298282,0.0435429128249972,83.5820705791898,76,2.67579278429102,1.61687821818561,0.09837163039441,0.108598329994708,0.047996889140044,117.950677774685,134,2.70913344152533,3.0310917805587,-0.193304190661118,0.138226919526322,0.045534529539987,NA,NA,NA,NA,NA,NA,NA,120.98343569035,124,2.71067074856096,3.01687821818561,-0.172251158613174,0.119276067992215,0.561689958485022,137.677249193452,138,2.72858286932784,3.01687821818561,-0.0690497873936282,0.0354783055806469,0.962391866157235,NA,NA,NA,NA,NA,NA,NA,NA,NA,NA,NA,NA,NA,NA,NA,NA,NA,NA,NA,NA,NA,NA,NA,NA,NA,NA,NA,NA,16.6938135031025,NA,NA,NA,5,137.677249193452
"micro","tau_k",1,50,2,1,2,1,2,1,0.1,7.07106781186548,0.1,1,1,0.1,0,0,0.5,200,TRUE,FALSE,2,1.90819299407235,1.70053117700902,0.0256156207789285,0.0697516890696932,-0.0114367022588526,81.3648508658689,87,1.98856932323355,1.70053117700902,0.0478609399720633,0.0686482541507563,-0.004011380683399,NA,NA,NA,NA,NA,NA,NA,NA,NA,NA,NA,NA,NA,NA,86.0788787341636,91,1.99309299620787,1.84053117700902,0.0125135735574204,0.0564998837229566,0.0843783142835373,88.7111185207377,85,1.99583085721711,1.84053117700902,0.0213819747675443,0.0460612425826353,0.516542273081657,NA,NA,NA,NA,NA,NA,NA,NA,NA,NA,NA,NA,NA,NA,NA,NA,NA,NA,NA,NA,NA,NA,NA,NA,NA,NA,NA,NA,2.6322397865741,NA,NA,NA,5,88.7111185207377
"micro","tau_k",2,50,2,1,2,1,2,1,0.1,7.07106781186548,0.1,1,1,0.1,0,0,0.5,200,TRUE,FALSE,2,2.06127627324935,1.88906499960049,0.0322255617307355,0.0900067643575102,0.232511529340833,86.7788072469065,92,2.14695066928474,1.88906499960049,0.0540280673213556,0.0880910636900336,0.251438935529423,NA,NA,NA,NA,NA,NA,NA,NA,NA,NA,NA,NA,NA,NA,90.4700682956671,74,2.14996720518831,2.02906499960049,0.0205820690839727,0.083178595458284,0.281375686008435,93.8476488808009,102,2.15444692421595,2.02906499960049,0.0340745501913008,0.0706882871244597,0.468295312525886,NA,NA,NA,NA,NA,NA,NA,NA,NA,NA,NA,NA,NA,NA,NA,NA,NA,NA,NA,NA,NA,NA,NA,NA,NA,NA,NA,NA,3.3775805851338,NA,NA,NA,5,93.8476488808009
"micro","tau_k",3,50,2,1,2,1,2,1,0.1,7.07106781186548,0.1,1,1,0.1,0,0,0.5,200,TRUE,FALSE,2,1.53752841206599,2.03969095367484,-0.0715389717928736,0.0891119262405853,-0.19934995009159,77.8334169394636,72,1.61416013046063,2.03969095367484,-0.0481451338746949,0.0842424914057242,-0.181349550664998,NA,NA,NA,NA,NA,NA,NA,NA,NA,NA,NA,NA,NA,NA,80.9529261599319,83,1.6172674101425,2.17969095367484,-0.0831420461858177,0.0875822929073957,-0.165461525721306,82.9701644873446,62,1.6191564566573,2.17969095367484,-0.0809455866908736,0.0686988253819092,0.0245843322029672,NA,NA,NA,NA,NA,NA,NA,NA,NA,NA,NA,NA,NA,NA,NA,NA,NA,NA,NA,NA,NA,NA,NA,NA,NA,NA,NA,NA,2.01723832741274,NA,NA,NA,5,82.9701644873446
"micro","tau_k",4,50,2,1,2,1,2,1,0.1,7.07106781186548,0.1,1,1,0.1,0,0,0.5,200,TRUE,FALSE,2,2.39034344009879,1.98211326389496,0.0458655273620747,0.112649006862804,-0.0508384757263068,89.7711493976323,88,2.47900240502781,1.98211326389496,0.0668259005724761,0.11084536172443,-0.0430223491721021,NA,NA,NA,NA,NA,NA,NA,NA,NA,NA,NA,NA,NA,NA,94.8828186471304,96,2.4838680357725,2.12211326389496,0.0379630814043578,0.100759622266365,0.0110744894041836,98.385792746178,98,2.48784294339705,2.12211326389496,0.0477288891523448,0.0912344855536166,0.263877636945936,NA,NA,NA,NA,NA,NA,NA,NA,NA,NA,NA,NA,NA,NA,NA,NA,NA,NA,NA,NA,NA,NA,NA,NA,NA,NA,NA,NA,3.50297409904755,NA,NA,NA,5,98.385792746178
"micro","tau_k",5,50,2,1,2,1,2,1,0.1,7.07106781186548,0.1,1,1,0.1,0,0,0.5,200,TRUE,FALSE,2,1.80548285108863,2.27526062670389,-0.0561664805911463,0.117678260444057,-0.148428782524158,85.0529888236739,78,1.88922126127612,2.27526062670389,-0.0338336794311565,0.112709950822039,-0.132573763019675,NA,NA,NA,NA,NA,NA,NA,NA,NA,NA,NA,NA,NA,NA,88.5616241406407,103,1.89260463952049,2.41526062670389,-0.0648770167692374,0.112377951416906,-0.111952589021654,91.428161574673,98,1.89551744549348,2.41526062670389,-0.0626422514208698,0.0912373756316982,0.0486015159066442,NA,NA,NA,NA,NA,NA,NA,NA,NA,NA,NA,NA,NA,NA,NA,NA,NA,NA,NA,NA,NA,NA,NA,NA,NA,NA,NA,NA,2.86653743403231,NA,NA,NA,5,91.428161574673
"micro","tau_k",6,50,2,1,2,1,2,1,0.1,7.07106781186548,0.1,1,1,0.1,0,0,0.5,200,TRUE,FALSE,2,2.4101120769584,2.06064599757269,0.0663113078852691,0.0988894481716982,0.128410499057728,94.7719954194366,99,2.50375791428078,2.06064599757269,0.0871563139968857,0.0983945558349035,0.143427110356091,NA,NA,NA,NA,NA,NA,NA,NA,NA,NA,NA,NA,NA,NA,99.4930377110861,99,2.50773286609846,2.20064599757269,0.0546110531442359,0.0882777487767083,0.187364899887568,102.373059676513,106,2.51132972000017,2.20064599757269,0.0652797534287107,0.077335673618402,0.31084555739858,NA,NA,NA,NA,NA,NA,NA,NA,NA,NA,NA,NA,NA,NA,NA,NA,NA,NA,NA,NA,NA,NA,NA,NA,NA,NA,NA,NA,2.88002196542661,NA,NA,NA,5,102.373059676513
"micro","tau_k",7,50,2,1,2,1,2,1,0.1,7.07106781186548,0.1,1,1,0.1,0,0,0.5,200,TRUE,FALSE,2,2.59309859427474,1.61687821818561,0.0773642997614866,0.110009498298282,0.0435429128249972,83.5820705791898,76,2.67579278429102,1.61687821818561,0.09837163039441,0.108598329994708,0.047996889140044,NA,NA,NA,NA,NA,NA,NA,NA,NA,NA,NA,NA,NA,NA,88.6229278320938,94,2.68007950098744,1.75687821818561,0.0751258819684361,0.104259944729127,0.3162323878425,92.9969957487301,91,2.68509710747175,1.75687821818561,0.080796755281696,0.0857796894079411,0.595786847657432,NA,NA,NA,NA,NA,NA,NA,NA,NA,NA,NA,NA,NA,NA,NA,NA,NA,NA,NA,NA,NA,NA,NA,NA,NA,NA,NA,NA,4.37406791663626,NA,NA,NA,5,92.9969957487301
"micro","tau_k",1,50,2,1,2,1,2,1,0.1,7.07106781186548,10,1,1,0.1,0,0,0.5,200,FALSE,FALSE,2,1.90819299407235,1.70053117700902,0.0256156207789285,0.0697516890696932,-0.0114367022588526,81.3648508658689,87,1.98856932323355,1.70053117700902,0.0478609399720633,0.0686482541507563,-0.004011380683399,NA,NA,NA,NA,NA,NA,NA,NA,NA,NA,NA,NA,NA,NA,86.0788787341636,91,1.99309299620787,1.84053117700902,0.0125135735574204,0.0564998837229566,0.0843783142835373,85.7573488067884,79,1.99275864099669,1.84053117700902,0.0137327923925189,0.0577727374445205,0.0661080138935283,NA,NA,NA,NA,NA,NA,NA,NA,NA,NA,NA,NA,NA,NA,NA,NA,NA,NA,NA,NA,NA,NA,NA,NA,NA,NA,NA,NA,-0.321529927375195,NA,NA,NA,4,86.0788787341636
"micro","tau_k",2,50,2,1,2,1,2,1,0.1,7.07106781186548,10,1,1,0.1,0,0,0.5,200,FALSE,FALSE,2,2.06127627324935,1.88906499960049,0.0322255617307355,0.0900067643575102,0.232511529340833,86.7788072469065,92,2.14695066928474,1.88906499960049,0.0540280673213556,0.0880910636900336,0.251438935529423,NA,NA,NA,NA,NA,NA,NA,NA,NA,NA,NA,NA,NA,NA,90.4700682956671,74,2.14996720518831,2.02906499960049,0.0205820690839727,0.083178595458284,0.281375686008435,91.5293741106117,99,2.15139383632818,2.02906499960049,0.0260201737200188,0.0792202163513218,0.343119631865989,NA,NA,NA,NA,NA,NA,NA,NA,NA,NA,NA,NA,NA,NA,NA,NA,NA,NA,NA,NA,NA,NA,NA,NA,NA,NA,NA,NA,1.05930581494462,NA,NA,NA,5,91.5293741106117
"micro","tau_k",3,50,2,1,2,1,2,1,0.1,7.07106781186548,10,1,1,0.1,0,0,0.5,200,FALSE,FALSE,2,1.53752841206599,2.03969095367484,-0.0715389717928736,0.0891119262405853,-0.19934995009159,77.8334169394636,72,1.61416013046063,2.03969095367484,-0.0481451338746949,0.0842424914057242,-0.181349550664998,NA,NA,NA,NA,NA,NA,NA,NA,NA,NA,NA,NA,NA,NA,80.9529261599319,83,1.6172674101425,2.17969095367484,-0.0831420461858177,0.0875822929073957,-0.165461525721306,81.2721763608948,61,1.61720665559495,2.17969095367484,-0.0881178326405232,0.0816052185796477,-0.13972625097458,NA,NA,NA,NA,NA,NA,NA,NA,NA,NA,NA,NA,NA,NA,NA,NA,NA,NA,NA,NA,NA,NA,NA,NA,NA,NA,NA,NA,0.319250200962941,NA,NA,NA,5,81.2721763608948
"micro","tau_k",4,50,2,1,2,1,2,1,0.1,7.07106781186548,10,1,1,0.1,0,0,0.5,200,FALSE,FALSE,2,2.39034344009879,1.98211326389496,0.0458655273620747,0.112649006862804,-0.0508384757263068,89.7711493976323,88,2.47900240502781,1.98211326389496,0.0668259005724761,0.11084536172443,-0.0430223491721021,NA,NA,NA,NA,NA,NA,NA,NA,NA,NA,NA,NA,NA,NA,94.8828186471304,96,2.4838680357725,2.12211326389496,0.0379630814043578,0.100759622266365,0.0110744894041836,93.9085321107077,90,2.48262941368045,2.12211326389496,0.0317953032707989,0.103146318779034,-0.0261982794435622,NA,NA,NA,NA,NA,NA,NA,NA,NA,NA,NA,NA,NA,NA,NA,NA,NA,NA,NA,NA,NA,NA,NA,NA,NA,NA,NA,NA,-0.974286536422738,NA,NA,NA,4,94.8828186471304
"micro","tau_k",5,50,2,1,2,1,2,1,0.1,7.07106781186548,10,1,1,0.1,0,0,0.5,200,FALSE,FALSE,2,1.80548285108863,2.27526062670389,-0.0561664805911463,0.117678260444057,-0.148428782524158,85.0529888236739,78,1.88922126127612,2.27526062670389,-0.0338336794311565,0.112709950822039,-0.132573763019675,NA,NA,NA,NA,NA,NA,NA,NA,NA,NA,NA,NA,NA,NA,88.5616241406407,103,1.89260463952049,2.41526062670389,-0.0648770167692374,0.112377951416906,-0.111952589021654,88.6184483855849,95,1.89236948446557,2.41526062670389,-0.0732356225227675,0.1110907394572,-0.125282239007227,NA,NA,NA,NA,NA,NA,NA,NA,NA,NA,NA,NA,NA,NA,NA,NA,NA,NA,NA,NA,NA,NA,NA,NA,NA,NA,NA,NA,0.0568242449441669,NA,NA,NA,5,88.6184483855849
"micro","tau_k",6,50,2,1,2,1,2,1,0.1,7.07106781186548,10,1,1,0.1,0,0,0.5,200,FALSE,FALSE,2,2.4101120769584,2.06064599757269,0.0663113078852691,0.0988894481716982,0.128410499057728,94.7719954194366,99,2.50375791428078,2.06064599757269,0.0871563139968857,0.0983945558349035,0.143427110356091,NA,NA,NA,NA,NA,NA,NA,NA,NA,NA,NA,NA,NA,NA,99.4930377110861,99,2.50773286609846,2.20064599757269,0.0546110531442359,0.0882777487767083,0.187364899887568,99.2614089948461,103,2.5081759553351,2.20064599757269,0.0537026027275806,0.0943305201637023,0.163517955846406,NA,NA,NA,NA,NA,NA,NA,NA,NA,NA,NA,NA,NA,NA,NA,NA,NA,NA,NA,NA,NA,NA,NA,NA,NA,NA,NA,NA,-0.231628716240039,NA,NA,NA,4,99.4930377110861
"micro","tau_k",7,50,2,1,2,1,2,1,0.1,7.07106781186548,10,1,1,0.1,0,0,0.5,200,FALSE,FALSE,2,2.59309859427474,1.61687821818561,0.0773642997614866,0.110009498298282,0.0435429128249972,83.5820705791898,76,2.67579278429102,1.61687821818561,0.09837163039441,0.108598329994708,0.047996889140044,NA,NA,NA,NA,NA,NA,NA,NA,NA,NA,NA,NA,NA,NA,88.6229278320938,94,2.68007950098744,1.75687821818561,0.0751258819684361,0.104259944729127,0.3162323878425,90.1247160898584,86,2.68159814058453,1.75687821818561,0.0741828166719662,0.0917026073159906,0.330068983514714,NA,NA,NA,NA,NA,NA,NA,NA,NA,NA,NA,NA,NA,NA,NA,NA,NA,NA,NA,NA,NA,NA,NA,NA,NA,NA,NA,NA,1.50178825776455,NA,NA,NA,5,90.1247160898584
"micro","tau_r",1,50,2,1,2,1,2,1,0.1,7.07106781186548,1,0.1,1,0.1,0,0,0.5,200,TRUE,FALSE,2,1.90819299407235,1.70053117700902,0.0256156207789285,0.0697516890696932,-0.0114367022588526,81.3648508658689,87,1.98856932323355,1.70053117700902,0.0478609399720633,0.0686482541507563,-0.004011380683399,NA,NA,NA,NA,NA,NA,NA,NA,NA,NA,NA,NA,NA,NA,86.0089903678107,93,1.99314648791573,1.84053117700902,0.00981049958266018,0.0580580383363179,0.0520563779085333,87.7220960291013,84,1.99404044381637,1.84053117700902,0.0210814806157102,0.0473770173685249,0.501727157777915,NA,NA,NA,NA,NA,NA,NA,NA,NA,NA,NA,NA,NA,NA,NA,NA,NA,NA,NA,NA,NA,NA,NA,NA,NA,NA,NA,NA,1.71310566129063,NA,NA,NA,5,87.7220960291013
"micro","tau_r",2,50,2,1,2,1,2,1,0.1,7.07106781186548,1,0.1,1,0.1,0,0,0.5,200,TRUE,FALSE,2,2.06127627324935,1.88906499960049,0.0322255617307355,0.0900067643575102,0.232511529340833,86.7788072469065,92,2.14695066928474,1.88906499960049,0.0540280673213556,0.0880910636900336,0.251438935529423,NA,NA,NA,NA,NA,NA,NA,NA,NA,NA,NA,NA,NA,NA,91.4518028254766,74,2.15135563972168,2.02906499960049,0.0161683780450595,0.0788833272382315,0.293853936400931,94.0688252381374,103,2.15419001762419,2.02906499960049,0.0288306328350498,0.0655584230682949,0.451821643790912,NA,NA,NA,NA,NA,NA,NA,NA,NA,NA,NA,NA,NA,NA,NA,NA,NA,NA,NA,NA,NA,NA,NA,NA,NA,NA,NA,NA,2.61702241266079,NA,NA,NA,5,94.0688252381374
"micro","tau_r",3,50,2,1,2,1,2,1,0.1,7.07106781186548,1,0.1,1,0.1,0,0,0.5,200,TRUE,FALSE,2,1.53752841206599,2.03969095367484,-0.0715389717928736,0.0891119262405853,-0.19934995009159,77.8334169394636,72,1.61416013046063,2.03969095367484,-0.0481451338746949,0.0842424914057242,-0.181349550664998,NA,NA,NA,NA,NA,NA,NA,NA,NA,NA,NA,NA,NA,NA,81.1691489707685,81,1.61730960845985,2.17969095367484,-0.0861030797338456,0.084296388721517,-0.161762912230074,82.4074833940434,62,1.61855549781075,2.17969095367484,-0.0864443920424193,0.0721609615734787,-0.0738463165943317,NA,NA,NA,NA,NA,NA,NA,NA,NA,NA,NA,NA,NA,NA,NA,NA,NA,NA,NA,NA,NA,NA,NA,NA,NA,NA,NA,NA,1.23833442327492,NA,NA,NA,5,82.4074833940434
"micro","tau_r",4,50,2,1,2,1,2,1,0.1,7.07106781186548,1,0.1,1,0.1,0,0,0.5,200,TRUE,FALSE,2,2.39034344009879,1.98211326389496,0.0458655273620747,0.112649006862804,-0.0508384757263068,89.7711493976323,88,2.47900240502781,1.98211326389496,0.0668259005724761,0.11084536172443,-0.0430223491721021,NA,NA,NA,NA,NA,NA,NA,NA,NA,NA,NA,NA,NA,NA,94.5058918574977,97,2.4829056853638,2.12211326389496,0.0315972013878253,0.0977816451608465,-0.0025405691262619,98.7429482542222,99,2.48784470425543,2.12211326389496,0.0488780363137978,0.0896715762570472,0.332517739539266,NA,NA,NA,NA,NA,NA,NA,NA,NA,NA,NA,NA,NA,NA,NA,NA,NA,NA,NA,NA,NA,NA,NA,NA,NA,NA,NA,NA,4.23705639672448,NA,NA,NA,5,98.7429482542222
"micro","tau_r",5,50,2,1,2,1,2,1,0.1,7.07106781186548,1,0.1,1,0.1,0,0,0.5,200,TRUE,FALSE,2,1.80548285108863,2.27526062670389,-0.0561664805911463,0.117678260444057,-0.148428782524158,85.0529888236739,78,1.88922126127612,2.27526062670389,-0.0338336794311565,0.112709950822039,-0.132573763019675,NA,NA,NA,NA,NA,NA,NA,NA,NA,NA,NA,NA,NA,NA,89.0720085656907,103,1.89309431396582,2.41526062670389,-0.0736224698181418,0.109956843077881,-0.117162286375633,91.5731587314402,96,1.89564605936148,2.41526062670389,-0.0640173222574369,0.090186360151055,0.0438388826459274,NA,NA,NA,NA,NA,NA,NA,NA,NA,NA,NA,NA,NA,NA,NA,NA,NA,NA,NA,NA,NA,NA,NA,NA,NA,NA,NA,NA,2.50115016574951,NA,NA,NA,5,91.5731587314402
"micro","tau_r",6,50,2,1,2,1,2,1,0.1,7.07106781186548,1,0.1,1,0.1,0,0,0.5,200,TRUE,FALSE,2,2.4101120769584,2.06064599757269,0.0663113078852691,0.0988894481716982,0.128410499057728,94.7719954194366,99,2.50375791428078,2.06064599757269,0.0871563139968857,0.0983945558349035,0.143427110356091,NA,NA,NA,NA,NA,NA,NA,NA,NA,NA,NA,NA,NA,NA,99.4891198266334,99,2.50745468218373,2.20064599757269,0.0528191681450078,0.0854760378742906,0.190462910638723,102.704548641556,107,2.51170971553252,2.20064599757269,0.0675216992051684,0.0781098314161016,0.345841212967758,NA,NA,NA,NA,NA,NA,NA,NA,NA,NA,NA,NA,NA,NA,NA,NA,NA,NA,NA,NA,NA,NA,NA,NA,NA,NA,NA,NA,3.21542881492233,NA,NA,NA,5,102.704548641556
"micro","tau_r",7,50,2,1,2,1,2,1,0.1,7.07106781186548,1,0.1,1,0.1,0,0,0.5,200,TRUE,FALSE,2,2.59309859427474,1.61687821818561,0.0773642997614866,0.110009498298282,0.0435429128249972,83.5820705791898,76,2.67579278429102,1.61687821818561,0.09837163039441,0.108598329994708,0.047996889140044,NA,NA,NA,NA,NA,NA,NA,NA,NA,NA,NA,NA,NA,NA,88.4257572163916,95,2.6803467344015,1.75687821818561,0.0639447345020511,0.10054938259273,0.100700879819522,93.0768368209602,90,2.6852630727946,1.75687821818561,0.0778341734119635,0.082464623466559,0.55689265137032,NA,NA,NA,NA,NA,NA,NA,NA,NA,NA,NA,NA,NA,NA,NA,NA,NA,NA,NA,NA,NA,NA,NA,NA,NA,NA,NA,NA,4.65107960456858,NA,NA,NA,5,93.0768368209602
"micro","tau_r",1,50,2,1,2,1,2,1,0.1,7.07106781186548,1,10,1,0.1,0,0,0.5,200,FALSE,FALSE,2,1.90819299407235,1.70053117700902,0.0256156207789285,0.0697516890696932,-0.0114367022588526,81.3648508658689,87,1.98856932323355,1.70053117700902,0.0478609399720633,0.0686482541507563,-0.004011380683399,NA,NA,NA,NA,NA,NA,NA,NA,NA,NA,NA,NA,NA,NA,85.4995525861873,92,1.99264491988062,1.84053117700902,0.0130371463103212,0.0613932689306299,0.026346815120004,87.7178005318791,83,1.99482811576621,1.84053117700902,0.0294778673034298,0.0583161088381524,0.575821662881531,NA,NA,NA,NA,NA,NA,NA,NA,NA,NA,NA,NA,NA,NA,NA,NA,NA,NA,NA,NA,NA,NA,NA,NA,NA,NA,NA,NA,2.21824794569181,NA,NA,NA,5,87.7178005318791
"micro","tau_r",2,50,2,1,2,1,2,1,0.1,7.07106781186548,1,10,1,0.1,0,0,0.5,200,FALSE,FALSE,2,2.06127627324935,1.88906499960049,0.0322255617307355,0.0900067643575102,0.232511529340833,86.7788072469065,92,2.14695066928474,1.88906499960049,0.0540280673213556,0.0880910636900336,0.251438935529423,NA,NA,NA,NA,NA,NA,NA,NA,NA,NA,NA,NA,NA,NA,89.9440527867932,76,2.15013998734618,2.02906499960049,0.0320681503528832,0.0901367616159558,0.263565767721933,93.3403364678896,103,2.15355379955579,2.02906499960049,0.0337373013411186,0.0710930927748586,0.463083708358785,NA,NA,NA,NA,NA,NA,NA,NA,NA,NA,NA,NA,NA,NA,NA,NA,NA,NA,NA,NA,NA,NA,NA,NA,NA,NA,NA,NA,3.39628368109646,NA,NA,NA,5,93.3403364678896
"micro","tau_r",3,50,2,1,2,1,2,1,0.1,7.07106781186548,1,10,1,0.1,0,0,0.5,200,FALSE,FALSE,2,1.53752841206599,2.03969095367484,-0.0715389717928736,0.0891119262405853,-0.19934995009159,77.8334169394636,72,1.61416013046063,2.03969095367484,-0.0481451338746949,0.0842424914057242,-0.181349550664998,NA,NA,NA,NA,NA,NA,NA,NA,NA,NA,NA,NA,NA,NA,79.9920397062687,80,1.61587445033712,2.17969095367484,-0.0778264653887053,0.090982997038901,-0.168135569143896,81.3158877075417,62,1.61754699878046,2.17969095367484,-0.0776587338182806,0.0788152243308522,-0.112742119210011,NA,NA,NA,NA,NA,NA,NA,NA,NA,NA,NA,NA,NA,NA,NA,NA,NA,NA,NA,NA,NA,NA,NA,NA,NA,NA,NA,NA,1.32384800127302,NA,NA,NA,5,81.3158877075417
"micro","tau_r",4,50,2,1,2,1,2,1,0.1,7.07106781186548,1,10,1,0.1,0,0,0.5,200,FALSE,FALSE,2,2.39034344009879,1.98211326389496,0.0458655273620747,0.112649006862804,-0.0508384757263068,89.7711493976323,88,2.47900240502781,1.98211326389496,0.0668259005724761,0.11084536172443,-0.0430223491721021,NA,NA,NA,NA,NA,NA,NA,NA,NA,NA,NA,NA,NA,NA,95.2574930735533,96,2.48423260506324,2.12211326389496,0.0414246980618687,0.0976786797360055,0.0338120088718309,98.7596158595107,98,2.48800455363277,2.12211326389496,0.0490087138835188,0.0904095874012634,0.327309023526016,NA,NA,NA,NA,NA,NA,NA,NA,NA,NA,NA,NA,NA,NA,NA,NA,NA,NA,NA,NA,NA,NA,NA,NA,NA,NA,NA,NA,3.5021227859574,NA,NA,NA,5,98.7596158595107
"micro","tau_r",5,50,2,1,2,1,2,1,0.1,7.07106781186548,1,10,1,0.1,0,0,0.5,200,FALSE,FALSE,2,1.80548285108863,2.27526062670389,-0.0561664805911463,0.117678260444057,-0.148428782524158,85.0529888236739,78,1.88922126127612,2.27526062670389,-0.0338336794311565,0.112709950822039,-0.132573763019675,NA,NA,NA,NA,NA,NA,NA,NA,NA,NA,NA,NA,NA,NA,87.4627079445268,100,1.89169085385573,2.41526062670389,-0.0588218204490457,0.117202236872146,-0.145076271286147,91.0520798636879,95,1.89512029921052,2.41526062670389,-0.0615105224949033,0.0943235882650939,0.0418095919664851,NA,NA,NA,NA,NA,NA,NA,NA,NA,NA,NA,NA,NA,NA,NA,NA,NA,NA,NA,NA,NA,NA,NA,NA,NA,NA,NA,NA,3.58937191916114,NA,NA,NA,5,91.0520798636879
"micro","tau_r",6,50,2,1,2,1,2,1,0.1,7.07106781186548,1,10,1,0.1,0,0,0.5,200,FALSE,FALSE,2,2.4101120769584,2.06064599757269,0.0663113078852691,0.0988894481716982,0.128410499057728,94.7719954194366,99,2.50375791428078,2.06064599757269,0.0871563139968857,0.0983945558349035,0.143427110356091,NA,NA,NA,NA,NA,NA,NA,NA,NA,NA,NA,NA,NA,NA,99.4311749211688,99,2.50814259377043,2.20064599757269,0.0591107698503332,0.0900730870216919,0.193633384279405,101.839940869131,107,2.51065640974689,2.20064599757269,0.0696510396163838,0.0824309252532373,0.333398749843404,NA,NA,NA,NA,NA,NA,NA,NA,NA,NA,NA,NA,NA,NA,NA,NA,NA,NA,NA,NA,NA,NA,NA,NA,NA,NA,NA,NA,2.40876594796187,NA,NA,NA,5,101.839940869131
"micro","tau_r",7,50,2,1,2,1,2,1,0.1,7.07106781186548,1,10,1,0.1,0,0,0.5,200,FALSE,FALSE,2,2.59309859427474,1.61687821818561,0.0773642997614866,0.110009498298282,0.0435429128249972,83.5820705791898,76,2.67579278429102,1.61687821818561,0.09837163039441,0.108598329994708,0.047996889140044,NA,NA,NA,NA,NA,NA,NA,NA,NA,NA,NA,NA,NA,NA,88.3903550142289,93,2.67937421927626,1.75687821818561,0.0750080306534323,0.101806087062042,0.324084142399321,93.0687980647153,91,2.68523454274598,1.75687821818561,0.0808015947595428,0.0857639655466167,0.597033455960621,NA,NA,NA,NA,NA,NA,NA,NA,NA,NA,NA,NA,NA,NA,NA,NA,NA,NA,NA,NA,NA,NA,NA,NA,NA,NA,NA,NA,4.67844305048639,NA,NA,NA,5,93.0687980647153
"micro","x_seed",1,50,2,1,2,1,2,1,0.1,7.07106781186548,1,1,1,0.1,0,0,0.1,200,FALSE,FALSE,2,1.90819299407235,1.70053117700902,0.0256156207789285,0.0697516890696932,-0.0114367022588526,81.3648508658689,87,1.98856932323355,1.70053117700902,0.0478609399720633,0.0686482541507563,-0.004011380683399,85.281257657495,83,1.9923715568303,1.84195253324632,0.00608300881571207,0.0634479522598319,-0.00468318271724628,NA,NA,NA,NA,NA,NA,NA,86.0788787341636,91,1.99309299620787,1.84053117700902,0.0125135735574204,0.0564998837229566,0.0843783142835373,NA,NA,NA,NA,NA,NA,NA,85.4544049644673,82,1.99300963020899,1.84053117700902,0.00970724282388856,0.0674085242297359,-0.0170343952737313,NA,NA,NA,NA,NA,NA,NA,NA,NA,NA,NA,NA,NA,NA,NA,NA,NA,NA,NA,NA,NA,NA,NA,-0.624473769696266,NA,4,86.0788787341636
"micro","x_seed",2,50,2,1,2,1,2,1,0.1,7.07106781186548,1,1,1,0.1,0,0,0.1,200,FALSE,FALSE,2,2.06127627324935,1.88906499960049,0.0322255617307355,0.0900067643575102,0.232511529340833,86.7788072469065,92,2.14695066928474,1.88906499960049,0.0540280673213556,0.0880910636900336,0.251438935529423,90.8083768381396,91,2.15087050125174,2.0304863558378,0.0124288436926582,0.0821520430921247,0.250593268252807,NA,NA,NA,NA,NA,NA,NA,90.4700682956671,74,2.14996720518831,2.02906499960049,0.0205820690839727,0.083178595458284,0.281375686008435,NA,NA,NA,NA,NA,NA,NA,91.1591362560536,83,2.15074336483577,2.02906499960049,0.0246439776930186,0.0773398023231393,0.319017014847868,NA,NA,NA,NA,NA,NA,NA,NA,NA,NA,NA,NA,NA,NA,NA,NA,NA,NA,NA,NA,NA,NA,NA,0.689067960386566,NA,6,91.1591362560536
"micro","x_seed",3,50,2,1,2,1,2,1,0.1,7.07106781186548,1,1,1,0.1,0,0,0.1,200,FALSE,FALSE,2,1.53752841206599,2.03969095367484,-0.0715389717928736,0.0891119262405853,-0.19934995009159,77.8334169394636,72,1.61416013046063,2.03969095367484,-0.0481451338746949,0.0842424914057242,-0.181349550664998,81.140398756842,84,1.61735719418958,2.18111230991215,-0.0881105777203933,0.0826287988920986,-0.1826999350858,NA,NA,NA,NA,NA,NA,NA,80.9529261599319,83,1.6172674101425,2.17969095367484,-0.0831420461858177,0.0875822929073957,-0.165461525721306,NA,NA,NA,NA,NA,NA,NA,80.8581107122504,86,1.61728129349866,2.17969095367484,-0.0792905958639968,0.0896422721179334,-0.156595861246054,NA,NA,NA,NA,NA,NA,NA,NA,NA,NA,NA,NA,NA,NA,NA,NA,NA,NA,NA,NA,NA,NA,NA,-0.094815447681512,NA,2,81.140398756842
"micro","x_seed",4,50,2,1,2,1,2,1,0.1,7.07106781186548,1,1,1,0.1,0,0,0.1,200,FALSE,FALSE,2,2.39034344009879,1.98211326389496,0.0458655273620747,0.112649006862804,-0.0508384757263068,89.7711493976323,88,2.47900240502781,1.98211326389496,0.0668259005724761,0.11084536172443,-0.0430223491721021,93.9815112722754,91,2.48310691814182,2.12353462013227,0.0282958660696346,0.103325781031074,-0.0434824408468368,NA,NA,NA,NA,NA,NA,NA,94.8828186471304,96,2.4838680357725,2.12211326389496,0.0379630814043578,0.100759622266365,0.0110744894041836,NA,NA,NA,NA,NA,NA,NA,93.3091700551756,101,2.48277586239655,2.12211326389496,0.041206268958132,0.113027428767804,-0.0318211564480554,NA,NA,NA,NA,NA,NA,NA,NA,NA,NA,NA,NA,NA,NA,NA,NA,NA,NA,NA,NA,NA,NA,NA,-1.57364859195485,NA,4,94.8828186471304
"micro","x_seed",5,50,2,1,2,1,2,1,0.1,7.07106781186548,1,1,1,0.1,0,0,0.1,200,FALSE,FALSE,2,1.80548285108863,2.27526062670389,-0.0561664805911463,0.117678260444057,-0.148428782524158,85.0529888236739,78,1.88922126127612,2.27526062670389,-0.0338336794311565,0.112709950822039,-0.132573763019675,88.5687737149371,89,1.8926327145559,2.4166819829412,-0.0714482471349818,0.109070293470227,-0.133639343140215,NA,NA,NA,NA,NA,NA,NA,88.5616241406407,103,1.89260463952049,2.41526062670389,-0.0648770167692374,0.112377951416906,-0.111952589021654,NA,NA,NA,NA,NA,NA,NA,88.2278506410647,107,1.89158012656193,2.41526062670389,-0.0652407698269562,0.111955634860569,-0.0853038329425804,NA,NA,NA,NA,NA,NA,NA,NA,NA,NA,NA,NA,NA,NA,NA,NA,NA,NA,NA,NA,NA,NA,NA,-0.333773499576054,NA,2,88.5687737149371
"micro","x_seed",6,50,2,1,2,1,2,1,0.1,7.07106781186548,1,1,1,0.1,0,0,0.1,200,FALSE,FALSE,2,2.4101120769584,2.06064599757269,0.0663113078852691,0.0988894481716982,0.128410499057728,94.7719954194366,99,2.50375791428078,2.06064599757269,0.0871563139968857,0.0983945558349035,0.143427110356091,99.0750125957279,102,2.5079522700891,2.20206735381,0.0470088684480249,0.0907779925523192,0.142810629505351,NA,NA,NA,NA,NA,NA,NA,99.4930377110861,99,2.50773286609846,2.20064599757269,0.0546110531442359,0.0882777487767083,0.187364899887568,NA,NA,NA,NA,NA,NA,NA,99.5632768539738,97,2.50839619916763,2.20064599757269,0.0535254164916858,0.0913152604744455,0.170705779495352,NA,NA,NA,NA,NA,NA,NA,NA,NA,NA,NA,NA,NA,NA,NA,NA,NA,NA,NA,NA,NA,NA,NA,0.0702391428876439,NA,6,99.5632768539738
"micro","x_seed",7,50,2,1,2,1,2,1,0.1,7.07106781186548,1,1,1,0.1,0,0,0.1,200,FALSE,FALSE,2,2.59309859427474,1.61687821818561,0.0773642997614866,0.110009498298282,0.0435429128249972,83.5820705791898,76,2.67579278429102,1.61687821818561,0.09837163039441,0.108598329994708,0.047996889140044,88.0045524697526,100,2.68010853705973,1.75829957442292,0.0581544938639241,0.102991591482768,0.0476477895171395,NA,NA,NA,NA,NA,NA,NA,88.6229278320938,94,2.68007950098744,1.75687821818561,0.0751258819684361,0.104259944729127,0.3162323878425,NA,NA,NA,NA,NA,NA,NA,88.63304787044,96,2.68003683903884,1.75687821818561,0.0712952748738328,0.0988090986981129,0.241225596759871,NA,NA,NA,NA,NA,NA,NA,NA,NA,NA,NA,NA,NA,NA,NA,NA,NA,NA,NA,NA,NA,NA,NA,0.010120038346173,NA,6,88.63304787044
"micro","x_seed",1,50,2,1,2,1,2,1,0.1,7.07106781186548,1,1,1,0.1,0,0,1,200,FALSE,FALSE,2,1.90819299407235,1.70053117700902,0.0256156207789285,0.0697516890696932,-0.0114367022588526,81.3648508658689,87,1.98856932323355,1.70053117700902,0.0478609399720633,0.0686482541507563,-0.004011380683399,85.281257657495,83,1.9923715568303,1.84195253324632,0.00608300881571207,0.0634479522598319,-0.00468318271724628,NA,NA,NA,NA,NA,NA,NA,86.0788787341636,91,1.99309299620787,1.84053117700902,0.0125135735574204,0.0564998837229566,0.0843783142835373,NA,NA,NA,NA,NA,NA,NA,85.3880734102644,80,1.9923715568303,1.84053117700902,0.0097943877707099,0.062886451255733,0.0192563417933823,NA,NA,NA,NA,NA,NA,NA,NA,NA,NA,NA,NA,NA,NA,NA,NA,NA,NA,NA,NA,NA,NA,NA,-0.690805323899198,NA,4,86.0788787341636
"micro","x_seed",2,50,2,1,2,1,2,1,0.1,7.07106781186548,1,1,1,0.1,0,0,1,200,FALSE,FALSE,2,2.06127627324935,1.88906499960049,0.0322255617307355,0.0900067643575102,0.232511529340833,86.7788072469065,92,2.14695066928474,1.88906499960049,0.0540280673213556,0.0880910636900336,0.251438935529423,90.8083768381396,91,2.15087050125174,2.0304863558378,0.0124288436926582,0.0821520430921247,0.250593268252807,NA,NA,NA,NA,NA,NA,NA,90.4700682956671,74,2.14996720518831,2.02906499960049,0.0205820690839727,0.083178595458284,0.281375686008435,NA,NA,NA,NA,NA,NA,NA,90.9381967598914,81,2.15087050125174,2.02906499960049,0.0214268843406537,0.0809546941331412,0.276276497586622,NA,NA,NA,NA,NA,NA,NA,NA,NA,NA,NA,NA,NA,NA,NA,NA,NA,NA,NA,NA,NA,NA,NA,0.468128464224378,NA,6,90.9381967598914
"micro","x_seed",3,50,2,1,2,1,2,1,0.1,7.07106781186548,1,1,1,0.1,0,0,1,200,FALSE,FALSE,2,1.53752841206599,2.03969095367484,-0.0715389717928736,0.0891119262405853,-0.19934995009159,77.8334169394636,72,1.61416013046063,2.03969095367484,-0.0481451338746949,0.0842424914057242,-0.181349550664998,81.140398756842,84,1.61735719418958,2.18111230991215,-0.0881105777203933,0.0826287988920986,-0.1826999350858,NA,NA,NA,NA,NA,NA,NA,80.9529261599319,83,1.6172674101425,2.17969095367484,-0.0831420461858177,0.0875822929073957,-0.165461525721306,NA,NA,NA,NA,NA,NA,NA,80.9562025029935,87,1.61735719418958,2.17969095367484,-0.0819892120270495,0.088997407324201,-0.16488014398973,NA,NA,NA,NA,NA,NA,NA,NA,NA,NA,NA,NA,NA,NA,NA,NA,NA,NA,NA,NA,NA,NA,NA,0.00327634306161428,NA,2,81.140398756842
"micro","x_seed",4,50,2,1,2,1,2,1,0.1,7.07106781186548,1,1,1,0.1,0,0,1,200,FALSE,FALSE,2,2.39034344009879,1.98211326389496,0.0458655273620747,0.112649006862804,-0.0508384757263068,89.7711493976323,88,2.47900240502781,1.98211326389496,0.0668259005724761,0.11084536172443,-0.0430223491721021,93.9815112722754,91,2.48310691814182,2.12353462013227,0.0282958660696346,0.103325781031074,-0.0434824408468368,NA,NA,NA,NA,NA,NA,NA,94.8828186471304,96,2.4838680357725,2.12211326389496,0.0379630814043578,0.100759622266365,0.0110744894041836,NA,NA,NA,NA,NA,NA,NA,93.6082925267112,102,2.48310691814182,2.12211326389496,0.0376435738435147,0.11195029421929,-0.0329518231542912,NA,NA,NA,NA,NA,NA,NA,NA,NA,NA,NA,NA,NA,NA,NA,NA,NA,NA,NA,NA,NA,NA,NA,-1.2745261204192,NA,4,94.8828186471304
"micro","x_seed",5,50,2,1,2,1,2,1,0.1,7.07106781186548,1,1,1,0.1,0,0,1,200,FALSE,FALSE,2,1.80548285108863,2.27526062670389,-0.0561664805911463,0.117678260444057,-0.148428782524158,85.0529888236739,78,1.88922126127612,2.27526062670389,-0.0338336794311565,0.112709950822039,-0.132573763019675,88.5687737149371,89,1.8926327145559,2.4166819829412,-0.0714482471349818,0.109070293470227,-0.133639343140215,NA,NA,NA,NA,NA,NA,NA,88.5616241406407,103,1.89260463952049,2.41526062670389,-0.0648770167692374,0.112377951416906,-0.111952589021654,NA,NA,NA,NA,NA,NA,NA,88.7543727960897,107,1.8926327145559,2.41526062670389,-0.0651848977594013,0.112164021180913,-0.085607062306697,NA,NA,NA,NA,NA,NA,NA,NA,NA,NA,NA,NA,NA,NA,NA,NA,NA,NA,NA,NA,NA,NA,NA,0.192748655448952,NA,6,88.7543727960897
"micro","x_seed",6,50,2,1,2,1,2,1,0.1,7.07106781186548,1,1,1,0.1,0,0,1,200,FALSE,FALSE,2,2.4101120769584,2.06064599757269,0.0663113078852691,0.0988894481716982,0.128410499057728,94.7719954194366,99,2.50375791428078,2.06064599757269,0.0871563139968857,0.0983945558349035,0.143427110356091,99.0750125957279,102,2.5079522700891,2.20206735381,0.0470088684480249,0.0907779925523192,0.142810629505351,NA,NA,NA,NA,NA,NA,NA,99.4930377110861,99,2.50773286609846,2.20064599757269,0.0546110531442359,0.0882777487767083,0.187364899887568,NA,NA,NA,NA,NA,NA,NA,99.1334554443574,97,2.5079522700891,2.20064599757269,0.0523475744161034,0.094354488778245,0.157457031444849,NA,NA,NA,NA,NA,NA,NA,NA,NA,NA,NA,NA,NA,NA,NA,NA,NA,NA,NA,NA,NA,NA,NA,-0.359582266728765,NA,4,99.4930377110861
"micro","x_seed",7,50,2,1,2,1,2,1,0.1,7.07106781186548,1,1,1,0.1,0,0,1,200,FALSE,FALSE,2,2.59309859427474,1.61687821818561,0.0773642997614866,0.110009498298282,0.0435429128249972,83.5820705791898,76,2.67579278429102,1.61687821818561,0.09837163039441,0.108598329994708,0.047996889140044,88.0045524697526,100,2.68010853705973,1.75829957442292,0.0581544938639241,0.102991591482768,0.0476477895171395,NA,NA,NA,NA,NA,NA,NA,88.6229278320938,94,2.68007950098744,1.75687821818561,0.0751258819684361,0.104259944729127,0.3162323878425,NA,NA,NA,NA,NA,NA,NA,88.6790492820521,94,2.68010853705973,1.75687821818561,0.0715337792887816,0.0987693676190648,0.241181576577767,NA,NA,NA,NA,NA,NA,NA,NA,NA,NA,NA,NA,NA,NA,NA,NA,NA,NA,NA,NA,NA,NA,NA,0.056121449958269,NA,6,88.6790492820521
