"tau_k","epsilon","seed","out_S1","alpha_S1","out_S2","alpha_S2","out_S3","alpha_S3","out_S4","alpha_S4","out_S5","alpha_S5","out_S6","alpha_S6","out_S7","alpha_S7","out_S8","alpha_S8","out_S9","alpha_S9","fwd_vs_myo_P","fwd_vs_myo_PG","fwd_vs_myo_PS","signal_myo","signal_fwd","seed_myo","seed_fwd","optimal_vs_naive"
0.1,0.05,1,80.8762001017361,NA,102.944486107623,0.5,100.579795196235,0.5,103.941325383841,0.5,110.313359997985,0.5,103.284978518592,0.5,103.225887243673,0.5,109.906249558042,0.55,103.481610459421,0.5,-0.715438140167549,-0.407110439942656,0.19663194082861,6.37203461414421,6.6803623143691,-0.656346865248807,0.255723215747352,9.32645436180697
0.1,0.05,2,86.2327020234782,NA,109.102028565489,0.5,107.247752183403,0.5,109.31976904258,0.5,117.738683613433,0.5,110.111095354377,0.5,110.140117740226,0.5,117.497229837769,0.55,110.116287831793,0.5,0.82034869764594,-0.241453775663928,0.00519247741578965,8.41891457085325,7.35711209754338,0.791326311797121,-0.0238299084330293,10.2494776543666
0.1,0.05,3,77.2388420402395,NA,95.5016475073475,0.5,89.9771984803972,0.5,96.4391551197968,0.5,99.6378585078295,0.5,95.5025254078651,0.5,96.4701324272756,0.45,99.2427858049804,0.55,95.2693580577681,0.5,0.0309773074787358,-0.395072702849149,-0.233167350097006,3.1987033880327,2.77265337770481,-0.936629711931758,-1.2007743695075,9.26558732458314
0.1,0.05,4,89.2209948742652,NA,113.563590208087,0.5,114.171837755431,0.5,112.965811823327,0.5,127.649136894215,0.5,114.125526850539,0.5,113.101644940785,0.5,126.583839481324,0.6,113.563639421063,0.5,0.135833117458759,-1.06529741289172,-0.561887429475959,14.6833250708888,13.4821945405383,1.15971502721244,0.461994480277724,12.412001725893
0.1,0.05,5,84.402243412702,NA,104.255502580119,0.5,102.472791923406,0.5,105.854955342027,0.5,111.518454338027,0.5,106.248741700641,0.5,105.456044901274,0.5,111.260484498307,0.55,105.449180086018,0.5,-0.398910440753212,-0.257969839719664,-0.799561614623286,5.66349899600021,5.80443959703376,0.393786358614506,-0.00686481525556815,8.78769257490131
0.1,0.05,6,94.2149357834896,NA,119.036991118294,0.5,119.718709017242,0.5,121.682069686479,0.5,129.509713018672,0.5,120.154449739185,0.5,120.679505182034,0.5,128.778734342827,0.6,120.432000868861,0.5,-1.00256450444471,-0.730978675844597,0.277551129676056,7.82764333219336,8.09922916079347,-1.52761994729326,-0.247504313172499,9.06002532558487
0.1,0.05,7,83.1432460778453,NA,108.912600906294,0.5,108.325509879445,0.5,111.812659555466,0.5,127.493250964569,0.5,111.024871142831,0.5,111.568853577292,0.5,125.742466829088,0.7,112.311097902655,0.5,-0.243805978173995,-1.75078413548097,1.28622675982375,15.680591409103,14.173613251796,-0.787788412634427,0.742244325363316,17.4169569496424
0.1,0.05,8,78.9870813260794,NA,101.423096593152,0.5,100.19307770761,0.5,101.645364011443,0.5,109.993683012722,0.5,100.61779180512,0.5,101.391446696382,0.5,109.878913698551,0.55,101.097177800993,0.5,-0.253917315061244,-0.114769314170715,0.479385995872804,8.34831900127841,8.48746700216894,-1.02757220632375,-0.294268895389706,9.68583599094165
0.1,0.05,9,79.9172349458268,NA,104.59464932913,0.5,101.747522273535,0.5,107.690667498025,0.5,119.295474912124,0.5,105.957245168814,0.5,107.540178573499,0.5,118.366017682922,0.6,108.236145436058,0.5,-0.150488924525717,-0.929457229202015,2.27890026724378,11.6048074140991,10.8258391094228,-1.73342232921132,0.69596686255818,16.6184954093876
0.1,0.05,10,72.2159777452903,NA,93.071901686548,0.5,90.1810915141627,0.5,93.465394927294,0.5,96.5896286596403,0.5,93.3022856531301,0.5,93.1404940038805,0.5,96.6145620635016,0.5,93.6064683267701,0.5,-0.324900923413452,0.0249334038612687,0.304182673640028,3.12423373234631,3.47406805962103,-0.163109274163901,0.465974322889579,6.43347054933884
0.1,0.05,11,70.2987911402309,NA,90.0143303376112,0.5,85.1979622294876,0.5,89.6887727628844,0.5,92.7181789335926,0.5,89.3268168905104,0.5,89.558608590408,0.5,93.0414177306326,0.5,88.8379879895766,0.5,-0.130164172476356,0.32323879703992,-0.488828900933811,3.02940617070826,3.48280914022453,-0.361955872373983,-0.720620600831438,7.84345550114493
0.1,0.05,12,77.0726133508961,NA,97.6990954018201,0.5,94.8338171737927,0.5,98.861400910721,0.5,104.14439746808,0.5,98.4776198976154,0.5,99.075766681903,0.5,103.903086365753,0.55,98.8424627449294,0.5,0.214365771182074,-0.241311102326677,0.364842847313952,5.2829965573586,4.82731968384985,-0.383781013105519,-0.233303936973641,9.0692691919602
0.1,0.05,13,80.5024922217724,NA,101.868377157041,0.5,99.1135007694867,0.5,102.923520079241,0.5,107.706235915607,0.5,102.368421860081,0.5,103.268196615366,0.5,107.779690155323,0.5,102.780880768425,0.5,0.344676536124481,0.0734542397165967,0.412458908343567,4.78271583636541,4.51149353995753,-0.55509821916003,-0.487315846940945,8.66618938583676
0.1,0.05,14,82.4390598987508,NA,106.636483803232,0.5,102.715487590288,0.5,106.423074977131,0.5,113.493065956303,0.5,106.777320963642,0.5,106.572294145653,0.5,113.361151559043,0.55,106.502009785457,0.5,0.14921916852208,-0.131914397259806,-0.275311178185547,7.06999097917152,6.78885741338964,0.354245986511287,-0.0702843601963394,10.6456639687547
0.1,0.05,15,93.7423487076798,NA,113.033122599378,0.5,110.249027202997,0.5,113.694091783805,0.5,120.532626002091,0.5,113.694054717028,0.5,113.180329722785,0.5,120.577161852162,0.55,113.513708344106,0.5,-0.513762061019705,0.0445358500711421,-0.180346372921733,6.83853421828621,7.39683212937706,-3.70667771107946e-05,0.333378621320861,10.328134649165
0.1,0.05,16,85.7211560027588,NA,107.237325876592,0.5,102.955197955252,0.5,107.673290498362,0.5,114.520592331295,0.5,107.201096005461,0.5,107.034772485699,0.45,114.212380162483,0.55,107.71972814365,0.5,-0.638518012663013,-0.308212168811863,0.518632138188735,6.84730183293226,7.17760767678341,-0.47219449290148,0.684955657950269,11.2571822072311
0.1,0.05,17,79.583660613657,NA,103.609530635166,0.5,99.1792978989213,0.5,104.149936974621,0.5,110.369190167874,0.5,104.083244444324,0.5,103.988189834759,0.5,110.451083186118,0.5,103.708855937529,0.5,-0.161747139861575,0.0818930182442728,-0.374388506794844,6.21925319325305,6.4628933513589,-0.0666925302968338,-0.279333897230103,11.2717852871968
0.1,0.05,18,78.8403184356226,NA,99.1817944914993,0.5,97.7543879858915,0.5,100.825974881195,0.5,109.07704519895,0.5,100.61329209596,0.5,100.553405991716,0.5,108.636058928564,0.55,102.136735514575,0.5,-0.272568889478535,-0.440986270386048,1.52344341861509,8.2510703177548,8.08265293684728,-0.21268278523516,1.58332952285846,10.8816709426722
0.1,0.05,19,89.6943062734284,NA,109.12869645273,0.5,105.942820063092,0.5,110.195797268952,0.5,112.720998161597,0.5,109.870958407018,0.5,110.876233885379,0.5,112.606764896512,0.55,110.395425405493,0.5,0.680436616426945,-0.114233265085574,0.52446699847539,2.52520089264516,1.73053101113264,-0.324838861934595,-0.48080847988615,6.66394483341962
0.1,0.05,20,77.3480020129813,NA,99.3082920709933,0.5,97.241743693501,0.5,100.857644641224,0.5,110.465548542535,0.5,100.798082389641,0.5,100.628880182118,0.5,110.186757544049,0.55,99.3598399425721,0.5,-0.22876445910596,-0.27879099848596,-1.43824244706875,9.60790390131109,9.55787736193109,-0.0595622515829177,-1.2690402395457,12.9450138505479
0.1,0.05,21,89.1380992545682,NA,110.461173536994,0.5,108.297493321367,0.5,113.164522868335,0.5,120.847452010083,0.5,112.355640730488,0.5,111.675226627499,0.5,120.434451267595,0.55,112.804712409792,0.5,-1.48929624083615,-0.413000742487299,0.449071679304552,7.68292914174782,8.75922464009668,-0.808882137847021,1.12948578229368,12.1369579462278
0.1,0.05,22,79.3897746574638,NA,101.377821506122,0.5,103.526772323016,0.5,103.917925760758,0.5,118.528410055374,0.5,103.346853886378,0.5,104.250450946684,0.5,118.103948883743,0.6,102.711351160381,0.5,0.332525185925988,-0.424461171630242,-0.635502725996574,14.6104842946152,13.853497937059,-0.571071874380692,-1.53909978630325,14.5771765607275
0.1,0.05,23,90.3236222116668,NA,113.43460426168,0.5,113.428923614763,0.5,114.778752698667,0.5,124.392594343167,0.5,114.73776967031,0.5,113.934865127492,0.5,124.023983962781,0.6,114.12558376493,0.5,-0.843887571175202,-0.368610380386045,-0.612185905380073,9.6138416445,10.0891188352892,-0.0409830283570614,0.190718637438067,10.5950603480174
0.1,0.05,24,78.967425697543,NA,97.8891881413786,0.5,94.5912628696347,0.5,98.9020737328663,0.5,102.190106109564,0.5,98.9930265723971,0.5,98.8180192319297,0.5,102.195833833368,0.5,97.8374257276622,0.5,-0.0840545009366167,0.00572772380363062,-1.15560084473496,3.28803237669796,3.3778146014382,0.0909528395308428,-0.980593504267503,7.60457096373314
0.1,0.05,25,75.2023872742758,NA,97.0484845242806,0.5,94.1165209559222,0.5,97.7276850991593,0.5,107.340999370892,0.5,96.61089549243,0.5,97.1241212039948,0.5,106.76554336667,0.55,95.1269588072743,0.5,-0.603563895164513,-0.575456004221749,-1.48393668515567,9.61331427173235,9.64142216267511,-1.11678960672928,-1.99716239672044,12.6490224107477
0.1,0.05,26,88.8197333656339,NA,112.030582047785,0.5,113.453018121161,0.499999999999999,114.090892736579,0.5,129.332881969077,0.5,114.236953287049,0.5,113.512258354183,0.5,128.267159856546,0.65,113.074196466253,0.5,-0.578634382395748,-1.06572211253143,-1.16275682079564,15.2419892324982,14.7549015023625,0.146060550469755,-0.438061887930132,14.8141417353848
0.1,0.05,27,79.811348768496,NA,99.2068329930358,0.5,98.2220025700302,0.5,100.287921065003,0.5,108.933814580222,0.5,100.853924273931,0.5,100.97219493756,0.5,108.764334290086,0.55,101.191340713254,0.5,0.684273872556247,-0.169480290136249,0.337416439322851,8.64589351521832,7.79213935252582,0.566003208927654,0.219145775694258,10.5423317200553
0.1,0.05,28,79.5536766294286,NA,100.474499239686,0.5,98.5561233874466,0.5,101.71226588552,0.5,106.27416202682,0.5,100.700043629061,0.5,101.673525491053,0.5,106.098439678191,0.55,100.457420021867,0.5,-0.0387403944662026,-0.175722348628739,-0.242623607193835,4.56189614130028,4.42491418713774,-1.01222225645911,-1.21610546918674,7.54231629074457
0.1,0.05,29,78.6896869408257,NA,102.941481537157,0.5,103.153665153335,0.499999999999999,104.780924996993,0.5,114.841192003565,0.5,104.181207386028,0.5,104.38617711943,0.5,114.529864473915,0.55,105.930131951609,0.5,-0.394747877563177,-0.31132752964993,1.74892456558108,10.0602670065721,10.1436873544854,-0.599717610965158,1.5439548321791,11.3761993205806
0.1,0.05,30,75.2368945876496,NA,95.1612548812741,0.5,91.8471151379588,0.5,97.1657503114822,0.5,100.698701199462,0.5,97.3460618607429,0.5,97.1811695735407,0.5,100.559469046638,0.55,96.9486398475209,0.5,0.0154192620585718,-0.139232152824107,-0.397422013222055,3.53295088798028,3.3782994730976,0.18031154926075,-0.232529726019877,8.71235390867957
0.1,0.05,31,76.1751429389553,NA,96.1809200516852,0.5,91.6772450228167,0.5,96.6452805355602,0.5,100.075227831618,0.5,95.8834646637537,0.5,97.0015834516031,0.5,99.9058480213464,0.55,96.4249799302579,0.5,0.356302916042878,-0.169379810271579,0.54151526650422,3.42994729605769,2.90426456974323,-0.761815871806576,-0.576603521345234,8.22860299852962
0.1,0.05,32,84.9729193418102,NA,109.886266539943,0.5,104.662389169872,0.5,111.609491443232,0.5,118.019463191607,0.5,111.312897191158,0.5,110.405868509707,0.5,117.58585281177,0.55,110.888152745104,0.5,-1.2036229335243,-0.433610379837177,-0.424744446054191,6.40997174837571,7.17998430206283,-0.29659425207312,0.482284235396989,12.9234636418977
0.1,0.05,33,83.6404955273909,NA,104.17050142144,0.5,102.76614517487,0.5,104.89413653704,0.5,109.18957665388,0.5,104.803043287152,0.5,104.320487832961,0.5,109.10660315754,0.55,103.471460124168,0.5,-0.573648704079318,-0.0829734963401023,-1.33158316298429,4.29544011683956,4.78611532457877,-0.0910932498879191,-0.849027708792889,6.34045798266956
0.1,0.05,34,83.5952684145193,NA,107.17397103211,0.5,105.694701678398,0.5,107.469718241635,0.5,127.756501498742,0.5,109.77844855545,0.5,108.5834024387,0.5,125.60175192698,0.75,109.915816213781,0.5,1.11368419706473,-2.15474957176265,0.137367658331556,20.2867832571072,17.0183494882798,2.30873031381466,1.33241377508149,19.9070502485814
0.1,0.05,35,87.3030556098573,NA,110.418365463654,0.5,108.392680352727,0.5,111.655708861486,0.5,134.763810865632,0.5,112.634127809441,0.5,114.712730669332,0.5,132.31682534753,0.65,112.558454082268,0.5,3.05702180784643,-2.44698551810248,-0.075673727172898,23.1081020041461,17.6040946781972,0.978418947954623,-2.1542765870647,23.9241449948025
0.1,0.05,36,84.5777720588481,NA,103.449474203329,0.5,101.994362226608,0.5,105.376933722424,0.5,107.536138526821,0.5,104.247958039058,0.5,105.741829790758,0.5,107.741076417637,0.55,104.046451687092,0.5,0.364896068334247,0.204937890815771,-0.201506351966017,2.1592048043973,1.99924662687883,-1.12897568336602,-1.69537810366629,5.74671419102918
0.1,0.05,37,80.5316516285945,NA,101.19891135015,0.5,97.0259938591517,0.5,100.215070969152,0.5,104.481590502535,0.5,101.300005284428,0.5,101.199193701054,0.5,104.567557568021,0.5,100.52021749047,0.5,0.984122731901735,0.0859670654855336,-0.779787793958505,4.26651953338288,3.36836386696667,1.08493431527607,-0.678976210584167,7.54156370886901
0.1,0.05,38,80.8195672549004,NA,98.9699231128938,0.5,95.2882805728902,0.5,100.251612808878,0.5,102.649451173041,0.5,99.6153213242445,0.5,100.232609087749,0.5,102.478019170268,0.5,100.092822409158,0.5,-0.0190037211291667,-0.171432002773557,0.477501084913882,2.39783836416342,2.24541008251903,-0.636291484633162,-0.139786678590113,7.18973859737736
0.1,0.05,39,76.0452339785991,NA,95.0828471274771,0.5,92.676775137258,0.5,95.9800190388476,0.5,99.7458086587393,0.5,94.8441876349679,0.5,95.6300417463291,0.5,99.3232165248105,0.55,94.8493241185767,0.5,-0.349977292518503,-0.422592133928731,0.00513648360876573,3.76578961989163,3.69317477848141,-1.13583140387972,-0.780717627752452,6.6464413875525
0.1,0.05,40,81.8217749508913,NA,101.563039545396,0.5,98.785535875833,0.5,102.456546054509,0.5,108.320591305559,0.5,102.121583786259,0.5,101.784019686288,0.5,108.030169051086,0.55,102.298069081456,0.5,-0.672526368220659,-0.290422254472759,0.176485295196628,5.86404525105029,6.24614936479819,-0.334962268249498,0.514049395167788,9.24463317525331
0.1,0.05,41,85.8914215791789,NA,112.734394457851,0.5,112.836518998187,0.5,113.317707866132,0.5,124.813133286623,0.5,112.093626181519,0.5,112.269092737209,0.5,124.536149172708,0.6,114.040354418953,0.5,-1.04861512892333,-0.276984113915205,1.94672823743355,11.495425420491,12.2670564354992,-1.22408168461293,1.77126168174395,11.6996301745206
0.1,0.05,42,85.7066491243208,NA,113.060352749038,0.5,110.677229505623,0.5,115.672513346833,0.5,123.419786546479,0.5,114.915557794507,0.5,114.954319160946,0.45,122.904987478444,0.6,114.76446643806,0.5,-0.718194185887199,-0.514799068034577,-0.151091356446656,7.74727319964559,7.95066831749821,-0.756955552326176,-0.189852722885632,12.2277579728208
0.1,0.05,43,80.9381893469591,NA,100.910213527615,0.5,99.3840212875517,0.5,101.641305470067,0.5,105.576968970393,0.5,100.937178087949,0.5,101.764661320983,0.5,105.627170289858,0.5,101.228341915219,0.5,0.123355850915416,0.0502013194653017,0.291163827269372,3.9356635003258,3.86250896887569,-0.704127382118173,-0.536319405764218,6.24314900230684
0.1,0.05,44,81.6002862016079,NA,99.2609998487606,0.5,95.8850051534254,0.5,101.18341407956,0.5,116.585482569638,0.5,100.229963333258,0.5,99.9586838548804,0.5,116.496926865859,0.6,101.669650362672,0.5,-1.22473022467945,-0.0885557037793347,1.4396870294145,15.4020684900781,16.5382430109782,-0.953450746301954,1.71096650779199,20.6119217124332
0.1,0.05,45,85.4158529988797,NA,103.864652891138,0.5,100.195672574655,0.5,105.891049366796,0.5,148.677219889535,0.5,103.935256499859,0.5,105.322222079867,0.5,135.268550699339,0.7,105.204152786893,0.5,-0.568827286929036,-13.4086691901956,1.26889628703434,42.7861705227388,29.9463286194723,-1.95579286693706,-0.118069292973686,35.0728781246843
0.1,0.05,46,81.9046293939003,NA,103.774271754532,0.5,101.617373665411,0.5,105.591255167536,0.5,113.190388716485,0.5,105.15690193695,0.5,104.744776680818,0.5,112.911114406632,0.55,105.422368825077,0.5,-0.846478486718624,-0.279274309852937,0.265466888127605,7.59913354894842,8.1663377258141,-0.434353230586552,0.677592144259677,11.2937407412201
0.1,0.05,47,77.8995364276236,NA,100.757910315233,0.5,99.4223438919467,0.5,101.826053743318,0.5,109.373425237161,0.5,101.113022270018,0.5,102.442618637952,0.5,109.087305260115,0.55,100.496641927497,0.5,0.61656489463401,-0.286119977045971,-0.616380342521097,7.54737149384253,6.64468662216255,-0.713031473299935,-1.94597671045504,9.66496136816801
0.1,0.05,48,83.0054306112622,NA,104.789143883946,0.5,101.612508834071,0.5,105.298778317541,0.5,115.037762556443,0.5,104.623787621686,0.5,106.677759532564,0.5,114.816467122431,0.55,105.303030635869,0.5,1.37898121502323,-0.221295434012632,0.679243014182859,9.73898423890275,8.13870758986688,-0.674990695855001,-1.37472889669537,13.2039582883597
0.1,0.05,49,81.74595058514,NA,103.376328945938,0.5,100.685985453278,0.5,106.357700081394,0.5,114.854280537847,0.5,104.836573599104,0.5,106.94650785025,0.5,114.811938875607,0.55,105.536773065147,0.5,0.588807768856626,-0.0423416622406023,0.700199466042903,8.49658045645387,7.86543102535664,-1.52112648228913,-1.40973478510286,14.1259534223292
0.1,0.05,50,76.8263509794977,NA,95.2182844073379,0.5,91.1262133693777,0.5,96.3625154144017,0.5,98.7811900222099,0.5,96.4616377450528,0.5,96.2969146157945,0.5,98.4956847441792,0.55,96.4078797377217,0.5,-0.0656007986071359,-0.285505278030683,-0.0537580073311403,2.41867460780817,2.19877012838462,0.0991223306511557,0.110965121927151,7.36947137480144
1,0.05,1,80.8762001017361,NA,102.944486107623,0.5,100.579795196235,0.5,103.941325383841,0.5,107.970172116924,0.5,103.284978518592,0.5,103.225887243673,0.5,107.366144254614,0.55,103.481610459421,0.5,-0.715438140167549,-0.604027862309778,0.19663194082861,4.02884673308323,4.140257010941,-0.656346865248807,0.255723215747352,6.78634905837886
1,0.05,2,86.2327020234782,NA,109.102028565489,0.5,107.247752183403,0.5,109.31976904258,0.5,115.336192315641,0.5,110.111095354377,0.5,110.140117740226,0.5,114.833364123566,0.55,110.116287831793,0.5,0.82034869764594,-0.502828192074617,0.00519247741578965,6.01642327306038,4.69324638333983,0.791326311797121,-0.0238299084330293,7.58561194016302
1,0.05,3,77.2388420402395,NA,95.5016475073475,0.5,89.9771984803972,0.5,96.4391551197968,0.5,97.3486363487533,0.5,95.5025254078651,0.5,96.4701324272756,0.45,97.4889205387368,0.5,95.2693580577681,0.5,0.0309773074787358,0.140284189983504,-0.233167350097006,0.909481228956437,1.01878811146121,-0.936629711931758,-1.2007743695075,7.51172205833953
1,0.05,4,89.2209948742652,NA,113.563590208087,0.5,114.171837755431,0.5,112.965811823327,0.5,124.947066944264,0.5,114.125526850539,0.5,113.101644940785,0.5,124.88864819444,0.55,113.563639421063,0.5,0.135833117458759,-0.0584187498245541,-0.561887429475959,11.9812551209379,11.7870032536546,1.15971502721244,0.461994480277724,10.7168104390093
1,0.05,5,84.402243412702,NA,104.255502580119,0.5,102.472791923406,0.5,105.854955342027,0.5,109.952681216776,0.5,106.248741700641,0.5,105.456044901274,0.5,109.332109907155,0.55,105.449180086018,0.5,-0.398910440753212,-0.620571309621411,-0.799561614623286,4.09772587474941,3.87606500588122,0.393786358614506,-0.00686481525556815,6.85931798374877
1,0.05,6,94.2149357834896,NA,119.036991118294,0.5,119.718709017242,0.5,121.682069686479,0.5,127.520507682556,0.5,120.154449739185,0.5,120.679505182034,0.5,127.55762268896,0.6,120.432000868861,0.5,-1.00256450444471,0.0371150064038943,0.277551129676056,5.8384379960778,6.8781175069264,-1.52761994729326,-0.247504313172499,7.8389136717178
1,0.05,7,83.1432460778453,NA,108.912600906294,0.5,108.325509879445,0.5,111.812659555466,0.5,127.605049996994,0.5,111.024871142831,0.5,111.568853577292,0.5,126.112918902329,0.65,112.311097902655,0.5,-0.243805978173995,-1.49213109466417,1.28622675982375,15.792390441528,14.5440653250378,-0.787788412634427,0.742244325363316,17.7874090228842
1,0.05,8,78.9870813260794,NA,101.423096593152,0.5,100.19307770761,0.5,101.645364011443,0.5,106.958356700049,0.5,100.61779180512,0.5,101.391446696382,0.5,106.667845170872,0.55,101.097177800993,0.5,-0.253917315061244,-0.290511529177451,0.479385995872804,5.3129926886055,5.2763984744893,-1.02757220632375,-0.294268895389706,6.47476746326201
1,0.05,9,79.9172349458268,NA,104.59464932913,0.5,101.747522273535,0.5,107.690667498025,0.5,116.641580486369,0.5,105.957245168814,0.5,107.540178573499,0.5,116.402349279419,0.55,108.236145436058,0.5,-0.150488924525717,-0.239231206949995,2.27890026724378,8.9509129883435,8.86217070591923,-1.73342232921132,0.69596686255818,14.654827005884
1,0.05,10,72.2159777452903,NA,93.071901686548,0.5,90.1810915141627,0.5,93.465394927294,0.5,94.9435191469257,0.5,93.3022856531301,0.5,93.1404940038805,0.5,95.1502313150462,0.5,93.6064683267701,0.5,-0.324900923413452,0.206712168120504,0.304182673640028,1.4781242196317,2.00973731116565,-0.163109274163901,0.465974322889579,4.96913980088345
1,0.05,11,70.2987911402309,NA,90.0143303376112,0.5,85.1979622294876,0.5,89.6887727628844,0.5,90.6606926457972,0.5,89.3268168905104,0.5,89.558608590408,0.5,90.5583141659933,0.5,88.8379879895766,0.5,-0.130164172476356,-0.10237847980396,-0.488828900933811,0.971919882912843,0.999705575585239,-0.361955872373983,-0.720620600831438,5.36035193650564
1,0.05,12,77.0726133508961,NA,97.6990954018201,0.5,94.8338171737927,0.5,98.861400910721,0.5,102.000306622,0.5,98.4776198976154,0.5,99.075766681903,0.5,101.739442217304,0.55,98.8424627449294,0.5,0.214365771182074,-0.260864404696548,0.364842847313952,3.13890571127938,2.66367553540076,-0.383781013105519,-0.233303936973641,6.90562504351111
1,0.05,13,80.5024922217724,NA,101.868377157041,0.5,99.1135007694867,0.5,102.923520079241,0.5,105.811129076802,0.5,102.368421860081,0.5,103.268196615366,0.5,105.092155324525,0.55,102.780880768425,0.5,0.344676536124481,-0.718973752276582,0.412458908343567,2.88760899756033,1.82395870915927,-0.55509821916003,-0.487315846940945,5.9786545550385
1,0.05,14,82.4390598987508,NA,106.636483803232,0.5,102.715487590288,0.5,106.423074977131,0.5,111.281573754037,0.5,106.777320963642,0.5,106.572294145653,0.5,111.041605284455,0.55,106.502009785457,0.5,0.14921916852208,-0.239968469581697,-0.275311178185547,4.8584987769058,4.46931113880203,0.354245986511287,-0.0702843601963394,8.32611769416714
1,0.05,15,93.7423487076798,NA,113.033122599378,0.5,110.249027202997,0.5,113.694091783805,0.5,118.095221873458,0.5,113.694054717028,0.5,113.180329722785,0.5,117.904914446231,0.55,113.513708344106,0.5,-0.513762061019705,-0.190307427226315,-0.180346372921733,4.4011300896528,4.72458472344618,-3.70667771107946e-05,0.333378621320861,7.65588724323408
1,0.05,16,85.7211560027588,NA,107.237325876592,0.5,102.955197955252,0.5,107.673290498362,0.5,112.27070796896,0.5,107.201096005461,0.5,107.034772485699,0.45,111.700468113854,0.5,107.71972814365,0.5,-0.638518012663013,-0.570239855105825,0.518632138188735,4.59741747059755,4.66569562815474,-0.47219449290148,0.684955657950269,8.7452701586024
1,0.05,17,79.583660613657,NA,103.609530635166,0.5,99.1792978989213,0.5,104.149936974621,0.5,107.670795579268,0.5,104.083244444324,0.5,103.988189834759,0.5,107.799379567515,0.55,103.708855937529,0.5,-0.161747139861575,0.128583988246746,-0.374388506794844,3.5208586046471,3.81118973275542,-0.0666925302968338,-0.279333897230103,8.62008166859333
1,0.05,18,78.8403184356226,NA,99.1817944914993,0.5,97.7543879858915,0.5,100.825974881195,0.5,106.75217540599,0.5,100.61329209596,0.5,100.553405991716,0.5,106.564008846272,0.55,102.136735514575,0.5,-0.272568889478535,-0.188166559718312,1.52344341861509,5.92620052479528,6.0106028545555,-0.21268278523516,1.58332952285846,8.80962086038042
1,0.05,19,89.6943062734284,NA,109.12869645273,0.5,105.942820063092,0.5,110.195797268952,0.5,111.47965018483,0.5,109.870958407018,0.5,110.876233885379,0.5,111.390623581109,0.5,110.395425405493,0.5,0.680436616426945,-0.0890266037213792,0.52446699847539,1.28385291587783,0.514389695729506,-0.324838861934595,-0.48080847988615,5.44780351801649
1,0.05,20,77.3480020129813,NA,99.3082920709933,0.5,97.241743693501,0.5,100.857644641224,0.5,108.742189899253,0.5,100.798082389641,0.5,100.628880182118,0.5,108.420515668909,0.55,99.3598399425721,0.5,-0.22876445910596,-0.321674230343518,-1.43824244706875,7.88454525802877,7.79163548679121,-0.0595622515829177,-1.2690402395457,11.178771975408
1,0.05,21,89.1380992545682,NA,110.461173536994,0.5,108.297493321367,0.5,113.164522868335,0.5,119.238978865594,0.5,112.355640730488,0.5,111.675226627499,0.5,118.444407557811,0.55,112.804712409792,0.5,-1.48929624083615,-0.794571307783087,0.449071679304552,6.07445599725895,6.76918093031202,-0.808882137847021,1.12948578229368,10.1469142364432
1,0.05,22,79.3897746574638,NA,101.377821506122,0.5,103.526772323016,0.5,103.917925760758,0.5,117.364263741496,0.5,103.346853886378,0.5,104.250450946684,0.5,116.868223409808,0.6,102.711351160381,0.5,0.332525185925988,-0.496040331688263,-0.635502725996574,13.4463379807376,12.6177724631233,-0.571071874380692,-1.53909978630325,13.3414510867918
1,0.05,23,90.3236222116668,NA,113.43460426168,0.5,113.428923614763,0.5,114.778752698667,0.5,123.268369047313,0.5,114.73776967031,0.5,113.934865127492,0.5,122.513999686855,0.6,114.12558376493,0.5,-0.843887571175202,-0.754369360458455,-0.612185905380073,8.48961634864662,8.57913455936337,-0.0409830283570614,0.190718637438067,9.0850760720916
1,0.05,24,78.967425697543,NA,97.8891881413786,0.5,94.5912628696347,0.5,98.9020737328663,0.5,101.321423760593,0.5,98.9930265723971,0.5,98.8180192319297,0.5,101.080758355625,0.55,97.8374257276622,0.5,-0.0840545009366167,-0.240665404967416,-1.15560084473496,2.41935002772648,2.26273912369568,0.0909528395308428,-0.980593504267503,6.48949548599062
1,0.05,25,75.2023872742758,NA,97.0484845242806,0.5,94.1165209559222,0.5,97.7276850991593,0.5,105.95690372846,0.5,96.61089549243,0.5,97.1241212039948,0.5,105.771916364268,0.55,95.1269588072743,0.5,-0.603563895164513,-0.184987364191656,-1.48393668515567,8.22921862930063,8.64779516027349,-1.11678960672928,-1.99716239672044,11.6553954083461
1,0.05,26,88.8197333656339,NA,112.030582047785,0.5,113.453018121161,0.499999999999999,114.090892736579,0.5,127.68841131889,0.5,114.236953287049,0.5,113.512258354183,0.5,127.156250839484,0.65,113.074196466253,0.5,-0.578634382395748,-0.532160479406343,-1.16275682079564,13.5975185823116,13.643992485301,0.146060550469755,-0.438061887930132,13.7032327183233
1,0.05,27,79.811348768496,NA,99.2068329930358,0.5,98.2220025700302,0.5,100.287921065003,0.5,107.504082262827,0.5,100.853924273931,0.5,100.97219493756,0.5,107.164873819122,0.55,101.191340713254,0.5,0.684273872556247,-0.339208443705218,0.337416439322851,7.21616119782404,6.19267888156257,0.566003208927654,0.219145775694258,8.94287124909206
1,0.05,28,79.5536766294286,NA,100.474499239686,0.5,98.5561233874466,0.5,101.71226588552,0.5,104.069756939172,0.5,100.700043629061,0.5,101.673525491053,0.5,103.930689183429,0.55,100.457420021867,0.5,-0.0387403944662026,-0.139067755743753,-0.242623607193835,2.35749105365265,2.2571636923751,-1.01222225645911,-1.21610546918674,5.37456579598192
1,0.05,29,78.6896869408257,NA,102.941481537157,0.5,103.153665153335,0.499999999999999,104.780924996993,0.5,112.184276663307,0.5,104.181207386028,0.5,104.38617711943,0.5,112.070866032035,0.55,105.930131951609,0.5,-0.394747877563177,-0.113410631271805,1.74892456558108,7.40335166631398,7.68468891260535,-0.599717610965158,1.5439548321791,8.91720087870064
1,0.05,30,75.2368945876496,NA,95.1612548812741,0.5,91.8471151379588,0.5,97.1657503114822,0.5,98.9057857773462,0.5,97.3460618607429,0.5,97.1811695735407,0.5,99.0183165107224,0.5,96.9486398475209,0.5,0.0154192620585718,0.112530733376218,-0.397422013222055,1.74003546586398,1.83714693718163,0.18031154926075,-0.232529726019877,7.1712013727636
1,0.05,31,76.1751429389553,NA,96.1809200516852,0.5,91.6772450228167,0.5,96.6452805355602,0.5,98.6656269915408,0.5,95.8834646637537,0.5,97.0015834516031,0.5,98.7269532578789,0.55,96.4249799302579,0.5,0.356302916042878,0.0613262663380993,0.54151526650422,2.02034645598052,1.72536980627574,-0.761815871806576,-0.576603521345234,7.04970823506213
1,0.05,32,84.9729193418102,NA,109.886266539943,0.5,104.662389169872,0.5,111.609491443232,0.5,116.204933776532,0.5,111.312897191158,0.5,110.405868509707,0.5,116.036456865271,0.55,110.888152745104,0.5,-1.2036229335243,-0.168476911261266,-0.424744446054191,4.5954423333003,5.63058835556333,-0.29659425207312,0.482284235396989,11.3740676953982
1,0.05,33,83.6404955273909,NA,104.17050142144,0.5,102.76614517487,0.5,104.89413653704,0.5,106.224429152315,0.5,104.803043287152,0.5,104.320487832961,0.5,105.858255783535,0.5,103.471460124168,0.5,-0.573648704079318,-0.366173368779769,-1.33158316298429,1.33029261527471,1.53776795057426,-0.0910932498879191,-0.849027708792889,3.09211060866505
1,0.05,34,83.5952684145193,NA,107.17397103211,0.5,105.694701678398,0.5,107.469718241635,0.5,125.870113615809,0.5,109.77844855545,0.5,108.5834024387,0.5,124.059707642217,0.75,109.915816213781,0.5,1.11368419706473,-1.81040597359174,0.137367658331556,18.4003953741739,15.4763052035174,2.30873031381466,1.33241377508149,18.3650059638191
1,0.05,35,87.3030556098573,NA,110.418365463654,0.5,108.392680352727,0.5,111.655708861486,0.5,134.049049342195,0.5,112.634127809441,0.5,114.712730669332,0.5,131.14142631743,0.65,112.558454082268,0.5,3.05702180784643,-2.90762302476418,-0.075673727172898,22.3933404807087,16.4286956480981,0.978418947954623,-2.1542765870647,22.7487459647034
1,0.05,36,84.5777720588481,NA,103.449474203329,0.5,101.994362226608,0.5,105.376933722424,0.5,107.416007045037,0.5,104.247958039058,0.5,105.741829790758,0.5,107.239034889321,0.55,104.046451687092,0.5,0.364896068334247,-0.176972155715717,-0.201506351966017,2.03907332261265,1.49720509856269,-1.12897568336602,-1.69537810366629,5.24467266271304
1,0.05,37,80.5316516285945,NA,101.19891135015,0.5,97.0259938591517,0.5,100.215070969152,0.5,102.636374939329,0.5,101.300005284428,0.5,101.199193701054,0.5,102.551344108173,0.5,100.52021749047,0.5,0.984122731901735,-0.0850308311553789,-0.779787793958505,2.42130397017651,1.3521504071194,1.08493431527607,-0.678976210584167,5.52535024902173
1,0.05,38,80.8195672549004,NA,98.9699231128938,0.5,95.2882805728902,0.5,100.251612808878,0.5,99.7123309318734,0.5,99.6153213242445,0.5,100.232609087749,0.5,100.188462850145,0.5,100.092822409158,0.5,-0.0190037211291667,0.476131918271506,0.477501084913882,-0.539281877004314,-0.0441462376036412,-0.636291484633162,-0.139786678590113,4.90018227725469
1,0.05,39,76.0452339785991,NA,95.0828471274771,0.5,92.676775137258,0.5,95.9800190388476,0.5,99.2272989179358,0.5,94.8441876349679,0.5,95.6300417463291,0.5,98.8431142288739,0.55,94.8493241185767,0.5,-0.349977292518503,-0.384184689061883,0.00513648360876573,3.24727987908813,3.21307248254475,-1.13583140387972,-0.780717627752452,6.16633909161584
1,0.05,40,81.8217749508913,NA,101.563039545396,0.5,98.785535875833,0.5,102.456546054509,0.5,105.419498268067,0.5,102.121583786259,0.5,101.784019686288,0.5,105.236495549406,0.55,102.298069081456,0.5,-0.672526368220659,-0.183002718660802,0.176485295196628,2.96295221355835,3.45247586311821,-0.334962268249498,0.514049395167788,6.45095967357334
1,0.05,41,85.8914215791789,NA,112.734394457851,0.5,112.836518998187,0.5,113.317707866132,0.5,122.990278578236,0.5,112.093626181519,0.5,112.269092737209,0.5,122.65999752212,0.55,114.040354418953,0.5,-1.04861512892333,-0.330281056116306,1.94672823743355,9.67257071210398,10.390904784911,-1.22408168461293,1.77126168174395,9.82347852393245
1,0.05,42,85.7066491243208,NA,113.060352749038,0.5,110.677229505623,0.5,115.672513346833,0.5,121.941746432883,0.5,114.915557794507,0.5,114.954319160946,0.45,121.598373775092,0.55,114.76446643806,0.5,-0.718194185887199,-0.343372657790724,-0.151091356446656,6.26923308605022,6.6440546141467,-0.756955552326176,-0.189852722885632,10.9211442694693
1,0.05,43,80.9381893469591,NA,100.910213527615,0.5,99.3840212875517,0.5,101.641305470067,0.5,103.900857141546,0.5,100.937178087949,0.5,101.764661320983,0.5,103.826797832449,0.55,101.228341915219,0.5,0.123355850915416,-0.0740593090969242,0.291163827269372,2.25955167147825,2.06213651146591,-0.704127382118173,-0.536319405764218,4.44277654489706
1,0.05,44,81.6002862016079,NA,99.2609998487606,0.5,95.8850051534254,0.5,101.18341407956,0.5,115.169108012037,0.5,100.229963333258,0.5,99.9586838548804,0.5,115.306234063652,0.6,101.669650362672,0.5,-1.22473022467945,0.137126051615155,1.4396870294145,13.985693932477,15.3475502087716,-0.953450746301954,1.71096650779199,19.4212289102266
1,0.05,45,85.4158529988797,NA,103.864652891138,0.5,100.195672574655,0.5,105.891049366796,0.5,149.390853580566,0.5,103.935256499859,0.5,105.322222079867,0.5,132.632945486473,0.7,105.204152786893,0.5,-0.568827286929036,-16.7579080940934,1.26889628703434,43.4998042137699,27.3107234066056,-1.95579286693706,-0.118069292973686,32.4372729118176
1,0.05,46,81.9046293939003,NA,103.774271754532,0.5,101.617373665411,0.5,105.591255167536,0.5,110.045166169673,0.5,105.15690193695,0.5,104.744776680818,0.5,110.049523357677,0.55,105.422368825077,0.5,-0.846478486718624,0.00435718800441975,0.265466888127605,4.45391100213685,5.30474667685989,-0.434353230586552,0.677592144259677,8.43214969226594
1,0.05,47,77.8995364276236,NA,100.757910315233,0.5,99.4223438919467,0.5,101.826053743318,0.5,107.504021530842,0.5,101.113022270018,0.5,102.442618637952,0.5,107.288619413304,0.55,100.496641927497,0.5,0.61656489463401,-0.215402117537764,-0.616380342521097,5.677967787524,4.84600077535222,-0.713031473299935,-1.94597671045504,7.86627552135768
1,0.05,48,83.0054306112622,NA,104.789143883946,0.5,101.612508834071,0.5,105.298778317541,0.5,113.793729787228,0.5,104.623787621686,0.5,106.677759532564,0.5,113.293916223138,0.6,105.303030635869,0.5,1.37898121502323,-0.499813564090317,0.679243014182859,8.49495146968745,6.6161566905739,-0.674990695855001,-1.37472889669537,11.6814073890667
1,0.05,49,81.74595058514,NA,103.376328945938,0.5,100.685985453278,0.5,106.357700081394,0.5,113.469027493357,0.5,104.836573599104,0.5,106.94650785025,0.5,113.098421740601,0.55,105.536773065147,0.5,0.588807768856626,-0.370605752755623,0.700199466042903,7.11132741196325,6.151913890351,-1.52112648228913,-1.40973478510286,12.4124362873235
1,0.05,50,76.8263509794977,NA,95.2182844073379,0.5,91.1262133693777,0.5,96.3625154144017,0.5,97.9103023759686,0.5,96.4616377450528,0.5,96.2969146157945,0.5,97.8757376184668,0.5,96.4078797377217,0.5,-0.0656007986071359,-0.0345647575017267,-0.0537580073311403,1.54778696156689,1.57882300267229,0.0991223306511557,0.110965121927151,6.74952424908911
5,0.05,1,80.8762001017361,NA,102.944486107623,0.5,100.579795196235,0.5,103.941325383841,0.5,102.379561174216,0.5,103.284978518592,0.5,103.225887243673,0.5,101.348699743517,0.55,103.481610459421,0.5,-0.715438140167549,-1.03086143069882,0.19663194082861,-1.56176420962485,-1.87718750015613,-0.656346865248807,0.255723215747352,0.768904547281736
5,0.05,2,86.2327020234782,NA,109.102028565489,0.5,107.247752183403,0.5,109.31976904258,0.5,110.815392303961,0.5,110.111095354377,0.5,110.140117740226,0.5,111.067682751573,0.5,110.116287831793,0.5,0.82034869764594,0.252290447611443,0.00519247741578965,1.49562326138104,0.927565011346545,0.791326311797121,-0.0238299084330293,3.81993056816974
5,0.05,3,77.2388420402395,NA,95.5016475073475,0.5,89.9771984803972,0.5,96.4391551197968,0.5,96.098601898128,0.5,95.5025254078651,0.5,96.4701324272756,0.45,95.995024411595,0.5,95.2693580577681,0.5,0.0309773074787358,-0.103577486533013,-0.233167350097006,-0.340553221668856,-0.475108015680604,-0.936629711931758,-1.2007743695075,6.01782593119772
5,0.05,4,89.2209948742652,NA,113.563590208087,0.5,114.171837755431,0.5,112.965811823327,0.5,114.680667726574,0.5,114.125526850539,0.5,113.101644940785,0.5,114.800488821897,0.5,113.563639421063,0.5,0.135833117458759,0.119821095322607,-0.561887429475959,1.7148559032476,1.69884388111144,1.15971502721244,0.461994480277724,0.628651066466119
5,0.05,5,84.402243412702,NA,104.255502580119,0.5,102.472791923406,0.5,105.854955342027,0.5,106.735785963306,0.5,106.248741700641,0.5,105.456044901274,0.5,107.128714796455,0.5,105.449180086018,0.5,-0.398910440753212,0.392928833148829,-0.799561614623286,0.88083062127896,1.672669895181,0.393786358614506,-0.00686481525556815,4.65592287304855
5,0.05,6,94.2149357834896,NA,119.036991118294,0.5,119.718709017242,0.5,121.682069686479,0.5,120.73369376088,0.5,120.154449739185,0.5,120.679505182034,0.5,122.137905310014,0.5,120.432000868861,0.5,-1.00256450444471,1.40421154913379,0.277551129676056,-0.948375925598086,1.45840012798041,-1.52761994729326,-0.247504313172499,2.41919629277182
5,0.05,7,83.1432460778453,NA,108.912600906294,0.5,108.325509879445,0.5,111.812659555466,0.5,117.65664850749,0.5,111.024871142831,0.5,111.568853577292,0.5,117.989680890626,0.55,112.311097902655,0.5,-0.243805978173995,0.333032383136114,1.28622675982375,5.84398895202483,6.42082731333494,-0.787788412634427,0.742244325363316,9.66417101118131
5,0.05,8,78.9870813260794,NA,101.423096593152,0.5,100.19307770761,0.5,101.645364011443,0.5,102.667543154241,0.5,100.61779180512,0.5,101.391446696382,0.5,102.257820877899,0.5,101.097177800993,0.5,-0.253917315061244,-0.409722276342251,0.479385995872804,1.0221791427974,0.866374181516392,-1.02757220632375,-0.294268895389706,2.06474317028911
5,0.05,9,79.9172349458268,NA,104.59464932913,0.5,101.747522273535,0.5,107.690667498025,0.5,108.368826851178,0.5,105.957245168814,0.5,107.540178573499,0.5,107.253242920764,0.5,108.236145436058,0.5,-0.150488924525717,-1.11558393041423,2.27890026724378,0.678159353152779,-0.286935652735735,-1.73342232921132,0.69596686255818,5.50572064722904
5,0.05,10,72.2159777452903,NA,93.071901686548,0.5,90.1810915141627,0.5,93.465394927294,0.5,93.5099337406109,0.5,93.3022856531301,0.5,93.1404940038805,0.5,93.0727435008257,0.5,93.6064683267701,0.5,-0.324900923413452,-0.437190239785224,0.304182673640028,0.0445388133169047,-0.0677505030548673,-0.163109274163901,0.465974322889579,2.89165198666294
5,0.05,11,70.2987911402309,NA,90.0143303376112,0.5,85.1979622294876,0.5,89.6887727628844,0.5,89.2170827344458,0.5,89.3268168905104,0.5,89.558608590408,0.5,88.9330096272115,0.5,88.8379879895766,0.5,-0.130164172476356,-0.284073107234249,-0.488828900933811,-0.471690028438601,-0.625598963196495,-0.361955872373983,-0.720620600831438,3.7350473977239
5,0.05,12,77.0726133508961,NA,97.6990954018201,0.5,94.8338171737927,0.5,98.861400910721,0.5,101.21268088252,0.5,98.4776198976154,0.5,99.075766681903,0.5,100.171933416779,0.55,98.8424627449294,0.5,0.214365771182074,-1.04074746574095,0.364842847313952,2.35127997179896,1.09616673487594,-0.383781013105519,-0.233303936973641,5.33811624298629
5,0.05,13,80.5024922217724,NA,101.868377157041,0.5,99.1135007694867,0.5,102.923520079241,0.5,102.59171899767,0.5,102.368421860081,0.5,103.268196615366,0.5,102.270038169526,0.55,102.780880768425,0.5,0.344676536124481,-0.321680828144068,0.412458908343567,-0.331801081571626,-0.998158445840176,-0.55509821916003,-0.487315846940945,3.15653740003906
5,0.05,14,82.4390598987508,NA,106.636483803232,0.5,102.715487590288,0.5,106.423074977131,0.5,107.520976175068,0.5,106.777320963642,0.5,106.572294145653,0.5,109.035494044039,0.5,106.502009785457,0.5,0.14921916852208,1.5145178689713,-0.275311178185547,1.09790119793674,2.46319989838595,0.354245986511287,-0.0702843601963394,6.32000645375106
5,0.05,15,93.7423487076798,NA,113.033122599378,0.5,110.249027202997,0.5,113.694091783805,0.5,112.290774510877,0.5,113.694054717028,0.5,113.180329722785,0.5,111.995436185537,0.5,113.513708344106,0.5,-0.513762061019705,-0.29533832534041,-0.180346372921733,-1.40331727292751,-1.18489353724821,-3.70667771107946e-05,0.333378621320861,1.74640898253968
5,0.05,16,85.7211560027588,NA,107.237325876592,0.5,102.955197955252,0.5,107.673290498362,0.5,107.685753670895,0.5,107.201096005461,0.5,107.034772485699,0.45,107.170869807008,0.5,107.71972814365,0.5,-0.638518012663013,-0.514883863886155,0.518632138188735,0.0124631725322928,0.136097321309151,-0.47219449290148,0.684955657950269,4.21567185175681
5,0.05,17,79.583660613657,NA,103.609530635166,0.5,99.1792978989213,0.5,104.149936974621,0.5,104.240075340329,0.5,104.083244444324,0.5,103.988189834759,0.5,104.249998073623,0.5,103.708855937529,0.5,-0.161747139861575,0.00992273329474358,-0.374388506794844,0.0901383657078156,0.261808238864134,-0.0666925302968338,-0.279333897230103,5.07070017470204
5,0.05,18,78.8403184356226,NA,99.1817944914993,0.5,97.7543879858915,0.5,100.825974881195,0.5,101.289823855581,0.5,100.61329209596,0.5,100.553405991716,0.5,101.109640499892,0.5,102.136735514575,0.5,-0.272568889478535,-0.180183355688172,1.52344341861509,0.463848974385712,0.556234508176075,-0.21268278523516,1.58332952285846,3.355252514001
5,0.05,19,89.6943062734284,NA,109.12869645273,0.5,105.942820063092,0.5,110.195797268952,0.5,109.923483862214,0.5,109.870958407018,0.5,110.876233885379,0.5,110.178670140908,0.5,110.395425405493,0.5,0.680436616426945,0.255186278694808,0.52446699847539,-0.272313406738704,-0.697563744470841,-0.324838861934595,-0.48080847988615,4.23585007781614
5,0.05,20,77.3480020129813,NA,99.3082920709933,0.5,97.241743693501,0.5,100.857644641224,0.5,103.337020561387,0.5,100.798082389641,0.5,100.628880182118,0.5,103.468674446752,0.5,99.3598399425721,0.5,-0.22876445910596,0.131653885364628,-1.43824244706875,2.47937592016316,2.83979426463375,-0.0595622515829177,-1.2690402395457,6.22693075325056
5,0.05,21,89.1380992545682,NA,110.461173536994,0.5,108.297493321367,0.5,113.164522868335,0.5,116.694160928237,0.5,112.355640730488,0.5,111.675226627499,0.5,115.89028969685,0.5,112.804712409792,0.5,-1.48929624083615,-0.803871231387248,0.449071679304552,3.52963805990264,4.21506306935154,-0.808882137847021,1.12948578229368,7.59279637548271
5,0.05,22,79.3897746574638,NA,101.377821506122,0.5,103.526772323016,0.5,103.917925760758,0.5,113.781822178336,0.5,103.346853886378,0.5,104.250450946684,0.5,113.598562160442,0.6,102.711351160381,0.5,0.332525185925988,-0.183260017893687,-0.635502725996574,9.86389641757748,9.3481112137578,-0.571071874380692,-1.53909978630325,10.0717898374263
5,0.05,23,90.3236222116668,NA,113.43460426168,0.5,113.428923614763,0.5,114.778752698667,0.5,120.776366940211,0.5,114.73776967031,0.5,113.934865127492,0.5,120.14719354695,0.55,114.12558376493,0.5,-0.843887571175202,-0.629173393260956,-0.612185905380073,5.99761424154393,6.21232841945817,-0.0409830283570614,0.190718637438067,6.7182699321864
5,0.05,24,78.967425697543,NA,97.8891881413786,0.5,94.5912628696347,0.5,98.9020737328663,0.5,98.9338476344518,0.5,98.9930265723971,0.5,98.8180192319297,0.5,99.303801137257,0.5,97.8374257276622,0.5,-0.0840545009366167,0.369953502805259,-1.15560084473496,0.0317739015855096,0.485781905327386,0.0909528395308428,-0.980593504267503,4.71253826762232
5,0.05,25,75.2023872742758,NA,97.0484845242806,0.5,94.1165209559222,0.5,97.7276850991593,0.5,98.7295249625643,0.5,96.61089549243,0.5,97.1241212039948,0.5,98.4567744374001,0.5,95.1269588072743,0.5,-0.603563895164513,-0.272750525164227,-1.48393668515567,1.00183986340502,1.33265323340531,-1.11678960672928,-1.99716239672044,4.34025348147792
5,0.05,26,88.8197333656339,NA,112.030582047785,0.5,113.453018121161,0.499999999999999,114.090892736579,0.5,120.417209307997,0.5,114.236953287049,0.5,113.512258354183,0.5,122.231110313352,0.5,113.074196466253,0.5,-0.578634382395748,1.81390100535509,-1.16275682079564,6.32631657141843,8.71885195916927,0.146060550469755,-0.438061887930132,8.77809219219159
5,0.05,27,79.811348768496,NA,99.2068329930358,0.5,98.2220025700302,0.5,100.287921065003,0.5,101.501502841191,0.5,100.853924273931,0.5,100.97219493756,0.5,101.297250720926,0.5,101.191340713254,0.5,0.684273872556247,-0.204252120264286,0.337416439322851,1.21358177618727,0.325055783366736,0.566003208927654,0.219145775694258,3.07524815089623
5,0.05,28,79.5536766294286,NA,100.474499239686,0.5,98.5561233874466,0.5,101.71226588552,0.5,102.368931308772,0.5,100.700043629061,0.5,101.673525491053,0.5,102.40203194401,0.5,100.457420021867,0.5,-0.0387403944662026,0.0331006352386396,-0.242623607193835,0.656665423252193,0.728506452957035,-1.01222225645911,-1.21610546918674,3.84590855656386
5,0.05,29,78.6896869408257,NA,102.941481537157,0.5,103.153665153335,0.499999999999999,104.780924996993,0.5,103.66678722098,0.5,104.181207386028,0.5,104.38617711943,0.5,104.170479420329,0.5,105.930131951609,0.5,-0.394747877563177,0.503692199349473,1.74892456558108,-1.11413777601354,-0.215697699100886,-0.599717610965158,1.5439548321791,1.0168142669944
5,0.05,30,75.2368945876496,NA,95.1612548812741,0.5,91.8471151379588,0.5,97.1657503114822,0.5,97.8470097412034,0.5,97.3460618607429,0.5,97.1811695735407,0.5,97.8945879424451,0.5,96.9486398475209,0.5,0.0154192620585718,0.0475782012417341,-0.397422013222055,0.681259429721194,0.713418368904357,0.18031154926075,-0.232529726019877,6.04747280448633
5,0.05,31,76.1751429389553,NA,96.1809200516852,0.5,91.6772450228167,0.5,96.6452805355602,0.5,96.5528493488539,0.5,95.8834646637537,0.5,97.0015834516031,0.5,97.5155284447244,0.5,96.4249799302579,0.5,0.356302916042878,0.962679095870485,0.54151526650422,-0.0924311867063068,0.513944993121299,-0.761815871806576,-0.576603521345234,5.83828342190769
5,0.05,32,84.9729193418102,NA,109.886266539943,0.5,104.662389169872,0.5,111.609491443232,0.5,112.309996440395,0.5,111.312897191158,0.5,110.405868509707,0.5,111.988017502407,0.55,110.888152745104,0.5,-1.2036229335243,-0.321978937987538,-0.424744446054191,0.700504997163151,1.58214899269991,-0.29659425207312,0.482284235396989,7.32562833253479
5,0.05,33,83.6404955273909,NA,104.17050142144,0.5,102.76614517487,0.5,104.89413653704,0.5,103.280290389297,0.5,104.803043287152,0.5,104.320487832961,0.5,101.940871894354,0.55,103.471460124168,0.5,-0.573648704079318,-1.33941849494359,-1.33158316298429,-1.61384614774312,-2.37961593860739,-0.0910932498879191,-0.849027708792889,-0.825273280516598
5,0.05,34,83.5952684145193,NA,107.17397103211,0.5,105.694701678398,0.5,107.469718241635,0.5,123.585900057331,0.5,109.77844855545,0.5,108.5834024387,0.5,121.614319567935,0.65,109.915816213781,0.5,1.11368419706473,-1.97158048939539,0.137367658331556,16.1161818156956,13.0309171292354,2.30873031381466,1.33241377508149,15.919617889537
5,0.05,35,87.3030556098573,NA,110.418365463654,0.5,108.392680352727,0.5,111.655708861486,0.5,131.219569752093,0.5,112.634127809441,0.5,114.712730669332,0.5,128.221877520092,0.65,112.558454082268,0.5,3.05702180784643,-2.99769223200053,-0.075673727172898,19.5638608906067,13.5091468507597,0.978418947954623,-2.1542765870647,19.829197167365
5,0.05,36,84.5777720588481,NA,103.449474203329,0.5,101.994362226608,0.5,105.376933722424,0.5,104.142533711865,0.5,104.247958039058,0.5,105.741829790758,0.5,105.032838420585,0.5,104.046451687092,0.5,0.364896068334247,0.890304708719754,-0.201506351966017,-1.23440001055923,-0.70899137017372,-1.12897568336602,-1.69537810366629,3.03847619397663
5,0.05,37,80.5316516285945,NA,101.19891135015,0.5,97.0259938591517,0.5,100.215070969152,0.5,100.842313651384,0.5,101.300005284428,0.5,101.199193701054,0.5,99.889847502876,0.55,100.52021749047,0.5,0.984122731901735,-0.952466148507497,-0.779787793958505,0.627242682231199,-1.30934619817803,1.08493431527607,-0.678976210584167,2.8638536437243
5,0.05,38,80.8195672549004,NA,98.9699231128938,0.5,95.2882805728902,0.5,100.251612808878,0.5,99.3366194251408,0.5,99.6153213242445,0.5,100.232609087749,0.5,99.3458932158877,0.5,100.092822409158,0.5,-0.0190037211291667,0.00927379074691714,0.477501084913882,-0.914993383736899,-0.886715871860815,-0.636291484633162,-0.139786678590113,4.05761264299751
5,0.05,39,76.0452339785991,NA,95.0828471274771,0.5,92.676775137258,0.5,95.9800190388476,0.5,95.8411635754941,0.5,94.8441876349679,0.5,95.6300417463291,0.5,95.7147205664902,0.5,94.8493241185767,0.5,-0.349977292518503,-0.126443009003992,0.00513648360876573,-0.13885546335348,0.0846788201610309,-1.13583140387972,-0.780717627752452,3.03794542923212
5,0.05,40,81.8217749508913,NA,101.563039545396,0.5,98.785535875833,0.5,102.456546054509,0.5,100.610585309513,0.5,102.121583786259,0.5,101.784019686288,0.5,101.420498371936,0.55,102.298069081456,0.5,-0.672526368220659,0.809913062423433,0.176485295196628,-1.84596074499616,-0.36352131435207,-0.334962268249498,0.514049395167788,2.63496249610306
5,0.05,41,85.8914215791789,NA,112.734394457851,0.5,112.836518998187,0.5,113.317707866132,0.5,114.141074599925,0.5,112.093626181519,0.5,112.269092737209,0.5,113.543734150213,0.5,114.040354418953,0.5,-1.04861512892333,-0.59734044971195,1.94672823743355,0.823366733792696,1.27464141300408,-1.22408168461293,1.77126168174395,0.707215152025526
5,0.05,42,85.7066491243208,NA,113.060352749038,0.5,110.677229505623,0.5,115.672513346833,0.5,115.867709683145,0.5,114.915557794507,0.5,114.954319160946,0.45,116.722787559883,0.5,114.76446643806,0.5,-0.718194185887199,0.855077876738122,-0.151091356446656,0.195196336311867,1.76846839893719,-0.756955552326176,-0.189852722885632,6.04555805425981
5,0.05,43,80.9381893469591,NA,100.910213527615,0.5,99.3840212875517,0.5,101.641305470067,0.5,102.03499193748,0.5,100.937178087949,0.5,101.764661320983,0.5,102.894336894718,0.5,101.228341915219,0.5,0.123355850915416,0.859344957238505,0.291163827269372,0.393686467412181,1.12967557373527,-0.704127382118173,-0.536319405764218,3.51031560716642
5,0.05,44,81.6002862016079,NA,99.2609998487606,0.5,95.8850051534254,0.5,101.18341407956,0.5,113.870460004959,0.5,100.229963333258,0.5,99.9586838548804,0.5,114.266201872218,0.6,101.669650362672,0.5,-1.22473022467945,0.39574186725936,1.4396870294145,12.6870459253993,14.3075180173381,-0.953450746301954,1.71096650779199,18.3811967187931
5,0.05,45,85.4158529988797,NA,103.864652891138,0.5,100.195672574655,0.5,105.891049366796,0.5,148.629878580673,0.5,103.935256499859,0.5,105.322222079867,0.5,136.379146164127,0.7,105.204152786893,0.5,-0.568827286929036,-12.2507324165463,1.26889628703434,42.7388292138774,31.0569240842602,-1.95579286693706,-0.118069292973686,36.1834735894722
5,0.05,46,81.9046293939003,NA,103.774271754532,0.5,101.617373665411,0.5,105.591255167536,0.5,106.011895025913,0.5,105.15690193695,0.5,104.744776680818,0.5,105.480694360131,0.55,105.422368825077,0.5,-0.846478486718624,-0.531200665781725,0.265466888127605,0.420639858376518,0.735917679313417,-0.434353230586552,0.677592144259677,3.86332069471946
5,0.05,47,77.8995364276236,NA,100.757910315233,0.5,99.4223438919467,0.5,101.826053743318,0.5,102.62118219581,0.5,101.113022270018,0.5,102.442618637952,0.5,101.485525002952,0.55,100.496641927497,0.5,0.61656489463401,-1.13565719285835,-0.616380342521097,0.795128452492065,-0.957093635000291,-0.713031473299935,-1.94597671045504,2.06318111100516
5,0.05,48,83.0054306112622,NA,104.789143883946,0.5,101.612508834071,0.5,105.298778317541,0.5,107.609227508767,0.5,104.623787621686,0.5,106.677759532564,0.5,106.599715973813,0.5,105.303030635869,0.5,1.37898121502323,-1.00951153495402,0.679243014182859,2.31044919122627,-0.0780435587509771,-0.674990695855001,-1.37472889669537,4.98720713974183
5,0.05,49,81.74595058514,NA,103.376328945938,0.5,100.685985453278,0.5,106.357700081394,0.5,106.824502222137,0.5,104.836573599104,0.5,106.94650785025,0.5,106.711949763753,0.5,105.536773065147,0.5,0.588807768856626,-0.112552458383959,0.700199466042903,0.46680214074334,-0.234558086497245,-1.52112648228913,-1.40973478510286,6.02596431047527
5,0.05,50,76.8263509794977,NA,95.2182844073379,0.5,91.1262133693777,0.5,96.3625154144017,0.5,96.889889699865,0.5,96.4616377450528,0.5,96.2969146157945,0.5,97.2321190185346,0.5,96.4078797377217,0.5,-0.0656007986071359,0.342229318669581,-0.0537580073311403,0.52737428546331,0.935204402740027,0.0991223306511557,0.110965121927151,6.10590564915684
20,0.05,1,80.8762001017361,NA,102.944486107623,0.5,100.579795196235,0.5,103.941325383841,0.5,103.375030239535,0.5,103.284978518592,0.5,103.225887243673,0.5,102.802109097094,0.5,103.481610459421,0.5,-0.715438140167549,-0.572921142441317,0.19663194082861,-0.566295144305982,-0.42377814657975,-0.656346865248807,0.255723215747352,2.22231390085811
20,0.05,2,86.2327020234782,NA,109.102028565489,0.5,107.247752183403,0.5,109.31976904258,0.5,109.640138096041,0.5,110.111095354377,0.5,110.140117740226,0.5,109.78236205846,0.5,110.116287831793,0.5,0.82034869764594,0.142223962418413,0.00519247741578965,0.320369053461306,-0.357755681766221,0.791326311797121,-0.0238299084330293,2.53460987505697
20,0.05,3,77.2388420402395,NA,95.5016475073475,0.5,89.9771984803972,0.5,96.4391551197968,0.5,95.9761286757777,0.5,95.5025254078651,0.5,96.4701324272756,0.45,96.2273178105583,0.5,95.2693580577681,0.5,0.0309773074787358,0.251189134780574,-0.233167350097006,-0.463026444019093,-0.242814616717254,-0.936629711931758,-1.2007743695075,6.25011933016107
20,0.05,4,89.2209948742652,NA,113.563590208087,0.5,114.171837755431,0.5,112.965811823327,0.5,113.717665088366,0.5,114.125526850539,0.5,113.101644940785,0.5,112.967936471345,0.5,113.563639421063,0.5,0.135833117458759,-0.749728617021248,-0.561887429475959,0.75185326503923,-0.133708469440776,1.15971502721244,0.461994480277724,-1.2039012840861
20,0.05,5,84.402243412702,NA,104.255502580119,0.5,102.472791923406,0.5,105.854955342027,0.5,105.670386471633,0.5,106.248741700641,0.5,105.456044901274,0.5,106.474490923548,0.5,105.449180086018,0.5,-0.398910440753212,0.804104451915691,-0.799561614623286,-0.184568870394415,1.01844602227449,0.393786358614506,-0.00686481525556815,4.00169900014204
20,0.05,6,94.2149357834896,NA,119.036991118294,0.5,119.718709017242,0.5,121.682069686479,0.5,119.875657175108,0.5,120.154449739185,0.5,120.679505182034,0.5,120.808743267649,0.5,120.432000868861,0.5,-1.00256450444471,0.933086092541586,0.277551129676056,-1.8064125113707,0.129238085615597,-1.52761994729326,-0.247504313172499,1.090034250407
20,0.05,7,83.1432460778453,NA,108.912600906294,0.5,108.325509879445,0.5,111.812659555466,0.5,111.659880542734,0.5,111.024871142831,0.5,111.568853577292,0.5,112.098621707478,0.5,112.311097902655,0.5,-0.243805978173995,0.438741164744215,1.28622675982375,-0.152779012731457,0.529768130186753,-0.787788412634427,0.742244325363316,3.77311182803312
20,0.05,8,78.9870813260794,NA,101.423096593152,0.5,100.19307770761,0.5,101.645364011443,0.5,101.797586446586,0.5,100.61779180512,0.5,101.391446696382,0.5,101.33355162979,0.5,101.097177800993,0.5,-0.253917315061244,-0.464034816795888,0.479385995872804,0.152222435142477,-0.0578950665921667,-1.02757220632375,-0.294268895389706,1.14047392218055
20,0.05,9,79.9172349458268,NA,104.59464932913,0.5,101.747522273535,0.5,107.690667498025,0.5,108.215830512491,0.5,105.957245168814,0.5,107.540178573499,0.5,106.85351265212,0.5,108.236145436058,0.5,-0.150488924525717,-1.36231786037109,2.27890026724378,0.52516301446579,-0.686665921379586,-1.73342232921132,0.69596686255818,5.10599037858519
20,0.05,10,72.2159777452903,NA,93.071901686548,0.5,90.1810915141627,0.5,93.465394927294,0.5,93.1174344172878,0.5,93.3022856531301,0.5,93.1404940038805,0.5,93.7043820655269,0.5,93.6064683267701,0.5,-0.324900923413452,0.586947648239047,0.304182673640028,-0.347960510006175,0.563888061646324,-0.163109274163901,0.465974322889579,3.52329055136413
20,0.05,11,70.2987911402309,NA,90.0143303376112,0.5,85.1979622294876,0.5,89.6887727628844,0.5,89.6045627279784,0.5,89.3268168905104,0.5,89.558608590408,0.5,89.0336639671155,0.5,88.8379879895766,0.5,-0.130164172476356,-0.570898760862917,-0.488828900933811,-0.0842100349059933,-0.524944623292555,-0.361955872373983,-0.720620600831438,3.83570173762784
20,0.05,12,77.0726133508961,NA,97.6990954018201,0.5,94.8338171737927,0.5,98.861400910721,0.5,100.496965745988,0.5,98.4776198976154,0.5,99.075766681903,0.5,98.9449129066361,0.5,98.8424627449294,0.5,0.214365771182074,-1.55205283935157,0.364842847313952,1.63556483526669,-0.130853775266957,-0.383781013105519,-0.233303936973641,4.1110957328434
20,0.05,13,80.5024922217724,NA,101.868377157041,0.5,99.1135007694867,0.5,102.923520079241,0.5,103.397457465552,0.5,102.368421860081,0.5,103.268196615366,0.5,103.222611711738,0.5,102.780880768425,0.5,0.344676536124481,-0.174845753814111,0.412458908343567,0.473937386310411,-0.0455849036281819,-0.55509821916003,-0.487315846940945,4.10911094225105
20,0.05,14,82.4390598987508,NA,106.636483803232,0.5,102.715487590288,0.5,106.423074977131,0.5,105.553049068508,0.5,106.777320963642,0.5,106.572294145653,0.5,107.379535885033,0.5,106.502009785457,0.5,0.14921916852208,1.8264868165253,-0.275311178185547,-0.870025908623219,0.807241739380004,0.354245986511287,-0.0702843601963394,4.66404829474511
20,0.05,15,93.7423487076798,NA,113.033122599378,0.5,110.249027202997,0.5,113.694091783805,0.5,112.43252445654,0.5,113.694054717028,0.5,113.180329722785,0.5,111.680478396832,0.5,113.513708344106,0.5,-0.513762061019705,-0.752046059707865,-0.180346372921733,-1.26156732726487,-1.49985132595303,-3.70667771107946e-05,0.333378621320861,1.43145119383486
20,0.05,16,85.7211560027588,NA,107.237325876592,0.5,102.955197955252,0.5,107.673290498362,0.5,107.726261842239,0.5,107.201096005461,0.5,107.034772485699,0.45,107.324392581172,0.5,107.71972814365,0.5,-0.638518012663013,-0.401869261066423,0.518632138188735,0.0529713438764787,0.289620095473069,-0.47219449290148,0.684955657950269,4.36919462592073
20,0.05,17,79.583660613657,NA,103.609530635166,0.5,99.1792978989213,0.5,104.149936974621,0.5,104.078079579755,0.5,104.083244444324,0.5,103.988189834759,0.5,104.422214189781,0.5,103.708855937529,0.5,-0.161747139861575,0.344134610025975,-0.374388506794844,-0.0718573948660151,0.434024355021535,-0.0666925302968338,-0.279333897230103,5.24291629085944
20,0.05,18,78.8403184356226,NA,99.1817944914993,0.5,97.7543879858915,0.5,100.825974881195,0.5,100.394906339109,0.5,100.61329209596,0.5,100.553405991716,0.5,100.507912846872,0.5,102.136735514575,0.5,-0.272568889478535,0.113006507763089,1.52344341861509,-0.431068542085541,-0.0454931448439169,-0.21268278523516,1.58332952285846,2.753524860981
20,0.05,19,89.6943062734284,NA,109.12869645273,0.5,105.942820063092,0.5,110.195797268952,0.5,109.94770837836,0.5,109.870958407018,0.5,110.876233885379,0.5,110.170585072314,0.5,110.395425405493,0.5,0.680436616426945,0.222876693954277,0.52446699847539,-0.248088890592214,-0.705648813064883,-0.324838861934595,-0.48080847988615,4.2277650092221
20,0.05,20,77.3480020129813,NA,99.3082920709933,0.5,97.241743693501,0.5,100.857644641224,0.5,102.018777146419,0.5,100.798082389641,0.5,100.628880182118,0.5,101.294252953279,0.5,99.3598399425721,0.5,-0.22876445910596,-0.724524193139871,-1.43824244706875,1.16113250519471,0.665372771160804,-0.0595622515829177,-1.2690402395457,4.05250925977761
20,0.05,21,89.1380992545682,NA,110.461173536994,0.5,108.297493321367,0.5,113.164522868335,0.5,114.155973412097,0.5,112.355640730488,0.5,111.675226627499,0.5,113.503126257762,0.5,112.804712409792,0.5,-1.48929624083615,-0.652847154335348,0.449071679304552,0.991450543762511,1.82789963026332,-0.808882137847021,1.12948578229368,5.20563293639448
20,0.05,22,79.3897746574638,NA,101.377821506122,0.5,103.526772323016,0.5,103.917925760758,0.5,104.877436274723,0.5,103.346853886378,0.5,104.250450946684,0.5,105.861548167978,0.5,102.711351160381,0.5,0.332525185925988,0.984111893255175,-0.635502725996574,0.959510513964872,1.61109722129406,-0.571071874380692,-1.53909978630325,2.33477584496258
20,0.05,23,90.3236222116668,NA,113.43460426168,0.5,113.428923614763,0.5,114.778752698667,0.5,115.52431337555,0.5,114.73776967031,0.5,113.934865127492,0.5,116.601267518238,0.5,114.12558376493,0.5,-0.843887571175202,1.07695414268883,-0.612185905380073,0.745560676882945,2.66640239074698,-0.0409830283570614,0.190718637438067,3.17234390347521
20,0.05,24,78.967425697543,NA,97.8891881413786,0.5,94.5912628696347,0.5,98.9020737328663,0.5,98.694147520959,0.5,98.9930265723971,0.5,98.8180192319297,0.5,98.6664349013116,0.5,97.8374257276622,0.5,-0.0840545009366167,-0.0277126196473887,-1.15560084473496,-0.207926211907264,-0.151584330618036,0.0909528395308428,-0.980593504267503,4.0751720316769
20,0.05,25,75.2023872742758,NA,97.0484845242806,0.5,94.1165209559222,0.5,97.7276850991593,0.5,97.1001664916336,0.5,96.61089549243,0.5,97.1241212039948,0.5,97.1454297043039,0.5,95.1269588072743,0.5,-0.603563895164513,0.045263212670335,-1.48393668515567,-0.62751860752573,0.021308500309118,-1.11678960672928,-1.99716239672044,3.02890874838172
20,0.05,26,88.8197333656339,NA,112.030582047785,0.5,113.453018121161,0.499999999999999,114.090892736579,0.5,114.57450911093,0.5,114.236953287049,0.5,113.512258354183,0.5,113.556167871194,0.5,113.074196466253,0.5,-0.578634382395748,-1.01834123973603,-1.16275682079564,0.483616374350774,0.0439095170104906,0.146060550469755,-0.438061887930132,0.103149750032813
20,0.05,27,79.811348768496,NA,99.2068329930358,0.5,98.2220025700302,0.5,100.287921065003,0.5,101.081810832565,0.5,100.853924273931,0.5,100.97219493756,0.5,101.105180644728,0.5,101.191340713254,0.5,0.684273872556247,0.0233698121630965,0.337416439322851,0.793889767561481,0.132985707168331,0.566003208927654,0.219145775694258,2.88317807469782
20,0.05,28,79.5536766294286,NA,100.474499239686,0.5,98.5561233874466,0.5,101.71226588552,0.5,102.070356007571,0.5,100.700043629061,0.5,101.673525491053,0.5,102.135150970928,0.5,100.457420021867,0.5,-0.0387403944662026,0.0647949633573859,-0.242623607193835,0.358090122051195,0.461625479874783,-1.01222225645911,-1.21610546918674,3.5790275834816
20,0.05,29,78.6896869408257,NA,102.941481537157,0.5,103.153665153335,0.499999999999999,104.780924996993,0.5,103.290643289094,0.5,104.181207386028,0.5,104.38617711943,0.5,103.858353724411,0.5,105.930131951609,0.5,-0.394747877563177,0.567710435316812,1.74892456558108,-1.49028170789906,-0.52782339501907,-0.599717610965158,1.5439548321791,0.704688571076218
20,0.05,30,75.2368945876496,NA,95.1612548812741,0.5,91.8471151379588,0.5,97.1657503114822,0.5,97.4940881492141,0.5,97.3460618607429,0.5,97.1811695735407,0.5,97.3962053461347,0.5,96.9486398475209,0.5,0.0154192620585718,-0.0978828030793863,-0.397422013222055,0.328337837731908,0.21503577259395,0.18031154926075,-0.232529726019877,5.54909020817593
20,0.05,31,76.1751429389553,NA,96.1809200516852,0.5,91.6772450228167,0.5,96.6452805355602,0.5,96.4765441594894,0.5,95.8834646637537,0.5,97.0015834516031,0.5,96.6719692702557,0.5,96.4249799302579,0.5,0.356302916042878,0.195425110766294,0.54151526650422,-0.168736376070825,-0.329614181347409,-0.761815871806576,-0.576603521345234,4.99472424743898
20,0.05,32,84.9729193418102,NA,109.886266539943,0.5,104.662389169872,0.5,111.609491443232,0.5,110.782698902087,0.5,111.312897191158,0.5,110.405868509707,0.5,111.819937054587,0.5,110.888152745104,0.5,-1.2036229335243,1.03723815250002,-0.424744446054191,-0.826792541144499,1.41406854487983,-0.29659425207312,0.482284235396989,7.1575478847147
20,0.05,33,83.6404955273909,NA,104.17050142144,0.5,102.76614517487,0.5,104.89413653704,0.5,104.412629471703,0.5,104.803043287152,0.5,104.320487832961,0.5,103.738811638238,0.5,103.471460124168,0.5,-0.573648704079318,-0.67381783346454,-1.33158316298429,-0.481507065337524,-0.581676194722746,-0.0910932498879191,-0.849027708792889,0.972666463368043
20,0.05,34,83.5952684145193,NA,107.17397103211,0.5,105.694701678398,0.5,107.469718241635,0.5,111.683897811966,0.5,109.77844855545,0.5,108.5834024387,0.5,107.599105542616,0.5,109.915816213781,0.5,1.11368419706473,-4.08479226934956,0.137367658331556,4.21417957033103,-0.984296896083265,2.30873031381466,1.33241377508149,1.90440386421835
20,0.05,35,87.3030556098573,NA,110.418365463654,0.5,108.392680352727,0.5,111.655708861486,0.5,119.251351956011,0.5,112.634127809441,0.5,114.712730669332,0.5,116.572328214094,0.5,112.558454082268,0.5,3.05702180784643,-2.67902374191668,-0.075673727172898,7.59564309452475,1.85959754476164,0.978418947954623,-2.1542765870647,8.17964786136694
20,0.05,36,84.5777720588481,NA,103.449474203329,0.5,101.994362226608,0.5,105.376933722424,0.5,104.480240622337,0.5,104.247958039058,0.5,105.741829790758,0.5,105.241185639729,0.5,104.046451687092,0.5,0.364896068334247,0.760945017391535,-0.201506351966017,-0.896693100087049,-0.500644151029761,-1.12897568336602,-1.69537810366629,3.24682341312059
20,0.05,37,80.5316516285945,NA,101.19891135015,0.5,97.0259938591517,0.5,100.215070969152,0.5,98.8311014876678,0.5,101.300005284428,0.5,101.199193701054,0.5,99.5072159833439,0.55,100.52021749047,0.5,0.984122731901735,0.676114495676117,-0.779787793958505,-1.38396948148454,-1.69197771771016,1.08493431527607,-0.678976210584167,2.48122212419217
20,0.05,38,80.8195672549004,NA,98.9699231128938,0.5,95.2882805728902,0.5,100.251612808878,0.5,100.022373754314,0.5,99.6153213242445,0.5,100.232609087749,0.5,99.7313107853049,0.5,100.092822409158,0.5,-0.0190037211291667,-0.291062969009261,0.477501084913882,-0.229239054563507,-0.501298302443601,-0.636291484633162,-0.139786678590113,4.44303021241473
20,0.05,39,76.0452339785991,NA,95.0828471274771,0.5,92.676775137258,0.5,95.9800190388476,0.5,95.9603865908333,0.5,94.8441876349679,0.5,95.6300417463291,0.5,95.9238619763602,0.5,94.8493241185767,0.5,-0.349977292518503,-0.0365246144731088,0.00513648360876573,-0.0196324480143346,0.293820230031059,-1.13583140387972,-0.780717627752452,3.24708683910215
20,0.05,40,81.8217749508913,NA,101.563039545396,0.5,98.785535875833,0.5,102.456546054509,0.5,101.126530421004,0.5,102.121583786259,0.5,101.784019686288,0.5,99.7687243966038,0.6,102.298069081456,0.5,-0.672526368220659,-1.35780602440012,0.176485295196628,-1.3300156335049,-2.01529528968436,-0.334962268249498,0.514049395167788,0.983188520770767
20,0.05,41,85.8914215791789,NA,112.734394457851,0.5,112.836518998187,0.5,113.317707866132,0.5,112.378321398208,0.5,112.093626181519,0.5,112.269092737209,0.5,114.085933250182,0.5,114.040354418953,0.5,-1.04861512892333,1.70761185197372,1.94672823743355,-0.939386467923953,1.8168405129731,-1.22408168461293,1.77126168174395,1.24941425199455
20,0.05,42,85.7066491243208,NA,113.060352749038,0.5,110.677229505623,0.5,115.672513346833,0.5,114.132003687099,0.5,114.915557794507,0.5,114.954319160946,0.45,116.356565199375,0.45,114.76446643806,0.5,-0.718194185887199,2.22456151227637,-0.151091356446656,-1.54050965973406,1.40224603842951,-0.756955552326176,-0.189852722885632,5.67933569375214
20,0.05,43,80.9381893469591,NA,100.910213527615,0.5,99.3840212875517,0.5,101.641305470067,0.5,101.433556661903,0.5,100.937178087949,0.5,101.764661320983,0.5,102.042610249779,0.5,101.228341915219,0.5,0.123355850915416,0.609053587875422,0.291163827269372,-0.207748808164183,0.277948928795823,-0.704127382118173,-0.536319405764218,2.65858896222697
20,0.05,44,81.6002862016079,NA,99.2609998487606,0.5,95.8850051534254,0.5,101.18341407956,0.5,100.758902082417,0.5,100.229963333258,0.5,99.9586838548804,0.5,101.059089153158,0.5,101.669650362672,0.5,-1.22473022467945,0.300187070741288,1.4396870294145,-0.424511997142943,1.10040529827779,-0.953450746301954,1.71096650779199,5.17408399973279
20,0.05,45,85.4158529988797,NA,103.864652891138,0.5,100.195672574655,0.5,105.891049366796,0.5,145.604253542595,0.5,103.935256499859,0.5,105.322222079867,0.5,133.434473963936,0.65,105.204152786893,0.5,-0.568827286929036,-12.1697795786586,1.26889628703434,39.7132041757985,28.1122518840689,-1.95579286693706,-0.118069292973686,33.238801389281
20,0.05,46,81.9046293939003,NA,103.774271754532,0.5,101.617373665411,0.5,105.591255167536,0.5,105.076385015228,0.5,105.15690193695,0.5,104.744776680818,0.5,104.953732283094,0.5,105.422368825077,0.5,-0.846478486718624,-0.122652732133801,0.265466888127605,-0.514870152308646,0.208955602276177,-0.434353230586552,0.677592144259677,3.33635861768222
20,0.05,47,77.8995364276236,NA,100.757910315233,0.5,99.4223438919467,0.5,101.826053743318,0.5,102.113106242855,0.5,101.113022270018,0.5,102.442618637952,0.5,101.4228371973,0.5,100.496641927497,0.5,0.61656489463401,-0.690269045554714,-0.616380342521097,0.287052499536898,-1.01978144065183,-0.713031473299935,-1.94597671045504,2.00049330535363
20,0.05,48,83.0054306112622,NA,104.789143883946,0.5,101.612508834071,0.5,105.298778317541,0.5,105.112234366338,0.5,104.623787621686,0.5,106.677759532564,0.5,105.27111183766,0.5,105.303030635869,0.5,1.37898121502323,0.15887747132183,0.679243014182859,-0.186543951203021,-1.40664769490442,-0.674990695855001,-1.37472889669537,3.65860300358838
20,0.05,49,81.74595058514,NA,103.376328945938,0.5,100.685985453278,0.5,106.357700081394,0.5,106.793122442992,0.5,104.836573599104,0.5,106.94650785025,0.5,106.058478233455,0.5,105.536773065147,0.5,0.588807768856626,-0.734644209537322,0.700199466042903,0.435422361598839,-0.888029616795109,-1.52112648228913,-1.40973478510286,5.37249278017741
20,0.05,50,76.8263509794977,NA,95.2182844073379,0.5,91.1262133693777,0.5,96.3625154144017,0.5,96.5376298970573,0.5,96.4616377450528,0.5,96.2969146157945,0.5,97.162024696536,0.5,96.4078797377217,0.5,-0.0656007986071359,0.624394799478694,-0.0537580073311403,0.175114482655658,0.865110080741488,0.0991223306511557,0.110965121927151,6.0358113271583
0.1,0.2,1,82.3099900278104,NA,105.532558279048,0.5,103.012100923169,0.5,106.531183167604,0.5,112.957946481502,0.5,105.88324722173,0.5,105.838810778402,0.5,112.872110714464,0.5,106.038320800942,0.5,-0.69237238920239,-0.0858357670375938,0.155073579211574,6.42676331389764,7.03329993606243,-0.647935945874138,0.199510022539826,9.86000979129585
0.1,0.2,2,87.8360073563939,NA,111.818660214944,0.5,109.777948767227,0.5,112.01101294424,0.5,120.533889619071,0.5,112.80856361014,0.5,112.852766088257,0.5,120.55204948407,0.5,112.823294822407,0.5,0.841753144016522,0.0181598649988501,0.0147312122665113,8.5228766748308,7.69928339581313,0.797550665900133,-0.0294712658498781,10.7741007168433
0.1,0.2,3,78.9865188713109,NA,98.3453900965227,0.5,92.5300355123687,0.5,99.3251676785044,0.5,102.619540381353,0.5,98.3620551878594,0.5,99.3966933030197,0.45,102.47343983968,0.5,98.1250094194918,0.5,0.0715256245152602,-0.146100541673306,-0.237045768367608,3.29437270284851,3.07674653665994,-0.963112490645017,-1.27168388352788,9.94340432731096
0.1,0.2,4,90.837346998793,NA,116.267538026089,0.5,116.713621646422,0.5,115.71494503554,0.5,130.369101564051,0.5,116.844674290002,0.5,115.588575891621,0.45,129.364307678802,0.55,116.292673790914,0.5,-0.126369143918666,-1.00479388524869,-0.552000499087811,14.654156528511,13.7757317871809,1.12972925446196,0.704097899292819,12.6506860323802
0.1,0.2,5,86.3168165108332,NA,107.224291603131,0.5,105.320163803342,0.5,108.8711941468,0.5,114.651005116708,0.5,109.26234679643,0.5,108.473012121981,0.45,114.650325825691,0.5,108.453644425994,0.5,-0.398182024818951,-0.000679291016595585,-0.808702370435782,5.77981096990739,6.17731370370974,0.39115264962922,-0.0193676959876115,9.330162022349
0.1,0.2,6,95.851551495123,NA,121.7865338259,0.5,122.379237446626,0.5,124.410773623913,0.5,132.27420422959,0.5,122.885373313854,0.5,122.780305162233,0.45,131.843084184735,0.55,123.184897665518,0.5,-1.63046846168029,-0.431120044854936,0.299524351664218,7.86343060567638,9.06277902250174,-1.52540031005965,0.40459250328486,9.46384673810917
0.1,0.2,7,84.4304044019455,NA,111.27928110974,0.5,110.502860114951,0.5,114.160539466202,0.5,129.77245841308,0.5,113.349640303891,0.5,114.327899923833,0.45,128.522344756459,0.65,114.626685054133,0.5,0.167360457631105,-1.25011365662132,1.27704475024206,15.6119189468785,14.1944448326261,-0.810899162311003,0.298785130299947,18.0194846415082
0.1,0.2,8,80.53313820469,NA,104.048546621066,0.5,102.692814057175,0.5,104.306179718921,0.5,112.721354128382,0.5,103.230129920857,0.5,104.036659642276,0.5,112.794968124744,0.5,103.739721827685,0.5,-0.269520076645321,0.0736139963624538,0.509591906828859,8.4151744094608,8.75830848246858,-1.0760497980643,-0.296937814590123,10.1021540675691
0.1,0.2,9,81.4850560574514,NA,107.1801657462,0.5,104.184352859876,0.5,110.335573518059,0.5,121.971443268425,0.5,108.568891230906,0.5,110.360082065339,0.45,121.358950351167,0.55,110.890201988916,0.5,0.0245085472805329,-0.612492917257839,2.32131075801016,11.6358697503668,10.9988682858284,-1.76668228715275,0.530119923576876,17.1745974912916
0.1,0.2,10,73.5315539220297,NA,95.5563506202943,0.5,92.494842644964,0.5,95.9429570303507,0.5,99.1483535413291,0.5,95.7749889654484,0.5,95.6090179353107,0.5,99.0970059853371,0.5,96.0801957307645,0.5,-0.333939095040051,-0.0513475559920096,0.305206765316129,3.20539651097837,3.48798805002642,-0.167968064902311,0.471177795453869,6.60216334037305
0.1,0.2,11,71.5959335188435,NA,92.4825570934497,0.5,87.4577348408765,0.5,92.1614969830087,0.5,95.226284525915,0.5,91.7727629090684,0.5,92.0060044385004,0.5,95.4965148556436,0.5,91.2745991642337,0.5,-0.155492544508363,0.270230329728662,-0.498163744834642,3.06478754290626,3.49051041714328,-0.388734073940341,-0.731405274266621,8.03878001476716
0.1,0.2,12,78.5842370950655,NA,100.332026009413,0.5,97.2832290823781,0.5,101.520676016893,0.5,106.87432695364,0.5,101.123516126424,0.5,101.744501060579,0.5,106.893311229247,0.5,101.485012363858,0.5,0.223825043685565,0.0189842756075791,0.361496237434849,5.35365093674665,5.14881016866866,-0.397159890469609,-0.259488696720325,9.61008214686932
0.1,0.2,13,82.1682899777375,NA,104.648654957183,0.5,101.739720213326,0.5,105.741582465536,0.5,110.586737100525,0.5,105.182993645728,0.5,106.267948274428,0.45,110.656083319507,0.5,105.762716155697,0.5,0.526365808892066,0.0693462189818774,0.57972250996886,4.8451546349889,4.38813504507871,-0.558588819808264,-0.50523211873147,8.91636310618151
0.1,0.2,14,83.7418508154533,NA,109.097871610162,0.5,105.036577543051,0.5,108.852101211983,0.5,116.005288448205,0.5,109.220600153341,0.5,109.291735145046,0.45,116.182140733427,0.5,108.845016292935,0.5,0.43963393306322,0.176852285221884,-0.375583860406437,7.15318723622229,6.89040558838096,0.368498941358439,-0.446718852111218,11.1455631903767
0.1,0.2,15,95.822574720523,NA,116.195842006445,0.5,113.231108607504,0.5,116.875725985694,0.5,123.813065753998,0.5,116.833271107064,0.5,116.378791502726,0.5,123.987979806844,0.5,116.702199104885,0.5,-0.49693448296739,0.174914052845764,-0.131072002178556,6.93733976830478,7.60918830411794,-0.0424548786297834,0.323407602159051,10.75687119934
0.1,0.2,16,87.4095808609405,NA,110.046021319074,0.5,105.609102373845,0.5,110.489517379662,0.5,117.430617343481,0.5,110.023163686439,0.5,109.902647935437,0.45,117.446112839658,0.5,110.55218714474,0.5,-0.586869444225016,0.0154954961771381,0.529023458300514,6.94109996381916,7.54346490422131,-0.466353693222416,0.649539209303114,11.8370104658127
0.1,0.2,17,80.9425806758769,NA,106.106627743981,0.5,101.475886691286,0.5,106.653663784747,0.5,112.934721716195,0.5,106.575930673895,0.5,106.465224493716,0.5,112.893703180522,0.5,106.171018688804,0.5,-0.188439291031017,-0.0410185356726203,-0.404911985090422,6.28105793144766,6.42847868680606,-0.0777331108522361,-0.294205804911641,11.4178164892365
0.1,0.2,18,80.4837129119941,NA,101.910234518959,0.5,100.301093130557,0.5,103.60680930249,0.5,111.917038866811,0.5,103.370808865405,0.5,103.316086812565,0.5,111.397307258077,0.55,104.856968813071,0.5,-0.29072248992523,-0.519731608733991,1.4861599476658,8.31022956432076,8.081220445512,-0.236000437084897,1.54088200050613,11.0962141275197
0.1,0.2,19,91.7282859610138,NA,112.286777885703,0.5,108.996615963331,0.5,113.345416539582,0.5,115.986364958017,0.5,113.059980974006,0.5,114.14755069918,0.45,115.924446462483,0.5,113.601214088665,0.5,0.802134159598168,-0.061918495533277,0.541233114659093,2.64094841843483,1.77689576330339,-0.285435565575639,-0.546336610514714,6.92783049915234
0.1,0.2,20,78.8766161021553,NA,101.918226525963,0.5,99.7163524686166,0.5,103.49861106374,0.5,113.160926278463,0.5,103.432787161068,0.5,103.813093374327,0.45,112.781815231597,0.55,101.935364957473,0.5,0.314482310586925,-0.379111046866058,-1.49742220359434,9.6623152147223,8.96872185726932,-0.0658239026727472,-1.87772841685401,13.06546276298
0.1,0.2,21,91.0807614781705,NA,113.457174831079,0.5,111.164502949912,0.5,116.22200258366,0.5,123.975750681798,0.5,115.361958819281,0.5,114.826287533302,0.45,123.417249673662,0.55,115.820344023737,0.5,-1.39571505035839,-0.558501008135522,0.458385204456022,7.75374809813721,8.59096214036008,-0.860043764379668,0.994056490434744,12.2527467237505
0.1,0.2,22,80.9193275555302,NA,104.002626340162,0.5,105.990262951561,0.5,106.538374332154,0.5,121.125324603721,0.5,105.946243805535,0.5,106.873092484887,0.5,120.569107294504,0.6,105.249915964615,0.5,0.33471815273333,-0.556217309217274,-0.69632784091985,14.5869502715667,13.6960148096161,-0.592130526619229,-1.62317652027241,14.5788443429429
0.1,0.2,23,91.9624176473745,NA,116.187409897988,0.5,116.035300620256,0.5,117.553284881441,0.5,127.197538738089,0.5,117.509643561685,0.5,116.621935178637,0.45,126.915789683595,0.55,116.911522343489,0.5,-0.93134970280417,-0.281749054493787,-0.598121218196397,9.64425385664798,10.2938545049584,-0.0436413197560199,0.289587164851753,10.8804890633391
0.1,0.2,24,80.8384971655544,NA,100.868648553876,0.5,97.4310722625409,0.5,101.913606369266,0.5,105.293297700403,0.5,101.998366584033,0.5,102.020916480793,0.45,105.274532881632,0.5,100.833209832803,0.5,0.107310111526388,-0.0187648187713165,-1.16515675123004,3.37969133113707,3.25361640083936,0.0847602147673712,-1.18770664798906,7.84346061909098
0.1,0.2,25,76.5198622833525,NA,99.5126041139762,0.5,96.3423009893002,0.5,100.175255523864,0.5,109.83020990809,0.5,99.0637664253974,0.5,99.5899416103153,0.5,109.43280522082,0.5,97.5520064441094,0.5,-0.585313913548532,-0.39740468727004,-1.51175998128805,9.65495438422657,9.84286361050506,-1.11148909846641,-2.03793516620593,13.0905042315202
0.1,0.2,26,90.4345111424183,NA,114.75566983394,0.5,116.022650055787,0.499999999999999,116.833531889697,0.5,132.021497374259,0.5,116.936892642826,0.5,116.439795967409,0.45,131.391288013195,0.6,115.80439998198,0.5,-0.393735922287675,-0.630209361063891,-1.13249266084614,15.1879654845624,14.9514920457862,0.10336075312992,-0.635395985428545,15.3686379574082
0.1,0.2,27,81.6139437872411,NA,102.065102849433,0.5,100.97391013009,0.5,103.182590151354,0.5,111.921761389462,0.5,103.734363395124,0.5,103.702858476262,0.45,111.917112930754,0.5,104.076398602014,0.5,0.520268324908159,-0.00464845870772024,0.342035206890586,8.73917123810794,8.21425445449206,0.551773243769418,0.373540125751845,10.9432028006644
0.1,0.2,28,81.2082775744694,NA,103.238968392183,0.5,101.188094334563,0.5,104.526656194438,0.5,109.149430897761,0.5,103.499588116494,0.5,104.473129864334,0.5,108.990273756593,0.5,103.263144475568,0.5,-0.0535263301042477,-0.159157141167441,-0.236443640925202,4.62277470332262,4.51714389225943,-1.02706807794434,-1.20998538876529,7.80217942203005
0.1,0.2,29,79.9654503201758,NA,105.349634023396,0.5,105.399508299063,0.499999999999999,107.156525717833,0.5,117.253209853652,0.5,106.542606016106,0.5,106.748583461526,0.5,116.868163905832,0.55,108.282148907471,0.5,-0.407942256307336,-0.385045947820601,1.73954289136488,10.096684135819,10.1195804443058,-0.613919701727198,1.53356544594502,11.4686556067691
0.1,0.2,30,76.914867997734,NA,97.9284813198876,0.5,94.4123793681404,0.5,100.006501825283,0.5,103.59780689901,0.5,100.16936784268,0.5,99.7795748539383,0.45,103.660308092159,0.5,99.7697911155205,0.5,-0.226926971344227,0.0625011931491599,-0.399576727159484,3.59130507372723,3.88073323822061,0.16286601739742,-0.00978373841783764,9.24792872401851
0.1,0.2,31,77.6874080542582,NA,98.8473462411338,0.5,94.0504456729534,0.5,99.3033270181284,0.5,102.81894262756,0.5,98.5500140700451,0.5,99.7871215135765,0.45,102.881968042399,0.5,99.09821354944,0.5,0.483794495448109,0.0630254148389611,0.548199479394867,3.51561560943149,3.09484652882234,-0.753312948083291,-0.688907964136533,8.83152236944551
0.1,0.2,32,86.482182411543,NA,112.530338840594,0.5,107.137547852596,0.5,114.287798768528,0.5,120.715918928555,0.5,113.958395480319,0.5,113.994555254902,0.45,120.085740132501,0.55,113.551926910006,0.5,-0.293243513625939,-0.630178796054423,-0.406468570313137,6.42812016002773,6.09118487759925,-0.329403288208056,-0.442628344895255,12.9481922799053
0.1,0.2,33,85.3469427820888,NA,107.015602935256,0.5,105.473461879824,0.5,107.746950929527,0.5,112.114296420062,0.5,107.641340360639,0.5,107.25426374607,0.45,112.252961241495,0.5,106.255555919527,0.5,-0.49268718345624,0.138664821432812,-1.38578444111211,4.36734549053534,4.9986974954244,-0.1056105688874,-0.998707826543267,6.77949936167069
0.1,0.2,34,85.1306620665817,NA,109.796149618745,0.5,108.114359166592,0.5,110.130776809513,0.5,130.270375280913,0.5,112.407410982943,0.5,111.174161846612,0.45,128.752640716763,0.7,112.592233020865,0.5,1.04338503709901,-1.51773456414975,0.184822037921549,20.1395984713997,17.578478870151,2.27663417343045,1.41807117425299,20.6382815501711
0.1,0.2,35,88.939862778817,NA,113.161793461634,0.5,110.95469600295,0.5,114.420512025698,0.5,137.195203373804,0.5,115.382468713291,0.5,118.523327723789,0.45,134.671599800492,0.65,115.198236037339,0.5,4.10281569809101,-2.52360357331199,-0.184232675951833,22.7746913481056,16.1482720767026,0.96195668759276,-3.32509168645008,23.7169037975416
0.1,0.2,36,86.434100891451,NA,106.425954853862,0.5,104.766093891516,0.5,108.400271107163,0.5,110.589471361529,0.5,107.251762962142,0.5,108.76707676248,0.5,110.918657451783,0.5,107.127877959092,0.5,0.366805655317137,0.329186090253643,-0.12388500304931,2.18920025436631,2.15158068930282,-1.14850814502135,-1.6391988033878,6.15256356026725
0.1,0.2,37,82.1156646215319,NA,103.935924336298,0.5,99.5655025203002,0.5,102.933749151681,0.5,107.310272749393,0.5,104.048023460423,0.5,103.955043769812,0.5,107.394633755274,0.5,103.335555470399,0.5,1.02129461813075,0.0843610058811919,-0.71246799002391,4.3765235977116,3.43958998546204,1.11427430874221,-0.619488299412453,7.82913123497357
0.1,0.2,38,82.6726646188388,NA,101.933992200308,0.5,98.0579080061646,0.5,103.252175410712,0.5,105.734169359828,0.5,102.595067041684,0.5,103.242092452286,0.5,105.572699043083,0.5,103.092349857471,0.5,-0.0100829584259969,-0.161470316744243,0.497282815787145,2.48199394911543,2.33060659079719,-0.657108369028364,-0.149742594815223,7.51479103691868
0.1,0.2,39,77.6931375030825,NA,97.8531475984948,0.5,95.3051366930336,0.5,98.7499717719343,0.5,102.599736803044,0.5,97.5820906891328,0.5,98.423014699726,0.5,102.549314086295,0.5,97.597284283151,0.5,-0.32695707220833,-0.0504227167490683,0.0151935940181716,3.84976503110965,4.12629938656892,-1.1678810828015,-0.825730416574999,7.24417739326128
0.1,0.2,40,83.5044421901027,NA,104.355688626545,0.5,101.446327901066,0.5,105.26515060399,0.5,111.203642946127,0.5,104.915196925795,0.5,104.876655752364,0.45,111.275440140426,0.5,105.09258857694,0.5,-0.388494851626419,0.0717971942992364,0.177391651144802,5.93849234213614,6.3987843880618,-0.349953678195575,0.215932824575646,9.82911223935956
0.1,0.2,41,87.2097711483964,NA,115.160174001897,0.5,115.114732898698,0.5,115.71322220072,0.5,127.231693197593,0.5,114.514841388856,0.5,114.030969737963,0.45,126.721132917916,0.6,116.408776176086,0.5,-1.68225246275702,-0.510560279677179,1.8939347872296,11.5184709968725,12.6901631799523,-1.19838081186447,2.37780643812215,11.6064000192179
0.1,0.2,42,86.9686251993864,NA,115.437081753309,0.5,112.935053559696,0.5,118.063040024199,0.5,125.804489858249,0.5,117.31762415343,0.5,117.329138003523,0.45,125.433716434535,0.55,116.948920480513,0.5,-0.733902020675458,-0.370773423713928,-0.368703672916695,7.74144983405023,8.10457843101176,-0.745415870768852,-0.380217523010089,12.4986628748387
0.1,0.2,43,82.4738718187159,NA,103.589383646727,0.5,101.921176686583,0.5,104.339344443812,0.5,108.356476375427,0.5,103.618627760921,0.5,104.735039380867,0.45,108.390684047921,0.5,103.922333991651,0.5,0.395694937055126,0.0342076724940767,0.303706230730384,4.01713193161456,3.65564466705351,-0.720716682891307,-0.812705389216049,6.4695073613382
0.1,0.2,44,83.551693801706,NA,102.290946153454,0.5,98.7035857257531,0.5,104.259772872904,0.5,119.620652300877,0.5,103.306687607941,0.5,103.952370913975,0.45,119.461304655071,0.55,104.711373512098,0.5,-0.307401958929177,-0.159347645806349,1.40468590415762,15.3608794279737,15.5089337410965,-0.953085264963093,0.7590025981237,20.757718929318
0.1,0.2,45,87.3977315449308,NA,106.92189608318,0.5,103.074229147615,0.5,108.96059776678,0.5,151.172527255771,0.5,107.012157559235,0.5,108.839796967529,0.45,137.632199866117,0.65,108.269506892584,0.5,-0.120800799251356,-13.5403273896537,1.25734933334854,42.2119294889905,28.7924028985882,-1.94844020754489,-0.570290074944992,34.5579707185022
0.1,0.2,46,83.4719843823191,NA,106.436495012107,0.5,104.091192688745,0.5,108.305679519952,0.5,115.948378109346,0.5,107.840359249025,0.5,107.491279837288,0.45,115.599081350272,0.55,108.086839651941,0.5,-0.81439968266416,-0.349296759074178,0.246480402916561,7.6426985893937,8.10780151298368,-0.46532027092762,0.5955598146531,11.5078886615272
0.1,0.2,47,79.3678062458055,NA,103.348563712532,0.5,101.823877720724,0.5,104.422439625859,0.5,112.032116853785,0.5,103.688188746427,0.5,105.024908250341,0.5,111.891193788344,0.5,103.060029712228,0.5,0.602468624481531,-0.14092306544039,-0.62815903419947,7.60967722792559,6.86628553800367,-0.734250879431642,-1.96487853811264,10.0673160676201
0.1,0.2,48,84.5722570058372,NA,107.479407566163,0.5,104.144531361939,0.5,107.949152025993,0.5,117.775038107739,0.5,107.245741732636,0.5,109.999713643865,0.45,117.727276569511,0.5,108.161257066824,0.5,2.05056161787192,-0.047761538228059,0.91551533418793,9.82588608174662,7.72756292564664,-0.703410293356583,-1.83845657704057,13.5827452075722
0.1,0.2,49,83.4114243026338,NA,106.115340868588,0.5,103.224782349225,0.5,109.118771914959,0.5,117.684258796876,0.5,107.592709319843,0.5,109.648522289305,0.45,117.559870030073,0.55,108.276909461636,0.5,0.529750374345696,-0.124388766803037,0.684200141793085,8.56548688191657,7.91134774076784,-1.52606259511694,-1.37161282766955,14.3350876808483
0.1,0.2,50,78.6183136530145,NA,98.1143919221505,0.5,93.7653023357365,0.5,99.3037244616718,0.5,101.799093008458,0.5,99.4097521678925,0.5,99.0555366986999,0.45,101.66613834884,0.5,99.3445782252397,0.5,-0.248187762971966,-0.132954659618008,-0.0651739426527485,2.49536854678654,2.6106016501405,0.106027706220644,0.289041526539862,7.90083601310388
1,0.2,1,82.3099900278104,NA,105.532558279048,0.5,103.012100923169,0.5,106.531183167604,0.5,110.56650725916,0.5,105.88324722173,0.5,105.838810778402,0.5,109.872594456497,0.55,106.038320800942,0.5,-0.69237238920239,-0.693912802662922,0.155073579211574,4.03532409155592,4.03378367809539,-0.647935945874138,0.199510022539826,6.86049353332881
1,0.2,2,87.8360073563939,NA,111.818660214944,0.5,109.777948767227,0.5,112.01101294424,0.5,118.095459278107,0.5,112.80856361014,0.5,112.852766088257,0.5,118.135022256759,0.5,112.823294822407,0.5,0.841753144016522,0.0395629786516594,0.0147312122665113,6.08444633386719,5.28225616850233,0.797550665900133,-0.0294712658498781,8.35707348953247
1,0.2,3,78.9865188713109,NA,98.3453900965227,0.5,92.5300355123687,0.5,99.3251676785044,0.5,100.258792723251,0.5,98.3620551878594,0.5,99.3966933030197,0.45,100.528286574482,0.5,98.1250094194918,0.5,0.0715256245152602,0.269493851231502,-0.237045768367608,0.933625044746506,1.13159327146275,-0.963112490645017,-1.27168388352788,7.99825106211377
1,0.2,4,90.837346998793,NA,116.267538026089,0.5,116.713621646422,0.5,115.71494503554,0.5,127.654533483695,0.5,116.844674290002,0.5,115.588575891621,0.45,127.522693423037,0.55,116.292673790914,0.5,-0.126369143918666,-0.131840060657638,-0.552000499087811,11.9395884481547,11.9341175314157,1.12972925446196,0.704097899292819,10.8090717766149
1,0.2,5,86.3168165108332,NA,107.224291603131,0.5,105.320163803342,0.5,108.8711941468,0.5,113.055371484483,0.5,109.26234679643,0.5,108.473012121981,0.45,112.834136612898,0.5,108.453644425994,0.5,-0.398182024818951,-0.221234871584699,-0.808702370435782,4.18417733768264,4.36112449091689,0.39115264962922,-0.0193676959876115,7.51397280955615
1,0.2,6,95.851551495123,NA,121.7865338259,0.5,122.379237446626,0.5,124.410773623913,0.5,130.293813962685,0.5,122.885373313854,0.5,122.780305162233,0.45,130.078988476187,0.55,123.184897665518,0.5,-1.63046846168029,-0.214825486497261,0.299524351664218,5.88304033877138,7.29868331395441,-1.52540031005965,0.40459250328486,7.69975102956184
1,0.2,7,84.4304044019455,NA,111.27928110974,0.5,110.502860114951,0.5,114.160539466202,0.5,129.89243793913,0.5,113.349640303891,0.5,114.327899923833,0.45,128.746651565954,0.6,114.626685054133,0.5,0.167360457631105,-1.14578637317618,1.27704475024206,15.7318984729285,14.4187516421212,-0.810899162311003,0.298785130299947,18.2437914510033
1,0.2,8,80.53313820469,NA,104.048546621066,0.5,102.692814057175,0.5,104.306179718921,0.5,109.6595178401,0.5,103.230129920857,0.5,104.036659642276,0.5,109.467564393641,0.5,103.739721827685,0.5,-0.269520076645321,-0.191953446459721,0.509591906828859,5.35333812117935,5.43090475136495,-1.0760497980643,-0.296937814590123,6.77475033646544
1,0.2,9,81.4850560574514,NA,107.1801657462,0.5,104.184352859876,0.5,110.335573518059,0.5,119.299644206012,0.5,108.568891230906,0.5,110.360082065339,0.45,119.065377781415,0.5,110.890201988916,0.5,0.0245085472805329,-0.234266424597436,2.32131075801016,8.96407068795344,8.70529571607547,-1.76668228715275,0.530119923576876,14.8810249215386
1,0.2,10,73.5315539220297,NA,95.5563506202943,0.5,92.494842644964,0.5,95.9429570303507,0.5,97.4541155078362,0.5,95.7749889654484,0.5,95.6090179353107,0.5,97.6628353366885,0.5,96.0801957307645,0.5,-0.333939095040051,0.208719828852324,0.305206765316129,1.51115847748547,2.05381740137784,-0.167968064902311,0.471177795453869,5.16799269172448
1,0.2,11,71.5959335188435,NA,92.4825570934497,0.5,87.4577348408765,0.5,92.1614969830087,0.5,93.1258983158618,0.5,91.7727629090684,0.5,92.0060044385004,0.5,93.0579630357122,0.5,91.2745991642337,0.5,-0.155492544508363,-0.0679352801496123,-0.498163744834642,0.964401332853114,1.05195859721186,-0.388734073940341,-0.731405274266621,5.60022819483574
1,0.2,12,78.5842370950655,NA,100.332026009413,0.5,97.2832290823781,0.5,101.520676016893,0.5,104.700392054803,0.5,101.123516126424,0.5,101.744501060579,0.5,104.364008731988,0.55,101.485012363858,0.5,0.223825043685565,-0.336383322815578,0.361496237434849,3.17971603791034,2.6195076714092,-0.397159890469609,-0.259488696720325,7.08077964960985
1,0.2,13,82.1682899777375,NA,104.648654957183,0.5,101.739720213326,0.5,105.741582465536,0.5,108.650668032098,0.5,105.182993645728,0.5,106.267948274428,0.45,107.847480161546,0.55,105.762716155697,0.5,0.526365808892066,-0.803187870551781,0.57972250996886,2.90908556656154,1.5795318871177,-0.558588819808264,-0.50523211873147,6.10775994822049
1,0.2,14,83.7418508154533,NA,109.097871610162,0.5,105.036577543051,0.5,108.852101211983,0.5,113.786572559285,0.5,109.220600153341,0.5,109.291735145046,0.45,113.465459345129,0.55,108.845016292935,0.5,0.43963393306322,-0.321113214155915,-0.375583860406437,4.93447134730185,4.17372420008272,0.368498941358439,-0.446718852111218,8.42888180207842
1,0.2,15,95.822574720523,NA,116.195842006445,0.5,113.231108607504,0.5,116.875725985694,0.5,121.353388595547,0.5,116.833271107064,0.5,116.378791502726,0.5,121.087735420585,0.55,116.702199104885,0.5,-0.49693448296739,-0.26565317496221,-0.131072002178556,4.47766260985325,4.70894391785843,-0.0424548786297834,0.323407602159051,7.85662681308047
1,0.2,16,87.4095808609405,NA,110.046021319074,0.5,105.609102373845,0.5,110.489517379662,0.5,115.147401126862,0.5,110.023163686439,0.5,109.902647935437,0.45,114.568533578711,0.5,110.55218714474,0.5,-0.586869444225016,-0.578867548151763,0.529023458300514,4.65788374720059,4.66588564327384,-0.466353693222416,0.649539209303114,8.9594312048652
1,0.2,17,80.9425806758769,NA,106.106627743981,0.5,101.475886691286,0.5,106.653663784747,0.5,110.19172151518,0.5,106.575930673895,0.5,106.465224493716,0.5,110.677498966899,0.5,106.171018688804,0.5,-0.188439291031017,0.48577745171923,-0.404911985090422,3.53805773043322,4.21227447318347,-0.0777331108522361,-0.294205804911641,9.20161227561391
1,0.2,18,80.4837129119941,NA,101.910234518959,0.5,100.301093130557,0.5,103.60680930249,0.5,109.539776686531,0.5,103.370808865405,0.5,103.316086812565,0.5,109.28058841734,0.55,104.856968813071,0.5,-0.29072248992523,-0.259188269190915,1.4861599476658,5.93296738404084,5.96450160477515,-0.236000437084897,1.54088200050613,8.97949528678285
1,0.2,19,91.7282859610138,NA,112.286777885703,0.5,108.996615963331,0.5,113.345416539582,0.5,114.712549952967,0.5,113.059980974006,0.5,114.14755069918,0.45,114.620754756031,0.5,113.601214088665,0.5,0.802134159598168,-0.0917951969355073,0.541233114659093,1.36713341338523,0.473204056851557,-0.285435565575639,-0.546336610514714,5.62413879270051
1,0.2,20,78.8766161021553,NA,101.918226525963,0.5,99.7163524686166,0.5,103.49861106374,0.5,111.415053820532,0.5,103.432787161068,0.5,103.813093374327,0.45,111.5291938254,0.5,101.935364957473,0.5,0.314482310586925,0.114140004868119,-1.49742220359434,7.91644275679121,7.71610045107241,-0.0658239026727472,-1.87772841685401,11.8128413567831
1,0.2,21,91.0807614781705,NA,113.457174831079,0.5,111.164502949912,0.5,116.22200258366,0.5,122.350991806819,0.5,115.361958819281,0.5,114.826287533302,0.45,121.569076137725,0.55,115.820344023737,0.5,-1.39571505035839,-0.781915669094275,0.458385204456022,6.12898922315877,6.74278860442288,-0.860043764379668,0.994056490434744,10.4045731878133
1,0.2,22,80.9193275555302,NA,104.002626340162,0.5,105.990262951561,0.5,106.538374332154,0.5,119.954045908876,0.5,105.946243805535,0.5,106.873092484887,0.5,119.339704057379,0.6,105.249915964615,0.5,0.33471815273333,-0.614341851496704,-0.69632784091985,13.4156715767215,12.4666115724915,-0.592130526619229,-1.62317652027241,13.3494411058183
1,0.2,23,91.9624176473745,NA,116.187409897988,0.5,116.035300620256,0.5,117.553284881441,0.5,126.070246029572,0.5,117.509643561685,0.5,116.621935178637,0.45,125.349595936795,0.6,116.911522343489,0.5,-0.93134970280417,-0.72065009277712,-0.598121218196397,8.51696114813107,8.72766075815812,-0.0436413197560199,0.289587164851753,9.3142953165389
1,0.2,24,80.8384971655544,NA,100.868648553876,0.5,97.4310722625409,0.5,101.913606369266,0.5,104.398921657445,0.5,101.998366584033,0.5,102.020916480793,0.45,104.509584169372,0.5,100.833209832803,0.5,0.107310111526388,0.110662511927075,-1.16515675123004,2.48531528817838,2.48866768857907,0.0847602147673712,-1.18770664798906,7.07851190683068
1,0.2,25,76.5198622833525,NA,99.5126041139762,0.5,96.3423009893002,0.5,100.175255523864,0.5,108.422510385434,0.5,99.0637664253974,0.5,99.5899416103153,0.5,108.068350465076,0.55,97.5520064441094,0.5,-0.585313913548532,-0.35415992035847,-1.51175998128805,8.24725486157057,8.47840885476063,-1.11148909846641,-2.03793516620593,11.7260494757757
1,0.2,26,90.4345111424183,NA,114.75566983394,0.5,116.022650055787,0.499999999999999,116.833531889697,0.5,130.36986749689,0.5,116.936892642826,0.5,116.439795967409,0.45,129.837276089035,0.6,115.80439998198,0.5,-0.393735922287675,-0.532591407855847,-1.13249266084614,13.5363356071939,13.3974801216257,0.10336075312992,-0.635395985428545,13.8146260332477
1,0.2,27,81.6139437872411,NA,102.065102849433,0.5,100.97391013009,0.5,103.182590151354,0.5,110.453290966983,0.5,103.734363395124,0.5,103.702858476262,0.45,110.332401869939,0.5,104.076398602014,0.5,0.520268324908159,-0.120889097044014,0.342035206890586,7.27070081562863,6.62954339367646,0.551773243769418,0.373540125751845,9.35849173984879
1,0.2,28,81.2082775744694,NA,103.238968392183,0.5,101.188094334563,0.5,104.526656194438,0.5,106.904505380264,0.5,103.499588116494,0.5,104.473129864334,0.5,107.117417151109,0.5,103.263144475568,0.5,-0.0535263301042477,0.212911770845253,-0.236443640925202,2.37784918582601,2.64428728677551,-1.02706807794434,-1.20998538876529,5.92932281654613
1,0.2,29,79.9654503201758,NA,105.349634023396,0.5,105.399508299063,0.499999999999999,107.156525717833,0.5,114.561909622242,0.5,106.542606016106,0.5,106.748583461526,0.5,114.386564800808,0.55,108.282148907471,0.5,-0.407942256307336,-0.17534482143401,1.73954289136488,7.4053839044084,7.63798133928172,-0.613919701727198,1.53356544594502,8.98705650174504
1,0.2,30,76.914867997734,NA,97.9284813198876,0.5,94.4123793681404,0.5,100.006501825283,0.5,101.777253848772,0.5,100.16936784268,0.5,99.7795748539383,0.45,101.888256676158,0.5,99.7697911155205,0.5,-0.226926971344227,0.111002827386557,-0.399576727159484,1.77075202348927,2.10868182222005,0.16286601739742,-0.00978373841783764,7.47587730801794
1,0.2,31,77.6874080542582,NA,98.8473462411338,0.5,94.0504456729534,0.5,99.3033270181284,0.5,101.372908125945,0.5,98.5500140700451,0.5,99.7871215135765,0.45,101.801126425448,0.5,99.09821354944,0.5,0.483794495448109,0.428218299502859,0.548199479394867,2.06958110781635,2.0140049118711,-0.753312948083291,-0.688907964136533,7.75068075249426
1,0.2,32,86.482182411543,NA,112.530338840594,0.5,107.137547852596,0.5,114.287798768528,0.5,118.88949760565,0.5,113.958395480319,0.5,113.994555254902,0.45,118.698731490549,0.55,113.551926910006,0.5,-0.293243513625939,-0.190766115101255,-0.406468570313137,4.60169883712278,4.70417623564747,-0.329403288208056,-0.442628344895255,11.5611836379535
1,0.2,33,85.3469427820888,NA,107.015602935256,0.5,105.473461879824,0.5,107.746950929527,0.5,109.084290809117,0.5,107.641340360639,0.5,107.25426374607,0.45,108.881172643223,0.5,106.255555919527,0.5,-0.49268718345624,-0.203118165894196,-1.38578444111211,1.33733987959064,1.62690889715269,-0.1056105688874,-0.998707826543267,3.40771076339898
1,0.2,34,85.1306620665817,NA,109.796149618745,0.5,108.114359166592,0.5,110.130776809513,0.5,128.364280029041,0.5,112.407410982943,0.5,111.174161846612,0.45,127.396323071247,0.7,112.592233020865,0.5,1.04338503709901,-0.967956957793874,0.184822037921549,18.2335032195282,16.2221612246353,2.27663417343045,1.41807117425299,19.2819639046554
1,0.2,35,88.939862778817,NA,113.161793461634,0.5,110.95469600295,0.5,114.420512025698,0.5,136.482358010246,0.5,115.382468713291,0.5,118.523327723789,0.45,134.258559086262,0.6,115.198236037339,0.5,4.10281569809101,-2.22379892398448,-0.184232675951833,22.0618459845481,15.7352313624726,0.96195668759276,-3.32509168645008,23.3038630833117
1,0.2,36,86.434100891451,NA,106.425954853862,0.5,104.766093891516,0.5,108.400271107163,0.5,110.47490068853,0.5,107.251762962142,0.5,108.76707676248,0.5,110.517969775918,0.5,107.127877959092,0.5,0.366805655317137,0.0430690873878774,-0.12388500304931,2.07462958136686,1.7508930134376,-1.14850814502135,-1.6391988033878,5.75187588440204
1,0.2,37,82.1156646215319,NA,103.935924336298,0.5,99.5655025203002,0.5,102.933749151681,0.5,105.417356753666,0.5,104.048023460423,0.5,103.955043769812,0.5,105.327333162044,0.5,103.335555470399,0.5,1.02129461813075,-0.0900235916222556,-0.71246799002391,2.4836076019855,1.37228939223249,1.11427430874221,-0.619488299412453,5.76183064174403
1,0.2,38,82.6726646188388,NA,101.933992200308,0.5,98.0579080061646,0.5,103.252175410712,0.5,102.718243825532,0.5,102.595067041684,0.5,103.242092452286,0.5,103.099710764396,0.5,103.092349857471,0.5,-0.0100829584259969,0.381466938863511,0.497282815787145,-0.533931585179758,-0.14238168789025,-0.657108369028364,-0.149742594815223,5.04180275823124
1,0.2,39,77.6931375030825,NA,97.8531475984948,0.5,95.3051366930336,0.5,98.7499717719343,0.5,102.061540601189,0.5,97.5820906891328,0.5,98.423014699726,0.5,102.21221182597,0.5,97.597284283151,0.5,-0.32695707220833,0.150671224781448,0.0151935940181716,3.31156882925461,3.78919712624439,-1.1678810828015,-0.825730416574999,6.90707513293675
1,0.2,40,83.5044421901027,NA,104.355688626545,0.5,101.446327901066,0.5,105.26515060399,0.5,108.229873240791,0.5,104.915196925795,0.5,104.876655752364,0.45,108.399684379836,0.5,105.09258857694,0.5,-0.388494851626419,0.169811139045038,0.177391651144802,2.96472263680026,3.52302862747172,-0.349953678195575,0.215932824575646,6.95335647876948
1,0.2,41,87.2097711483964,NA,115.160174001897,0.5,115.114732898698,0.5,115.71322220072,0.5,125.404761559466,0.5,114.514841388856,0.5,114.030969737963,0.45,125.110609833992,0.55,116.408776176086,0.5,-1.68225246275702,-0.29415172547354,1.8939347872296,9.69153935874533,11.0796400960288,-1.19838081186447,2.37780643812215,9.99587693529435
1,0.2,42,86.9686251993864,NA,115.437081753309,0.5,112.935053559696,0.5,118.063040024199,0.5,124.332914717591,0.5,117.31762415343,0.5,117.329138003523,0.45,124.04691576187,0.55,116.948920480513,0.5,-0.733902020675458,-0.285998955721055,-0.368703672916695,6.26987469339281,6.71777775834721,-0.745415870768852,-0.380217523010089,11.1118622021742
1,0.2,43,82.4738718187159,NA,103.589383646727,0.5,101.921176686583,0.5,104.339344443812,0.5,106.646105835853,0.5,103.618627760921,0.5,104.735039380867,0.45,106.684484156716,0.55,103.922333991651,0.5,0.395694937055126,0.0383783208629609,0.303706230730384,2.30676139204112,1.94944477584896,-0.720716682891307,-0.812705389216049,4.76330747013365
1,0.2,44,83.551693801706,NA,102.290946153454,0.5,98.7035857257531,0.5,104.259772872904,0.5,118.193024756425,0.5,103.306687607941,0.5,103.952370913975,0.45,118.240690930999,0.6,104.711373512098,0.5,-0.307401958929177,0.0476661745740614,1.40468590415762,13.9332518835213,14.2883200170245,-0.953085264963093,0.7590025981237,19.5371052052459
1,0.2,45,87.3977315449308,NA,106.92189608318,0.5,103.074229147615,0.5,108.96059776678,0.5,151.875226610441,0.5,107.012157559235,0.5,108.839796967529,0.45,134.873671905164,0.7,108.269506892584,0.5,-0.120800799251356,-17.0015547052768,1.25734933334854,42.9146288436608,26.0338749376354,-1.94844020754489,-0.570290074944992,31.7994427575494
1,0.2,46,83.4719843823191,NA,106.436495012107,0.5,104.091192688745,0.5,108.305679519952,0.5,112.762579909187,0.5,107.840359249025,0.5,107.491279837288,0.45,112.629464379295,0.55,108.086839651941,0.5,-0.81439968266416,-0.133115529892038,0.246480402916561,4.45690038923459,5.13818454200671,-0.46532027092762,0.5955598146531,8.53827169055027
1,0.2,47,79.3678062458055,NA,103.348563712532,0.5,101.823877720724,0.5,104.422439625859,0.5,110.131632188319,0.5,103.688188746427,0.5,105.024908250341,0.5,110.117406926784,0.5,103.060029712228,0.5,0.602468624481531,-0.0142252615349179,-0.62815903419947,5.70919256245969,5.09249867644324,-0.734250879431642,-1.96487853811264,8.2935292060597
1,0.2,48,84.5722570058372,NA,107.479407566163,0.5,104.144531361939,0.5,107.949152025993,0.5,116.505070399771,0.5,107.245741732636,0.5,109.999713643865,0.45,116.205770103207,0.55,108.161257066824,0.5,2.05056161787192,-0.299300296564198,0.91551533418793,8.5559183737788,6.20605645934268,-0.703410293356583,-1.83845657704057,12.0612387412683
1,0.2,49,83.4114243026338,NA,106.115340868588,0.5,103.224782349225,0.5,109.118771914959,0.5,116.285232670382,0.5,107.592709319843,0.5,109.648522289305,0.45,115.829612947825,0.55,108.276909461636,0.5,0.529750374345696,-0.455619722556946,0.684200141793085,7.16646075542255,6.18109065851991,-1.52606259511694,-1.37161282766955,12.6048305986004
1,0.2,50,78.6183136530145,NA,98.1143919221505,0.5,93.7653023357365,0.5,99.3037244616718,0.5,100.902125730743,0.5,99.4097521678925,0.5,99.0555366986999,0.45,100.867087700244,0.5,99.3445782252397,0.5,-0.248187762971966,-0.0350380304990097,-0.0651739426527485,1.59840126907135,1.8115510015443,0.106027706220644,0.289041526539862,7.10178536450769
5,0.2,1,82.3099900278104,NA,105.532558279048,0.5,103.012100923169,0.5,106.531183167604,0.5,104.993219259043,0.5,105.88324722173,0.5,105.838810778402,0.5,104.326149349926,0.5,106.038320800942,0.5,-0.69237238920239,-0.667069909117117,0.155073579211574,-1.53796390856157,-1.51266142847629,-0.647935945874138,0.199510022539826,1.31404842675713
5,0.2,2,87.8360073563939,NA,111.818660214944,0.5,109.777948767227,0.5,112.01101294424,0.5,113.520554398528,0.5,112.80856361014,0.5,112.852766088257,0.5,113.776809509899,0.5,112.823294822407,0.5,0.841753144016522,0.256255111370365,0.0147312122665113,1.50954145428828,0.924043421642125,0.797550665900133,-0.0294712658498781,3.99886074267226
5,0.2,3,78.9865188713109,NA,98.3453900965227,0.5,92.5300355123687,0.5,99.3251676785044,0.5,98.9677028755005,0.5,98.3620551878594,0.5,99.3966933030197,0.45,99.1240210284141,0.5,98.1250094194918,0.5,0.0715256245152602,0.156318152913542,-0.237045768367608,-0.357464803003907,-0.272672274605625,-0.963112490645017,-1.27168388352788,6.59398551604539
5,0.2,4,90.837346998793,NA,116.267538026089,0.5,116.713621646422,0.5,115.71494503554,0.5,117.402215964378,0.5,116.844674290002,0.5,115.588575891621,0.45,117.515710182979,0.5,116.292673790914,0.5,-0.126369143918666,0.113494218600508,-0.552000499087811,1.68727092883853,1.9271342913577,1.12972925446196,0.704097899292819,0.802088536556923
5,0.2,5,86.3168165108332,NA,107.224291603131,0.5,105.320163803342,0.5,108.8711941468,0.5,109.785424697417,0.5,109.26234679643,0.5,108.473012121981,0.45,110.102586369388,0.45,108.453644425994,0.5,-0.398182024818951,0.317161671970979,-0.808702370435782,0.914230550616978,1.62957424740691,0.39115264962922,-0.0193676959876115,4.78242256604617
5,0.2,6,95.851551495123,NA,121.7865338259,0.5,122.379237446626,0.5,124.410773623913,0.5,123.488170328262,0.5,122.885373313854,0.5,122.780305162233,0.45,124.880966312476,0.5,123.184897665518,0.5,-1.63046846168029,1.39279598421379,0.299524351664218,-0.9226032956513,2.10066115024279,-1.52540031005965,0.40459250328486,2.50172886585021
5,0.2,7,84.4304044019455,NA,111.27928110974,0.5,110.502860114951,0.5,114.160539466202,0.5,119.963821063213,0.5,113.349640303891,0.5,114.327899923833,0.45,120.231010693537,0.55,114.626685054133,0.5,0.167360457631105,0.267189630323131,1.27704475024206,5.8032815970119,5.90311076970393,-0.810899162311003,0.298785130299947,9.72815057858602
5,0.2,8,80.53313820469,NA,104.048546621066,0.5,102.692814057175,0.5,104.306179718921,0.5,105.332374776071,0.5,103.230129920857,0.5,104.036659642276,0.5,104.905399482386,0.5,103.739721827685,0.5,-0.269520076645321,-0.426975293684478,0.509591906828859,1.02619505714986,0.868739840110706,-1.0760497980643,-0.296937814590123,2.2125854252112
5,0.2,9,81.4850560574514,NA,107.1801657462,0.5,104.184352859876,0.5,110.335573518059,0.5,111.03355285289,0.5,108.568891230906,0.5,110.360082065339,0.45,109.831860973573,0.5,110.890201988916,0.5,0.0245085472805329,-1.20169187931668,2.32131075801016,0.697979334831103,-0.528221091766113,-1.76668228715275,0.530119923576876,5.64750811369704
5,0.2,10,73.5315539220297,NA,95.5563506202943,0.5,92.494842644964,0.5,95.9429570303507,0.5,95.9903173291547,0.5,95.7749889654484,0.5,95.6090179353107,0.5,95.5443549446459,0.5,96.0801957307645,0.5,-0.333939095040051,-0.445962384508846,0.305206765316129,0.0473602988040085,-0.064662990664786,-0.167968064902311,0.471177795453869,3.04951229968185
5,0.2,11,71.5959335188435,NA,92.4825570934497,0.5,87.4577348408765,0.5,92.1614969830087,0.5,91.6445961032972,0.5,91.7727629090684,0.5,92.0060044385004,0.5,91.3761925654416,0.5,91.2745991642337,0.5,-0.155492544508363,-0.268403537855619,-0.498163744834642,-0.516900879711471,-0.629811873058728,-0.388734073940341,-0.731405274266621,3.91845772456514
5,0.2,12,78.5842370950655,NA,100.332026009413,0.5,97.2832290823781,0.5,101.520676016893,0.5,103.857361145441,0.5,101.123516126424,0.5,101.744501060579,0.5,103.65702454074,0.5,101.485012363858,0.5,0.223825043685565,-0.200336604701647,0.361496237434849,2.33668512854803,1.91252348016081,-0.397159890469609,-0.259488696720325,6.37379545836147
5,0.2,13,82.1682899777375,NA,104.648654957183,0.5,101.739720213326,0.5,105.741582465536,0.5,105.39652716146,0.5,105.182993645728,0.5,106.267948274428,0.45,104.988315286663,0.55,105.762716155697,0.5,0.526365808892066,-0.408211874797772,0.57972250996886,-0.345055304076141,-1.27963298776598,-0.558588819808264,-0.50523211873147,3.24859507333682
5,0.2,14,83.7418508154533,NA,109.097871610162,0.5,105.036577543051,0.5,108.852101211983,0.5,109.961562531774,0.5,109.220600153341,0.5,109.291735145046,0.45,111.463167103745,0.5,108.845016292935,0.5,0.43963393306322,1.50160457197036,-0.375583860406437,1.10946131979121,2.17143195869835,0.368498941358439,-0.446718852111218,6.42658956069405
5,0.2,15,95.822574720523,NA,116.195842006445,0.5,113.231108607504,0.5,116.875725985694,0.5,115.488106107716,0.5,116.833271107064,0.5,116.378791502726,0.5,115.245858336415,0.45,116.702199104885,0.5,-0.49693448296739,-0.242247771301294,-0.131072002178556,-1.38761987797731,-1.13293316631122,-0.0424548786297834,0.323407602159051,2.01474972891081
5,0.2,16,87.4095808609405,NA,110.046021319074,0.5,105.609102373845,0.5,110.489517379662,0.5,110.528981684263,0.5,110.023163686439,0.5,109.902647935437,0.45,110.105530872349,0.45,110.55218714474,0.5,-0.586869444225016,-0.423450811914208,0.529023458300514,0.0394643046014664,0.202882936912275,-0.466353693222416,0.649539209303114,4.49642849850363
5,0.2,17,80.9425806758769,NA,106.106627743981,0.5,101.475886691286,0.5,106.653663784747,0.5,106.740722407409,0.5,106.575930673895,0.5,106.465224493716,0.5,106.75613100133,0.5,106.171018688804,0.5,-0.188439291031017,0.0154085939203839,-0.404911985090422,0.0870586226624681,0.290906507613869,-0.0777331108522361,-0.294205804911641,5.28024431004431
5,0.2,18,80.4837129119941,NA,101.910234518959,0.5,100.301093130557,0.5,103.60680930249,0.5,104.053129645,0.5,103.370808865405,0.5,103.316086812565,0.5,103.880751847624,0.5,104.856968813071,0.5,-0.29072248992523,-0.172377797375617,1.4861599476658,0.446320342509765,0.564665035059377,-0.236000437084897,1.54088200050613,3.57965871706708
5,0.2,19,91.7282859610138,NA,112.286777885703,0.5,108.996615963331,0.5,113.345416539582,0.5,113.110184194401,0.5,113.059980974006,0.5,114.14755069918,0.45,113.372436816999,0.5,113.601214088665,0.5,0.802134159598168,0.262252622597472,0.541233114659093,-0.235232345180336,-0.775113882181031,-0.285435565575639,-0.546336610514714,4.37582085366792
5,0.2,20,78.8766161021553,NA,101.918226525963,0.5,99.7163524686166,0.5,103.49861106374,0.5,105.973013304399,0.5,103.432787161068,0.5,103.813093374327,0.45,106.020105576736,0.5,101.935364957473,0.5,0.314482310586925,0.0470922723370961,-1.49742220359434,2.47440224065846,2.20701220240863,-0.0658239026727472,-1.87772841685401,6.30375310811935
5,0.2,21,91.0807614781705,NA,113.457174831079,0.5,111.164502949912,0.5,116.22200258366,0.5,119.738612479449,0.5,115.361958819281,0.5,114.826287533302,0.45,118.943741824255,0.5,115.820344023737,0.5,-1.39571505035839,-0.794870655194543,0.458385204456022,3.51660989578886,4.11745429095271,-0.860043764379668,0.994056490434744,7.77923887434312
5,0.2,22,80.9193275555302,NA,104.002626340162,0.5,105.990262951561,0.5,106.538374332154,0.5,116.29500841644,0.5,105.946243805535,0.5,106.873092484887,0.5,115.828154060713,0.55,105.249915964615,0.5,0.33471815273333,-0.466854355726866,-0.69632784091985,9.75663408428598,8.95506157582578,-0.592130526619229,-1.62317652027241,9.83789110915265
5,0.2,23,91.9624176473745,NA,116.187409897988,0.5,116.035300620256,0.5,117.553284881441,0.5,123.52819485303,0.5,117.509643561685,0.5,116.621935178637,0.45,123.168936980217,0.5,116.911522343489,0.5,-0.93134970280417,-0.359257872813274,-0.598121218196397,5.97490997158897,6.54700180157987,-0.0436413197560199,0.289587164851753,7.13363635996065
5,0.2,24,80.8384971655544,NA,100.868648553876,0.5,97.4310722625409,0.5,101.913606369266,0.5,101.950642227328,0.5,101.998366584033,0.5,102.020916480793,0.45,102.324563413617,0.5,100.833209832803,0.5,0.107310111526388,0.373921186289166,-1.16515675123004,0.0370358580615004,0.303646932824279,0.0847602147673712,-1.18770664798906,4.89349115107589
5,0.2,25,76.5198622833525,NA,99.5126041139762,0.5,96.3423009893002,0.5,100.175255523864,0.5,101.187320043544,0.5,99.0637664253974,0.5,99.5899416103153,0.5,100.912877805044,0.5,97.5520064441094,0.5,-0.585313913548532,-0.274442238500185,-1.51175998128805,1.01206451967995,1.3229361947283,-1.11148909846641,-2.03793516620593,4.57057681574339
5,0.2,26,90.4345111424183,NA,114.75566983394,0.5,116.022650055787,0.499999999999999,116.833531889697,0.5,123.117002939973,0.5,116.936892642826,0.5,116.439795967409,0.45,123.771909253108,0.5,115.80439998198,0.5,-0.393735922287675,0.654906313135129,-1.13249266084614,6.28347105027652,7.33211328569932,0.10336075312992,-0.635395985428545,7.74925919732135
5,0.2,27,81.6139437872411,NA,102.065102849433,0.5,100.97391013009,0.5,103.182590151354,0.5,104.410551923998,0.5,103.734363395124,0.5,103.702858476262,0.45,104.354008347303,0.45,104.076398602014,0.5,0.520268324908159,-0.056543576695546,0.342035206890586,1.22796177264418,0.651149871040474,0.551773243769418,0.373540125751845,3.3800982172128
5,0.2,28,81.2082775744694,NA,103.238968392183,0.5,101.188094334563,0.5,104.526656194438,0.5,105.189072234259,0.5,103.499588116494,0.5,104.473129864334,0.5,105.231413323178,0.5,103.263144475568,0.5,-0.0535263301042477,0.0423410889186755,-0.236443640925202,0.662416039821423,0.758283458844346,-1.02706807794434,-1.20998538876529,4.04331898861497
5,0.2,29,79.9654503201758,NA,105.349634023396,0.5,105.399508299063,0.499999999999999,107.156525717833,0.5,105.987064905648,0.5,106.542606016106,0.5,106.748583461526,0.5,106.537619423692,0.5,108.282148907471,0.5,-0.407942256307336,0.550554518044848,1.73954289136488,-1.16946081218568,-0.210964037833492,-0.613919701727198,1.53356544594502,1.13811112462983
5,0.2,30,76.914867997734,NA,97.9284813198876,0.5,94.4123793681404,0.5,100.006501825283,0.5,100.680630745705,0.5,100.16936784268,0.5,99.7795748539383,0.45,100.785434570384,0.5,99.7697911155205,0.5,-0.226926971344227,0.104803824678825,-0.399576727159484,0.674128920422291,1.00585971644534,0.16286601739742,-0.00978373841783764,6.37305520224324
5,0.2,31,77.6874080542582,NA,98.8473462411338,0.5,94.0504456729534,0.5,99.3033270181284,0.5,99.2260167339606,0.5,98.5500140700451,0.5,99.7871215135765,0.45,100.283934563524,0.5,99.09821354944,0.5,0.483794495448109,1.05791782956345,0.548199479394867,-0.0773102841677797,0.496813049947562,-0.753312948083291,-0.688907964136533,6.23348889057073
5,0.2,32,86.482182411543,NA,112.530338840594,0.5,107.137547852596,0.5,114.287798768528,0.5,114.979626408763,0.5,113.958395480319,0.5,113.994555254902,0.45,115.485998000421,0.5,113.551926910006,0.5,-0.293243513625939,0.506371591658095,-0.406468570313137,0.691827640235317,1.49144274551935,-0.329403288208056,-0.442628344895255,8.34845014782537
5,0.2,33,85.3469427820888,NA,107.015602935256,0.5,105.473461879824,0.5,107.746950929527,0.5,106.079880476285,0.5,107.641340360639,0.5,107.25426374607,0.45,105.27253594884,0.5,106.255555919527,0.5,-0.49268718345624,-0.807344527444499,-1.38578444111211,-1.66707045324206,-1.98172779723032,-0.1056105688874,-0.998707826543267,-0.200925930984027
5,0.2,34,85.1306620665817,NA,109.796149618745,0.5,108.114359166592,0.5,110.130776809513,0.5,126.067725566518,0.5,112.407410982943,0.5,111.174161846612,0.45,123.904940208208,0.65,112.592233020865,0.5,1.04338503709901,-2.16278535830949,0.184822037921549,15.9369487570049,12.7307783615964,2.27663417343045,1.41807117425299,15.7905810416165
5,0.2,35,88.939862778817,NA,113.161793461634,0.5,110.95469600295,0.5,114.420512025698,0.5,133.617256189574,0.5,115.382468713291,0.5,118.523327723789,0.45,130.342536589196,0.65,115.198236037339,0.5,4.10281569809101,-3.27471960037855,-0.184232675951833,19.196744163876,11.8192088654065,0.96195668759276,-3.32509168645008,19.3878405862455
5,0.2,36,86.434100891451,NA,106.425954853862,0.5,104.766093891516,0.5,108.400271107163,0.5,107.138214815985,0.5,107.251762962142,0.5,108.76707676248,0.5,108.048166828193,0.5,107.127877959092,0.5,0.366805655317137,0.909952012207981,-0.12388500304931,-1.2620562911779,-0.718909934287055,-1.14850814502135,-1.6391988033878,3.28207293667738
5,0.2,37,82.1156646215319,NA,103.935924336298,0.5,99.5655025203002,0.5,102.933749151681,0.5,103.582531073569,0.5,104.048023460423,0.5,103.955043769812,0.5,102.98594502873,0.5,103.335555470399,0.5,1.02129461813075,-0.596586044838674,-0.71246799002391,0.648781921888045,-0.969098741081382,1.11427430874221,-0.619488299412453,3.42044250843016
5,0.2,38,82.6726646188388,NA,101.933992200308,0.5,98.0579080061646,0.5,103.252175410712,0.5,102.326774253407,0.5,102.595067041684,0.5,103.242092452286,0.5,102.340321647965,0.5,103.092349857471,0.5,-0.0100829584259969,0.0135473945581879,0.497282815787145,-0.925401157305473,-0.901770804321288,-0.657108369028364,-0.149742594815223,4.2824136418002
5,0.2,39,77.6931375030825,NA,97.8531475984948,0.5,95.3051366930336,0.5,98.7499717719343,0.5,98.6456061903844,0.5,97.5820906891328,0.5,98.423014699726,0.5,98.5093552826258,0.5,97.597284283151,0.5,-0.32695707220833,-0.136250907758594,0.0151935940181716,-0.104365581549914,0.0863405828998225,-1.1678810828015,-0.825730416574999,3.20421858959219
5,0.2,40,83.5044421901027,NA,104.355688626545,0.5,101.446327901066,0.5,105.26515060399,0.5,103.359315007116,0.5,104.915196925795,0.5,104.876655752364,0.45,103.879948461021,0.5,105.09258857694,0.5,-0.388494851626419,0.520633453904878,0.177391651144802,-1.90583559687433,-0.996707291343029,-0.349953678195575,0.215932824575646,2.43362055995473
5,0.2,41,87.2097711483964,NA,115.160174001897,0.5,115.114732898698,0.5,115.71322220072,0.5,116.531871799652,0.5,114.514841388856,0.5,114.030969737963,0.45,115.959055575185,0.45,116.408776176086,0.5,-1.68225246275702,-0.572816224466933,1.8939347872296,0.818649598931657,1.92808583722174,-1.19838081186447,2.37780643812215,0.84432267648728
5,0.2,42,86.9686251993864,NA,115.437081753309,0.5,112.935053559696,0.5,118.063040024199,0.5,118.23846755774,0.5,117.31762415343,0.5,117.329138003523,0.45,118.958190304895,0.45,116.948920480513,0.5,-0.733902020675458,0.71972274715489,-0.368703672916695,0.175427533541367,1.62905230137171,-0.745415870768852,-0.380217523010089,6.02313674519867
5,0.2,43,82.4738718187159,NA,103.589383646727,0.5,101.921176686583,0.5,104.339344443812,0.5,104.739276935121,0.5,103.618627760921,0.5,104.735039380867,0.45,105.602395368353,0.5,103.922333991651,0.5,0.395694937055126,0.863118433231691,0.303706230730384,0.399932491309116,0.867355987485681,-0.720716682891307,-0.812705389216049,3.68121868177037
5,0.2,44,83.551693801706,NA,102.290946153454,0.5,98.7035857257531,0.5,104.259772872904,0.5,116.867511277662,0.5,103.306687607941,0.5,103.952370913975,0.45,116.972074543407,0.55,104.711373512098,0.5,-0.307401958929177,0.104563265745327,1.40468590415762,12.6077384047583,13.0197036294328,-0.953085264963093,0.7590025981237,18.2684888176543
5,0.2,45,87.3977315449308,NA,106.92189608318,0.5,103.074229147615,0.5,108.96059776678,0.5,151.104429348373,0.5,107.012157559235,0.5,108.839796967529,0.45,138.535820980358,0.7,108.269506892584,0.5,-0.120800799251356,-12.5686083680153,1.25734933334854,42.1438315815935,29.6960240128295,-1.94844020754489,-0.570290074944992,35.4615918327435
5,0.2,46,83.4719843823191,NA,106.436495012107,0.5,104.091192688745,0.5,108.305679519952,0.5,108.626760152207,0.5,107.840359249025,0.5,107.491279837288,0.45,108.154993361345,0.5,108.086839651941,0.5,-0.81439968266416,-0.471766790862006,0.246480402916561,0.321080632254507,0.663713524056661,-0.46532027092762,0.5955598146531,4.06380067260022
5,0.2,47,79.3678062458055,NA,103.348563712532,0.5,101.823877720724,0.5,104.422439625859,0.5,105.207633272827,0.5,103.688188746427,0.5,105.024908250341,0.5,104.588960005938,0.5,103.060029712228,0.5,0.602468624481531,-0.618673266889203,-0.62815903419947,0.785193646968267,-0.435948244402468,-0.734250879431642,-1.96487853811264,2.76508228521399
5,0.2,48,84.5722570058372,NA,107.479407566163,0.5,104.144531361939,0.5,107.949152025993,0.5,110.279465214679,0.5,107.245741732636,0.5,109.999713643865,0.45,109.872271351281,0.45,108.161257066824,0.5,2.05056161787192,-0.407193863398064,0.91551533418793,2.3303131886866,-0.127442292583382,-0.703410293356583,-1.83845657704057,5.72773998934221
5,0.2,49,83.4114243026338,NA,106.115340868588,0.5,103.224782349225,0.5,109.118771914959,0.5,109.578821056286,0.5,107.592709319843,0.5,109.648522289305,0.45,109.479344964539,0.5,108.276909461636,0.5,0.529750374345696,-0.0994760917473769,0.684200141793085,0.460049141326607,-0.169177324766466,-1.52606259511694,-1.37161282766955,6.25456261531401
5,0.2,50,78.6183136530145,NA,98.1143919221505,0.5,93.7653023357365,0.5,99.3037244616718,0.5,99.8588702014191,0.5,99.4097521678925,0.5,99.0555366986999,0.45,100.211495795162,0.5,99.3445782252397,0.5,-0.248187762971966,0.352625593743113,-0.0651739426527485,0.555145739747303,1.15595909646238,0.106027706220644,0.289041526539862,6.44619345942577
20,0.2,1,82.3099900278104,NA,105.532558279048,0.5,103.012100923169,0.5,106.531183167604,0.5,106.002226825595,0.5,105.88324722173,0.5,105.838810778402,0.5,105.397613974894,0.5,106.038320800942,0.5,-0.69237238920239,-0.604612850701471,0.155073579211574,-0.528956342009437,-0.441196803508518,-0.647935945874138,0.199510022539826,2.3855130517249
20,0.2,2,87.8360073563939,NA,111.818660214944,0.5,109.777948767227,0.5,112.01101294424,0.5,112.337680052072,0.5,112.80856361014,0.5,112.852766088257,0.5,112.494005215133,0.5,112.823294822407,0.5,0.841753144016522,0.156325163061496,0.0147312122665113,0.326667107831824,-0.358760873123202,0.797550665900133,-0.0294712658498781,2.71605644790694
20,0.2,3,78.9865188713109,NA,98.3453900965227,0.5,92.5300355123687,0.5,99.3251676785044,0.5,98.8439949773932,0.5,98.3620551878594,0.5,99.3966933030197,0.45,99.1024697096206,0.5,98.1250094194918,0.5,0.0715256245152602,0.258474732227455,-0.237045768367608,-0.481172701111277,-0.294223593399082,-0.963112490645017,-1.27168388352788,6.57243419725194
20,0.2,4,90.837346998793,NA,116.267538026089,0.5,116.713621646422,0.5,115.71494503554,0.5,116.443413393475,0.5,116.844674290002,0.5,115.588575891621,0.45,115.742229595775,0.45,116.292673790914,0.5,-0.126369143918666,-0.701183797699613,-0.552000499087811,0.728468357935171,0.153653704154223,1.12972925446196,0.704097899292819,-0.971392050646557
20,0.2,5,86.3168165108332,NA,107.224291603131,0.5,105.320163803342,0.5,108.8711941468,0.5,108.681612330728,0.5,109.26234679643,0.5,108.473012121981,0.45,109.279783275036,0.45,108.453644425994,0.5,-0.398182024818951,0.598170944308066,-0.808702370435782,-0.189581816072575,0.806771153054441,0.39115264962922,-0.0193676959876115,3.9596194716937
20,0.2,6,95.851551495123,NA,121.7865338259,0.5,122.379237446626,0.5,124.410773623913,0.5,122.625581769281,0.5,122.885373313854,0.5,122.780305162233,0.45,123.552584798287,0.5,123.184897665518,0.5,-1.63046846168029,0.927003029006471,0.299524351664218,-1.7851918546327,0.772279636054066,-1.52540031005965,0.40459250328486,1.17334735166149
20,0.2,7,84.4304044019455,NA,111.27928110974,0.5,110.502860114951,0.5,114.160539466202,0.5,114.017378593791,0.5,113.349640303891,0.5,114.327899923833,0.45,114.615245843217,0.45,114.626685054133,0.5,0.167360457631105,0.597867249426344,1.27704475024206,-0.143160872411073,0.287345919384165,-0.810899162311003,0.298785130299947,4.11238572826626
20,0.2,8,80.53313820469,NA,104.048546621066,0.5,102.692814057175,0.5,104.306179718921,0.5,104.444805215727,0.5,103.230129920857,0.5,104.036659642276,0.5,103.971072023123,0.5,103.739721827685,0.5,-0.269520076645321,-0.473733192603731,0.509591906828859,0.138625496805943,-0.0655876191524669,-1.0760497980643,-0.296937814590123,1.27825796594803
20,0.2,9,81.4850560574514,NA,107.1801657462,0.5,104.184352859876,0.5,110.335573518059,0.5,110.87276004219,0.5,108.568891230906,0.5,110.360082065339,0.45,109.345483954871,0.45,110.890201988916,0.5,0.0245085472805329,-1.52727608731942,2.32131075801016,0.537186524131499,-1.01459811046846,-1.76668228715275,0.530119923576876,5.1611310949947
20,0.2,10,73.5315539220297,NA,95.5563506202943,0.5,92.494842644964,0.5,95.9429570303507,0.5,95.5988584473248,0.5,95.7749889654484,0.5,95.6090179353107,0.5,96.1930803084024,0.5,96.0801957307645,0.5,-0.333939095040051,0.594221861077557,0.305206765316129,-0.344098583025911,0.584062373091697,-0.167968064902311,0.471177795453869,3.69823766343833
20,0.2,11,71.5959335188435,NA,92.4825570934497,0.5,87.4577348408765,0.5,92.1614969830087,0.5,92.0367669175902,0.5,91.7727629090684,0.5,92.0060044385004,0.5,91.5766547198291,0.5,91.2745991642337,0.5,-0.155492544508363,-0.460112197761092,-0.498163744834642,-0.124730065418561,-0.42934971867129,-0.388734073940341,-0.731405274266621,4.11891987895258
20,0.2,12,78.5842370950655,NA,100.332026009413,0.5,97.2832290823781,0.5,101.520676016893,0.5,103.120588362988,0.5,101.123516126424,0.5,101.744501060579,0.5,101.600506703895,0.5,101.485012363858,0.5,0.223825043685565,-1.52008165909277,0.361496237434849,1.59991234609447,-0.143994356683862,-0.397159890469609,-0.259488696720325,4.31727762151679
20,0.2,13,82.1682899777375,NA,104.648654957183,0.5,101.739720213326,0.5,105.741582465536,0.5,106.232872159841,0.5,105.182993645728,0.5,106.267948274428,0.45,106.052171392654,0.5,105.762716155697,0.5,0.526365808892066,-0.180700767187744,0.57972250996886,0.491289694305024,-0.215776881774786,-0.558588819808264,-0.50523211873147,4.31245117932801
20,0.2,14,83.7418508154533,NA,109.097871610162,0.5,105.036577543051,0.5,108.852101211983,0.5,107.944485172779,0.5,109.220600153341,0.5,109.291735145046,0.45,110.059305899331,0.45,108.845016292935,0.5,0.43963393306322,2.11482072655269,-0.375583860406437,-0.907616039204257,0.767570754285217,0.368498941358439,-0.446718852111218,5.02272835628092
20,0.2,15,95.822574720523,NA,116.195842006445,0.5,113.231108607504,0.5,116.875725985694,0.5,115.608390277277,0.5,116.833271107064,0.5,116.378791502726,0.5,114.849166356588,0.5,116.702199104885,0.5,-0.49693448296739,-0.75922392068901,-0.131072002178556,-1.26733570841709,-1.52962514613871,-0.0424548786297834,0.323407602159051,1.61805774908332
20,0.2,16,87.4095808609405,NA,110.046021319074,0.5,105.609102373845,0.5,110.489517379662,0.5,110.574472074325,0.5,110.023163686439,0.5,109.902647935437,0.45,110.354399363875,0.45,110.55218714474,0.5,-0.586869444225016,-0.220072710450125,0.529023458300514,0.0849546946632955,0.451751428438186,-0.466353693222416,0.649539209303114,4.74529699002954
20,0.2,17,80.9425806758769,NA,106.106627743981,0.5,101.475886691286,0.5,106.653663784747,0.5,106.579402466399,0.5,106.575930673895,0.5,106.465224493716,0.5,106.996980566619,0.5,106.171018688804,0.5,-0.188439291031017,0.417578100220652,-0.404911985090422,-0.0742613183484195,0.531756072903249,-0.0777331108522361,-0.294205804911641,5.52109387533369
20,0.2,18,80.4837129119941,NA,101.910234518959,0.5,100.301093130557,0.5,103.60680930249,0.5,103.155986256229,0.5,103.370808865405,0.5,103.316086812565,0.5,103.289807567565,0.5,104.856968813071,0.5,-0.29072248992523,0.133821311336035,1.4861599476658,-0.450823046260993,-0.0262792449997278,-0.236000437084897,1.54088200050613,2.98871443700797
20,0.2,19,91.7282859610138,NA,112.286777885703,0.5,108.996615963331,0.5,113.345416539582,0.5,113.14146170713,0.5,113.059980974006,0.5,114.14755069918,0.45,113.292038878262,0.45,113.601214088665,0.5,0.802134159598168,0.150577171131886,0.541233114659093,-0.203954832451345,-0.855511820917627,-0.285435565575639,-0.546336610514714,4.29542291493132
20,0.2,20,78.8766161021553,NA,101.918226525963,0.5,99.7163524686166,0.5,103.49861106374,0.5,104.669489870144,0.5,103.432787161068,0.5,103.813093374327,0.45,103.615866559826,0.5,101.935364957473,0.5,0.314482310586925,-1.0536233103187,-1.49742220359434,1.17087880640386,-0.197226814501761,-0.0658239026727472,-1.87772841685401,3.89951409120896
20,0.2,21,91.0807614781705,NA,113.457174831079,0.5,111.164502949912,0.5,116.22200258366,0.5,117.196629433838,0.5,115.361958819281,0.5,114.826287533302,0.45,115.560609406282,0.45,115.820344023737,0.5,-1.39571505035839,-1.63602002755607,0.458385204456022,0.974626850177444,0.734321872979763,-0.860043764379668,0.994056490434744,4.39610645637018
20,0.2,22,80.9193275555302,NA,104.002626340162,0.5,105.990262951561,0.5,106.538374332154,0.5,107.482276642425,0.5,105.946243805535,0.5,106.873092484887,0.5,108.423337884961,0.5,105.249915964615,0.5,0.33471815273333,0.941061242536051,-0.69632784091985,0.943902310271241,1.55024540007396,-0.592130526619229,-1.62317652027241,2.43307493340083
20,0.2,23,91.9624176473745,NA,116.187409897988,0.5,116.035300620256,0.5,117.553284881441,0.5,118.302667666633,0.5,117.509643561685,0.5,116.621935178637,0.45,119.396359826353,0.45,116.911522343489,0.5,-0.93134970280417,1.09369215971938,-0.598121218196397,0.749382785192239,2.77442464771579,-0.0436413197560199,0.289587164851753,3.36105920609657
20,0.2,24,80.8384971655544,NA,100.868648553876,0.5,97.4310722625409,0.5,101.913606369266,0.5,101.710072209749,0.5,101.998366584033,0.5,102.020916480793,0.45,102.049514446553,0.45,100.833209832803,0.5,0.107310111526388,0.339442236803748,-1.16515675123004,-0.203534159516849,0.0285979657605111,0.0847602147673712,-1.18770664798906,4.61844218401212
20,0.2,25,76.5198622833525,NA,99.5126041139762,0.5,96.3423009893002,0.5,100.175255523864,0.5,99.5618398202485,0.5,99.0637664253974,0.5,99.5899416103153,0.5,99.6129676784529,0.5,97.5520064441094,0.5,-0.585313913548532,0.0511278582044383,-1.51175998128805,-0.61341570361536,0.0230260681376109,-1.11148909846641,-2.03793516620593,3.2706666891527
20,0.2,26,90.4345111424183,NA,114.75566983394,0.5,116.022650055787,0.499999999999999,116.833531889697,0.5,117.31015307964,0.5,116.936892642826,0.5,116.439795967409,0.45,116.524245953158,0.45,115.80439998198,0.5,-0.393735922287675,-0.785907126481987,-1.13249266084614,0.47662118994333,0.0844499857490177,0.10336075312992,-0.635395985428545,0.501595897371047
20,0.2,27,81.6139437872411,NA,102.065102849433,0.5,100.97391013009,0.5,103.182590151354,0.5,103.970527681144,0.5,103.734363395124,0.5,103.702858476262,0.45,103.863608625232,0.45,104.076398602014,0.5,0.520268324908159,-0.106919055912272,0.342035206890586,0.787937529789957,0.160750148969527,0.551773243769418,0.373540125751845,2.88969849514186
20,0.2,28,81.2082775744694,NA,103.238968392183,0.5,101.188094334563,0.5,104.526656194438,0.5,104.886236978584,0.5,103.499588116494,0.5,104.473129864334,0.5,104.96004507284,0.5,103.263144475568,0.5,-0.0535263301042477,0.0738080942558668,-0.236443640925202,0.359580784145962,0.486915208506076,-1.02706807794434,-1.20998538876529,3.7719507382767
20,0.2,29,79.9654503201758,NA,105.349634023396,0.5,105.399508299063,0.499999999999999,107.156525717833,0.5,105.604107754941,0.5,106.542606016106,0.5,106.748583461526,0.5,106.232868933296,0.5,108.282148907471,0.5,-0.407942256307336,0.628761178355447,1.73954289136488,-1.55241796289256,-0.515714528229779,-0.613919701727198,1.53356544594502,0.833360634233543
20,0.2,30,76.914867997734,NA,97.9284813198876,0.5,94.4123793681404,0.5,100.006501825283,0.5,100.332015030521,0.5,100.16936784268,0.5,99.7795748539383,0.45,100.085142182508,0.45,99.7697911155205,0.5,-0.226926971344227,-0.246872848012487,-0.399576727159484,0.325513205238281,0.305567328570021,0.16286601739742,-0.00978373841783764,5.67276281436791
20,0.2,31,77.6874080542582,NA,98.8473462411338,0.5,94.0504456729534,0.5,99.3033270181284,0.5,99.1380036566578,0.5,98.5500140700451,0.5,99.7871215135765,0.45,99.3370969165075,0.5,99.09821354944,0.5,0.483794495448109,0.199093259849732,0.548199479394867,-0.165323361470612,-0.450024597068989,-0.753312948083291,-0.688907964136533,5.28665124355418
20,0.2,32,86.482182411543,NA,112.530338840594,0.5,107.137547852596,0.5,114.287798768528,0.5,113.460258291755,0.5,113.958395480319,0.5,113.994555254902,0.45,114.436969189131,0.45,113.551926910006,0.5,-0.293243513625939,0.976710897375682,-0.406468570313137,-0.827540476772356,0.442413934229265,-0.329403288208056,-0.442628344895255,7.29942133653529
20,0.2,33,85.3469427820888,NA,107.015602935256,0.5,105.473461879824,0.5,107.746950929527,0.5,107.249874066892,0.5,107.641340360639,0.5,107.25426374607,0.45,106.898717867915,0.45,106.255555919527,0.5,-0.49268718345624,-0.351156198977449,-1.38578444111211,-0.497076862634557,-0.355545878155766,-0.1056105688874,-0.998707826543267,1.42525598809053
20,0.2,34,85.1306620665817,NA,109.796149618745,0.5,108.114359166592,0.5,110.130776809513,0.5,114.264188241128,0.5,112.407410982943,0.5,111.174161846612,0.45,111.530008908532,0.45,112.592233020865,0.5,1.04338503709901,-2.73417933259599,0.184822037921549,4.13341143161531,0.355847061920315,2.27663417343045,1.41807117425299,3.41564974194044
20,0.2,35,88.939862778817,NA,113.161793461634,0.5,110.95469600295,0.5,114.420512025698,0.5,121.826049867187,0.5,115.382468713291,0.5,118.523327723789,0.45,119.189398536451,0.5,115.198236037339,0.5,4.10281569809101,-2.6366513307362,-0.184232675951833,7.40553784148855,0.666070812661346,0.96195668759276,-3.32509168645008,8.23470253350041
20,0.2,36,86.434100891451,NA,106.425954853862,0.5,104.766093891516,0.5,108.400271107163,0.5,107.49183961926,0.5,107.251762962142,0.5,108.76707676248,0.5,108.244886120115,0.5,107.127877959092,0.5,0.366805655317137,0.75304650085495,-0.12388500304931,-0.908431487902718,-0.522190642364905,-1.14850814502135,-1.6391988033878,3.47879222859953
20,0.2,37,82.1156646215319,NA,103.935924336298,0.5,99.5655025203002,0.5,102.933749151681,0.5,101.443868896374,0.5,104.048023460423,0.5,103.955043769812,0.5,102.68879660326,0.5,103.335555470399,0.5,1.02129461813075,1.24492770688684,-0.71246799002391,-1.48988025530737,-1.26624716655128,1.11427430874221,-0.619488299412453,3.12329408296026
20,0.2,38,82.6726646188388,NA,101.933992200308,0.5,98.0579080061646,0.5,103.252175410712,0.5,103.025478627462,0.5,102.595067041684,0.5,103.242092452286,0.5,103.171989479694,0.45,103.092349857471,0.5,-0.0100829584259969,0.14651085223187,0.497282815787145,-0.226696783249949,-0.0701029725920819,-0.657108369028364,-0.149742594815223,5.11408147352941
20,0.2,39,77.6931375030825,NA,97.8531475984948,0.5,95.3051366930336,0.5,98.7499717719343,0.5,98.761072990868,0.5,97.5820906891328,0.5,98.423014699726,0.5,98.7288125679937,0.5,97.597284283151,0.5,-0.32695707220833,-0.0322604228742733,0.0151935940181716,0.0111012189337316,0.305797868267788,-1.1678810828015,-0.825730416574999,3.42367587496015
20,0.2,40,83.5044421901027,NA,104.355688626545,0.5,101.446327901066,0.5,105.26515060399,0.5,103.903628163681,0.5,104.915196925795,0.5,104.876655752364,0.45,102.852370111555,0.55,105.09258857694,0.5,-0.388494851626419,-1.05125805212688,0.177391651144802,-1.361522440309,-2.02428564080947,-0.349953678195575,0.215932824575646,1.40604221048829
20,0.2,41,87.2097711483964,NA,115.160174001897,0.5,115.114732898698,0.5,115.71322220072,0.5,114.75285509949,0.5,114.514841388856,0.5,114.030969737963,0.45,116.12995043333,0.45,116.408776176086,0.5,-1.68225246275702,1.37709533384069,1.8939347872296,-0.960367101230958,2.09898069536675,-1.19838081186447,2.37780643812215,1.01521753463228
20,0.2,42,86.9686251993864,NA,115.437081753309,0.5,112.935053559696,0.5,118.063040024199,0.5,116.483302688353,0.5,117.31762415343,0.5,117.329138003523,0.45,118.802070851079,0.45,116.948920480513,0.5,-0.733902020675458,2.31876816272604,-0.368703672916695,-1.57973733584554,1.47293284755597,-0.745415870768852,-0.380217523010089,5.86701729138292
20,0.2,43,82.4738718187159,NA,103.589383646727,0.5,101.921176686583,0.5,104.339344443812,0.5,104.123083032238,0.5,103.618627760921,0.5,104.735039380867,0.45,104.883141700554,0.45,103.922333991651,0.5,0.395694937055126,0.760058668315494,0.303706230730384,-0.21626141157418,0.148102319686188,-0.720716682891307,-0.812705389216049,2.96196501397088
20,0.2,44,83.551693801706,NA,102.290946153454,0.5,98.7035857257531,0.5,104.259772872904,0.5,103.819706501168,0.5,103.306687607941,0.5,103.952370913975,0.45,104.615432313091,0.45,104.711373512098,0.5,-0.307401958929177,0.795725811922182,1.40468590415762,-0.44006637173527,0.663061399116089,-0.953085264963093,0.7590025981237,5.91184658733754
20,0.2,45,87.3977315449308,NA,106.92189608318,0.5,103.074229147615,0.5,108.96059776678,0.5,148.059732606241,0.5,107.012157559235,0.5,108.839796967529,0.45,135.464021562994,0.65,108.269506892584,0.5,-0.120800799251356,-12.595711043247,1.25734933334854,39.0991348394613,26.6242245954657,-1.94844020754489,-0.570290074944992,32.3897924153797
20,0.2,46,83.4719843823191,NA,106.436495012107,0.5,104.091192688745,0.5,108.305679519952,0.5,107.73775418214,0.5,107.840359249025,0.5,107.491279837288,0.45,107.616373792932,0.5,108.086839651941,0.5,-0.81439968266416,-0.121380389207943,0.246480402916561,-0.567925337812824,0.125093955643393,-0.46532027092762,0.5955598146531,3.52518110418696
20,0.2,47,79.3678062458055,NA,103.348563712532,0.5,101.823877720724,0.5,104.422439625859,0.5,104.702217546369,0.5,103.688188746427,0.5,105.024908250341,0.5,104.012086114776,0.5,103.060029712228,0.5,0.602468624481531,-0.690131431593244,-0.62815903419947,0.279777920509986,-1.01282213556479,-0.734250879431642,-1.96487853811264,2.18820839405167
20,0.2,48,84.5722570058372,NA,107.479407566163,0.5,104.144531361939,0.5,107.949152025993,0.5,107.775757584517,0.5,107.245741732636,0.5,109.999713643865,0.45,108.329871512916,0.45,108.161257066824,0.5,2.05056161787192,0.554113928399701,0.91551533418793,-0.173394441476034,-1.66984213094825,-0.703410293356583,-1.83845657704057,4.18534015097734
20,0.2,49,83.4114243026338,NA,106.115340868588,0.5,103.224782349225,0.5,109.118771914959,0.5,109.554409163289,0.5,107.592709319843,0.5,109.648522289305,0.45,108.814805005458,0.5,108.276909461636,0.5,0.529750374345696,-0.739604157831749,0.684200141793085,0.435637248329982,-0.833717283847463,-1.52606259511694,-1.37161282766955,5.59002265623302
20,0.2,50,78.6183136530145,NA,98.1143919221505,0.5,93.7653023357365,0.5,99.3037244616718,0.5,99.5012430481164,0.5,99.4097521678925,0.5,99.0555366986999,0.45,99.8395809365973,0.45,99.3445782252397,0.5,-0.248187762971966,0.338337888480908,-0.0651739426527485,0.197518586444545,0.784044237897419,0.106027706220644,0.289041526539862,6.07427860086081
0.1,0.4,1,84.0812033176961,NA,108.738200383692,0.5,106.027843141543,0.5,109.737332742471,0.5,116.219078641786,0.5,109.099626087866,0.5,109.424957054336,0.45,116.082134341252,0.5,109.388631625814,0.4,-0.312375688135319,-0.136944300534253,0.289005537948043,6.48174589931509,6.65717728691615,-0.637706654605154,-0.036325428521792,10.0542911997094
0.1,0.4,2,89.8205690934302,NA,115.189709357578,0.5,112.923976579115,0.5,115.349859232918,0.5,123.983756398531,0.5,116.153609194348,0.5,116.608058512273,0.45,123.997413515122,0.5,116.180273437715,0.5,1.25819927935535,0.0136571165906787,0.0266642433672075,8.6338971656134,7.38935500284873,0.803749961430512,-0.427785074557633,11.0734369360064
0.1,0.4,3,81.1587860555926,NA,101.886854633085,0.5,95.7205013083778,0.5,102.916477015661,0.5,106.319231104052,0.5,101.92307835962,0.5,103.046503647669,0.45,106.274313512249,0.45,101.682217436425,0.5,0.130026632008068,-0.044917591803241,-0.240860923195328,3.40275408839101,3.2278098645797,-0.99339865604118,-1.36428621124458,10.553812203871
0.1,0.4,4,92.8430195402,NA,119.625988578706,0.5,119.87041747088,0.5,119.126998339969,0.5,133.727983362557,0.5,120.219209753001,0.5,119.04847337226,0.45,133.038663183617,0.5,119.62324924337,0.5,-0.0785249677087023,-0.689320178939454,-0.595960509630729,14.6009850225877,13.990189811357,1.09221141303213,0.574775871110106,13.1682457127369
0.1,0.4,5,88.7041135393562,NA,110.928470386738,0.5,108.876718051309,0.5,112.630808820551,0.5,118.53970616712,0.5,113.018118734898,0.5,112.208580896129,0.45,118.57682337637,0.5,112.201044789445,0.5,-0.422227924421847,0.0371172092505674,-0.817073945453544,5.90889734656898,6.36824248024139,0.387309914347696,-0.00753610668400029,9.70010532506126
0.1,0.4,6,97.88236553037,NA,125.199599682909,0.5,125.683288946757,0.5,127.793705063129,0.5,135.688964586731,0.5,126.274239016968,0.5,126.2443110627,0.45,135.177366398798,0.55,126.600892882581,0.5,-1.54939400042959,-0.511598187933004,0.326653865612656,7.89525952360209,8.93305533609868,-1.519466046161,0.356581819881242,9.49407745204098
0.1,0.4,7,86.0186323436976,NA,114.212123147294,0.5,113.203134432568,0.5,117.065752171372,0.5,132.577885578721,0.5,116.227735260135,0.5,116.93363383024,0.45,131.139325665711,0.65,117.491923247727,0.5,-0.132118341131743,-1.43855991300956,1.2641879875921,15.5121334073486,14.2056918354708,-0.838016911236764,0.558289417487075,17.9361912331432
0.1,0.4,8,82.4558292688787,NA,107.316931810719,0.5,105.806690194171,0.5,107.618338853762,0.5,116.097793260626,0.5,106.483537275938,0.5,107.316825652149,0.45,116.063003683945,0.5,107.029557918841,0.5,-0.30151320161319,-0.034789576680538,0.546020642902775,8.47945440686402,8.74617803179667,-1.13480157782359,-0.28726773330763,10.2563134897742
0.1,0.4,9,83.4496976828367,NA,110.412934952637,0.5,107.236177792057,0.5,113.638155186876,0.5,125.293738188397,0.5,111.835208340414,0.5,113.712047070986,0.45,124.551673271425,0.55,114.156330523625,0.5,0.0738918841101821,-0.742064916971827,2.32112218321069,11.6555830015214,10.8396262004394,-1.80294684646161,0.444283452638899,17.3154954793686
0.1,0.4,10,75.1566348224014,NA,98.6344050719202,0.5,95.3671017370569,0.5,99.0121007890956,0.5,102.308065295511,0.5,98.8380898767211,0.5,98.5401975733961,0.45,102.365446245782,0.45,99.3130273356453,0.4,-0.471903215699427,0.0573809502708684,0.474937458924202,3.29596450641513,3.82524867238543,-0.17401091237447,0.77282976224916,6.99834450872461
0.1,0.4,11,73.1946339689589,NA,95.5396906285854,0.5,90.2651590891734,0.5,95.2246849552561,0.5,98.325571623485,0.5,94.8043118781679,0.5,95.0202668469267,0.45,98.7365107810943,0.45,94.6864686408036,0.4,-0.204418108329364,0.410939157609334,-0.117843237364298,3.10088666822888,3.71624393416758,-0.4203730770882,-0.333798206123134,8.47135169192089
0.1,0.4,12,80.4573164028082,NA,103.602075581286,0.5,100.329958309023,0.5,104.820924878752,0.5,110.24943648975,0.5,104.40944211755,0.5,104.672936844201,0.45,110.341034495082,0.45,104.765353723081,0.5,-0.147988034551318,0.0915980053320027,0.355911605530622,5.42851161099762,5.66809765088094,-0.411482761202009,0.0924168788799307,10.0110761860584
0.1,0.4,13,84.248723706207,NA,108.113977221369,0.5,105.017919129597,0.5,109.252013339008,0.5,114.164014170167,0.5,108.690580002191,0.5,109.820026583825,0.45,114.307267354562,0.45,109.277471722787,0.5,0.568013244816939,0.143253184395078,0.586891720596782,4.91200083115825,4.48724077073639,-0.561433336817771,-0.542554861037928,9.28934822496437
0.1,0.4,14,85.349680600568,NA,112.142878134599,0.5,107.913081955061,0.5,111.857091180678,0.5,119.098479344073,0.5,112.242623780507,0.5,112.378666770348,0.45,119.316298536024,0.5,111.856938754178,0.5,0.52157558967032,0.217819191950554,-0.385685026328318,7.2413881633954,6.93763176567563,0.385532599829006,-0.521728016169632,11.4032165809628
0.1,0.4,15,98.4108470871269,NA,120.13695660343,0.5,116.955500522771,0.5,120.840212984527,0.5,127.883015774554,0.5,120.742839548839,0.5,120.341970822392,0.45,128.063551137929,0.5,120.319283026084,0.4,-0.498242162134986,0.18053536337537,-0.42355652275468,7.04280279002674,7.7215803155371,-0.0973734356877145,-0.0226877963074088,11.1080506151581
0.1,0.4,16,89.5004159315506,NA,113.532735108559,0.5,108.910670424132,0.5,113.9807798147,0.5,121.024067556098,0.5,113.524975830508,0.5,113.469184095927,0.45,120.880549243517,0.5,114.082761277987,0.5,-0.51159571877227,-0.143518312580582,0.557785447479645,7.04328774139822,7.4113651475899,-0.455803984192045,0.61357718205987,11.9698788193857
0.1,0.4,17,82.6229108805348,NA,109.20040405434,0.5,104.325698034229,0.5,109.754266638165,0.5,116.09798971196,0.5,109.662811131478,0.5,109.606887840851,0.45,116.056305623385,0.5,109.034025681804,0.5,-0.147378797313763,-0.0416840885751526,-0.628785449673558,6.34372307379496,6.44941778253357,-0.0914555066872396,-0.572862159047034,11.7306075891563
0.1,0.4,18,82.533724462504,NA,105.312644026852,0.5,103.483834392225,0.5,107.072939370181,0.5,115.439600364562,0.5,106.809268539745,0.5,106.648463740755,0.45,115.268163043096,0.5,108.246148378534,0.5,-0.42447562942634,-0.171437321465817,1.43687983878827,8.36666099438057,8.61969930234109,-0.26367083043607,1.59768463777854,11.7843286508709
0.1,0.4,19,94.2616411954613,NA,116.22038367083,0.5,112.807546922651,0.5,117.264076149972,0.5,120.043188072826,0.5,117.03003970956,0.5,118.204826248531,0.45,120.155074593623,0.45,117.590755660579,0.5,0.940750098558965,0.111886520796887,0.560715951019105,2.77911192285359,1.95024834509151,-0.23403644041224,-0.614070587952099,7.34752767097139
0.1,0.4,20,80.7741269739024,NA,105.16400604117,0.5,102.797186801679,0.5,106.779506359398,0.5,116.492683648824,0.5,106.705857733965,0.5,107.028501705057,0.45,116.400890871955,0.5,105.135628224075,0.5,0.248995345659836,-0.0917927768696245,-1.57022950988983,9.71317728942671,9.37238916689725,-0.0736486254325399,-1.8928734809822,13.6037040702754
0.1,0.4,21,93.4974728559607,NA,117.189477356256,0.5,114.7412466869,0.5,120.023421660183,0.5,127.849696044615,0.5,119.105234578671,0.5,118.660798972877,0.45,127.824530911043,0.5,119.572910887967,0.5,-1.36262268730601,-0.0251651335725569,0.467676309296138,7.82627438443235,9.16373193816581,-0.918187081511846,0.912111915090307,13.0832842241425
0.1,0.4,22,82.8218926527541,NA,107.269916646462,0.5,109.058747357589,0.5,109.796327188287,0.5,124.33798799586,0.5,109.182181905081,0.5,109.650008219832,0.45,123.953311753863,0.55,108.325178100484,0.5,-0.146318968454224,-0.38467624199717,-0.857003804596957,14.5416608075735,14.3033035340305,-0.614145283205602,-1.32483011934833,14.8945643962739
0.1,0.4,23,93.9945367866301,NA,119.605063535032,0.5,119.272512531614,0.5,120.993542077363,0.5,130.661434370042,0.5,120.947836692827,0.5,120.142475014655,0.45,130.305056361221,0.55,121.114881170053,0.4,-0.851067062707529,-0.356378008821395,0.167044477225957,9.66789229267937,10.1625813465655,-0.0457053845354807,0.972406155398005,11.0325438296066
0.1,0.4,24,83.1826182416355,NA,104.594238403256,0.5,100.991190981183,0.5,105.677522263657,0.5,109.160905208443,0.5,105.75442569908,0.5,105.843790279795,0.45,109.350525933261,0.45,104.811449101846,0.5,0.166268016138147,0.189620724818141,-0.942976597233738,3.48338294478584,3.50673565346584,0.07690343542275,-1.03234117794914,8.35933495207829
0.1,0.4,25,78.1434259381901,NA,102.563685436741,0.5,99.105565549837,0.5,103.204154232318,0.5,112.895051103898,0.5,102.100084161746,0.5,102.83656102463,0.45,112.403299652608,0.5,101.289235883643,0.4,-0.367593207687534,-0.491751451289673,-0.810848278102824,9.69089687158009,9.56673862797795,-1.10407007057154,-1.54732514098683,13.2977341027713
0.1,0.4,26,92.4304569875215,NA,118.134101900894,0.5,119.206670892732,0.499999999999999,120.228561509919,0.5,135.334188591918,0.5,120.277592703358,0.5,119.719450412082,0.45,134.47259551174,0.6,119.186285634184,0.5,-0.509111097837035,-0.861593080177954,-1.09130706917433,15.1056270819991,14.7531450996582,0.0490311934393759,-0.533164777897923,15.2659246190084
0.1,0.4,27,83.8537545362297,NA,105.626691646431,0.5,104.405111205442,0.5,106.785475568623,0.5,115.622961206865,0.5,107.320577509978,0.5,107.278643447389,0.45,115.604198206612,0.5,107.667685950058,0.5,0.493167878766727,-0.0187630002528181,0.347108440080405,8.83748563824199,8.32555475922244,0.53510194135508,0.389042502668758,11.1990870011697
0.1,0.4,28,83.2653321851345,NA,106.678684115655,0.5,104.465556162108,0.5,108.024308013887,0.5,112.711764780728,0.5,106.980706522733,0.5,108.15981630634,0.45,112.836773232418,0.45,106.7523507733,0.5,0.135508292453508,0.125008451689652,-0.228355749433092,4.6874567668411,4.67695692607724,-1.04360149115404,-1.40746553304064,8.37121707030927
0.1,0.4,29,81.536997376275,NA,108.329349151163,0.5,108.177847539143,0.499999999999999,110.093254036269,0.5,120.218929352645,0.5,109.463074120512,0.5,109.721359719083,0.45,120.160973315775,0.5,111.188142059506,0.5,-0.371894317185678,-0.0579560368696974,1.72506793899392,10.1256753163765,10.4396135966925,-0.630179915756585,1.46678234042301,11.9831257766326
0.1,0.4,30,79.0113806792586,NA,101.382714159243,0.5,97.623877678008,0.5,103.547822926609,0.5,107.200802637267,0.5,103.68887976519,0.5,103.383343101968,0.45,107.330377541571,0.45,103.241144443453,0.5,-0.164479824641191,0.129574904303595,-0.447735321736815,3.65297971065819,3.94703443960297,0.141056838580994,-0.14219865851463,9.70649986356285
0.1,0.4,31,79.5604690629828,NA,102.157097948738,0.5,97.0078554513978,0.5,102.60045470217,0.5,106.21389589519,0.5,101.859903835953,0.5,103.181614309131,0.45,106.375939272999,0.45,102.415920616591,0.5,0.581159606961222,0.162043377808644,0.55601678063789,3.61344119302042,3.19432496386784,-0.740550866216239,-0.765693692539571,9.36808382160098
0.1,0.4,32,88.3604317744256,NA,115.815078769995,0.5,110.22460038938,0.5,117.610514980994,0.5,124.051600866713,0.5,117.241676932031,0.5,117.381718297214,0.45,123.828222957725,0.5,116.858442895772,0.5,-0.228796683779734,-0.223377908987587,-0.383234036258415,6.44108588571937,6.44650466051152,-0.3688380489629,-0.52327540144158,13.6036225683452
0.1,0.4,33,87.4573378425784,NA,110.545147666951,0.5,108.83542205374,0.5,111.283324247257,0.5,115.72851382749,0.5,111.159843514214,0.5,110.797278620279,0.45,116.011150830753,0.45,109.708274088916,0.5,-0.486045626977329,0.282637003262892,-1.45156942529802,4.44518958023333,5.21387221047355,-0.12348073304284,-1.08900453136353,7.17572877701279
0.1,0.4,34,87.0341257874078,NA,113.052350255035,0.5,111.122045056367,0.5,113.433243889894,0.5,133.373931802295,0.5,115.668218810219,0.5,114.486798619345,0.45,132.500067127129,0.65,114.718065780979,0.4,1.05355472945158,-0.87386467516626,-0.950153029239615,19.9406879124014,18.0132685077835,2.23497492032516,0.231267161633966,21.3780220707612
0.1,0.4,35,90.9743215335107,NA,116.572186095135,0.5,114.14849247393,0.5,117.856778307651,0.5,140.202753698766,0.5,118.796052853875,0.5,121.936026262319,0.45,138.04116214873,0.6,118.577706021526,0.5,4.07924795466805,-2.16159155003589,-0.2183468323488,22.3459753911148,16.1051358864109,0.939274546223473,-3.35832024079338,23.8926696748007
0.1,0.4,36,88.7369831411652,NA,110.126671593859,0.5,108.216398710837,0.5,112.154826606166,0.5,114.375171808962,0.5,110.984524143391,0.5,112.632776125309,0.45,114.708968427293,0.45,111.075687482455,0.5,0.477949519143067,0.333796618330325,0.0911633390646642,2.22034520279594,2.0761923019832,-1.17030246277567,-1.55708864285407,6.4925697164556
0.1,0.4,37,84.0844496872529,NA,107.337304833711,0.5,102.729519566796,0.5,106.316328251286,0.5,110.81593208294,0.5,107.463875857974,0.5,107.591992321067,0.45,111.009841757862,0.45,106.718543232765,0.5,1.27566406978116,0.193909674921201,-0.745332625208832,4.49960383165441,3.41784943679446,1.14754760668809,-0.873449088301896,8.28032219106559
0.1,0.4,38,84.9751390138024,NA,105.623799166012,0.5,101.51667534951,0.5,106.984392535537,0.5,109.561884616817,0.5,106.30236860713,0.5,106.746299854588,0.45,109.357862553937,0.45,106.823093313268,0.5,-0.238092680948839,-0.20402206287983,0.520724706138495,2.57749208128052,2.61156269934953,-0.682023928406778,0.0767934586805552,7.84118720442761
0.1,0.4,39,79.7394309247993,NA,101.298873259509,0.5,98.5804302616752,0.5,102.191689683044,0.5,106.138908689933,0.5,100.985076864363,0.5,101.814040263925,0.45,106.082336531819,0.5,101.01448719278,0.5,-0.37764941911945,-0.0565721581135961,0.0294103284167306,3.94721900688857,4.26829626789443,-1.20661281868074,-0.799553071144558,7.50190627014381
0.1,0.4,40,85.5857070255288,NA,107.823506530512,0.5,104.754189645779,0.5,108.748339141328,0.5,114.767490819233,0.5,108.38250800013,0.5,108.416652808556,0.45,114.820080415965,0.45,108.560174956759,0.5,-0.331686332772207,0.052589596732048,0.177666956629409,6.01915167790476,6.40342760740901,-0.365831141198555,0.143522148203061,10.0658907701862
0.1,0.4,41,88.839693879905,NA,118.164287319212,0.5,117.938572614128,0.5,118.679855399409,0.5,130.210141482771,0.5,117.512744777389,0.5,116.747345157786,0.45,129.842767990796,0.55,119.338996296394,0.5,-1.93251024162329,-0.367373491974632,1.82625151900497,11.5302860833613,13.09542283301,-1.16711062201992,2.59165113860834,11.9041953766682
0.1,0.4,42,88.529987696364,NA,118.380607432857,0.5,115.734060424249,0.5,121.0165591649,0.5,128.741470887225,0.5,120.286285612317,0.5,120.347740969262,0.45,128.271841584326,0.55,119.905038557663,0.5,-0.668818195637385,-0.469629302899648,-0.381247054654182,7.72491172232577,7.92410061506351,-0.730273552582389,-0.442702411599186,12.5377811600762
0.1,0.4,43,84.3741328810526,NA,106.913381309927,0.5,105.071254829493,0.5,107.683621195201,0.5,111.792018810682,0.5,106.945483257541,0.5,108.152480173949,0.45,111.746853410483,0.45,107.263697140369,0.5,0.468858978747647,-0.0451654001988686,0.318213882828033,4.10839761548058,3.59437323653407,-0.738137937659829,-0.888783033579443,6.67559858098956
0.1,0.4,44,85.9780486272438,NA,106.068037154024,0.5,102.228085932223,0.5,108.089568863729,0.5,123.383385021438,0.5,107.138272916185,0.5,107.823306280474,0.45,122.908475714323,0.55,108.531881746549,0.5,-0.26626258325426,-0.474909307115212,1.39360883036402,15.2938161577093,15.0851694338483,-0.951295947543485,0.708575466074791,20.6803897820998
0.1,0.4,45,89.864105953441,NA,110.733287578328,0.5,106.668905951033,0.5,112.782794940693,0.5,154.271857763133,0.5,110.847086558621,0.5,112.699273378889,0.45,140.577733599359,0.65,112.087704111534,0.5,-0.0835215618041332,-13.6941241637735,1.24061755291255,41.4890628224398,27.8784602204704,-1.93570838207197,-0.611569267355279,33.9088276483261
0.1,0.4,46,85.4145833415256,NA,109.744181978041,0.5,107.167033356018,0.5,111.671546084583,0.5,119.354534419113,0.5,111.171650658084,0.5,110.893540320949,0.45,119.321259226988,0.5,111.393217659882,0.5,-0.778005763633757,-0.0332751921244494,0.221567001797766,7.68298833452933,8.42771890603863,-0.499895426499293,0.49967733893223,12.1542258709701
0.1,0.4,47,81.1892117137457,NA,106.56683993548,0.5,104.810359163461,0.5,107.645106856803,0.5,115.316364309996,0.5,106.886457331295,0.5,108.215012150347,0.45,115.210772297417,0.5,106.245346743156,0.5,0.56990529354394,-0.105592012578725,-0.641110588139398,7.67125745319323,6.99576014707057,-0.758649525507494,-1.96966540719083,10.4004131339568
0.1,0.4,48,86.5080650286883,NA,110.814730010202,0.5,107.288014228784,0.5,111.232595924908,0.5,121.15075469023,0.5,110.495778157325,0.5,112.554456827356,0.45,121.114222958362,0.5,111.46252032653,0.5,1.3218609024479,-0.0365317318675125,0.966742169204764,9.91815876532124,8.55976613100583,-0.736817767583162,-1.09193650082629,13.8262087295777
0.1,0.4,49,85.4813286992015,NA,109.52480767664,0.5,106.391918464698,0.5,112.550118296322,0.5,121.185518629676,0.5,111.021831125017,0.5,113.139020006867,0.45,121.44647618733,0.5,111.685210881253,0.5,0.588901710545358,0.26095755765391,0.663379756235827,8.63540033335441,8.30745618046296,-1.52828717130487,-1.4538091256144,15.0545577226317
0.1,0.4,50,80.8567388007878,NA,101.729166971134,0.5,97.0729694814537,0.5,102.973649735273,0.5,105.556166914811,0.5,103.088000262095,0.5,102.998742826383,0.45,105.592784582392,0.45,103.009198428043,0.5,0.0250930911096106,0.0366176675807992,-0.0788018340523564,2.58251717953776,2.59404175600895,0.114350526821809,0.0104556016598423,8.51981510093795
1,0.4,1,84.0812033176961,NA,108.738200383692,0.5,106.027843141543,0.5,109.737332742471,0.5,113.774972672756,0.5,109.099626087866,0.5,109.424957054336,0.45,113.595986638701,0.5,109.388631625814,0.4,-0.312375688135319,-0.178986034055185,0.289005537948043,4.03763993028514,4.17102958436527,-0.637706654605154,-0.036325428521792,7.56814349715854
1,0.4,2,89.8205690934302,NA,115.189709357578,0.5,112.923976579115,0.5,115.349859232918,0.5,121.506737120265,0.5,116.153609194348,0.5,116.608058512273,0.45,121.537879796383,0.5,116.180273437715,0.5,1.25819927935535,0.0311426761184066,0.0266642433672075,6.15687788734691,4.92982128410996,0.803749961430512,-0.427785074557633,8.61390321726759
1,0.4,3,81.1587860555926,NA,101.886854633085,0.5,95.7205013083778,0.5,102.916477015661,0.5,103.877872219664,0.5,101.92307835962,0.5,103.046503647669,0.45,103.984630007622,0.45,101.682217436425,0.5,0.130026632008068,0.106757787957918,-0.240860923195328,0.961395204002642,0.938126359952491,-0.99339865604118,-1.36428621124458,8.26412869924384
1,0.4,4,92.8430195402,NA,119.625988578706,0.5,119.87041747088,0.5,119.126998339969,0.5,131.003220609191,0.5,120.219209753001,0.5,119.04847337226,0.45,130.911189244081,0.5,119.62324924337,0.5,-0.0785249677087023,-0.0920313651099036,-0.595960509630729,11.8762222692215,11.8627158718203,1.09221141303213,0.574775871110106,11.0407717732002
1,0.4,5,88.7041135393562,NA,110.928470386738,0.5,108.876718051309,0.5,112.630808820551,0.5,116.912540146872,0.5,113.018118734898,0.5,112.208580896129,0.45,116.788724056602,0.5,112.201044789445,0.5,-0.422227924421847,-0.123816090270012,-0.817073945453544,4.28173132632105,4.58014316047289,0.387309914347696,-0.00753610668400029,7.91200600529275
1,0.4,6,97.88236553037,NA,125.199599682909,0.5,125.683288946757,0.5,127.793705063129,0.5,133.723307024577,0.5,126.274239016968,0.5,126.2443110627,0.45,133.740426102967,0.5,126.600892882581,0.5,-1.54939400042959,0.0171190783894701,0.326653865612656,5.92960196144803,7.49611504026709,-1.519466046161,0.356581819881242,8.05713715620939
1,0.4,7,86.0186323436976,NA,114.212123147294,0.5,113.203134432568,0.5,117.065752171372,0.5,132.707175578409,0.5,116.227735260135,0.5,116.93363383024,0.45,131.378734695883,0.6,117.491923247727,0.5,-0.132118341131743,-1.32844088252546,1.2641879875921,15.6414234070367,14.445100865643,-0.838016911236764,0.558289417487075,18.1756002633154
1,0.4,8,82.4558292688787,NA,107.316931810719,0.5,105.806690194171,0.5,107.618338853762,0.5,113.010151642613,0.5,106.483537275938,0.5,107.316825652149,0.45,112.820563644919,0.5,107.029557918841,0.5,-0.30151320161319,-0.18958799769436,0.546020642902775,5.39181278885127,5.5037379927701,-1.13480157782359,-0.28726773330763,7.01387345074758
1,0.4,9,83.4496976828367,NA,110.412934952637,0.5,107.236177792057,0.5,113.638155186876,0.5,122.605169918636,0.5,111.835208340414,0.5,113.712047070986,0.45,122.395455530875,0.5,114.156330523625,0.5,0.0738918841101821,-0.209714387760812,2.32112218321069,8.9670147317605,8.68340845988951,-1.80294684646161,0.444283452638899,15.1592777388187
1,0.4,10,75.1566348224014,NA,98.6344050719202,0.5,95.3671017370569,0.5,99.0121007890956,0.5,100.560028446298,0.5,98.8380898767211,0.5,98.5401975733961,0.45,100.69594721968,0.45,99.3130273356453,0.4,-0.471903215699427,0.135918773382045,0.474937458924202,1.54792765720234,2.15574964628381,-0.17401091237447,0.77282976224916,5.328845482623
1,0.4,11,73.1946339689589,NA,95.5396906285854,0.5,90.2651590891734,0.5,95.2246849552561,0.5,96.1784531431838,0.5,94.8043118781679,0.5,95.0202668469267,0.45,96.4745148542217,0.45,94.6864686408036,0.4,-0.204418108329364,0.296061711037879,-0.117843237364298,0.953768187927722,1.45424800729496,-0.4203730770882,-0.333798206123134,6.20935576504827
1,0.4,12,80.4573164028082,NA,103.602075581286,0.5,100.329958309023,0.5,104.820924878752,0.5,108.044584339607,0.5,104.40944211755,0.5,104.672936844201,0.45,108.19023325004,0.5,104.765353723081,0.5,-0.147988034551318,0.14564891043355,0.355911605530622,3.22365946085453,3.5172964058394,-0.411482761202009,0.0924168788799307,7.8602749410169
1,0.4,13,84.248723706207,NA,108.113977221369,0.5,105.017919129597,0.5,109.252013339008,0.5,112.183821928092,0.5,108.690580002191,0.5,109.820026583825,0.45,111.998767384767,0.5,109.277471722787,0.5,0.568013244816939,-0.185054543324952,0.586891720596782,2.93180858908367,2.17874080094178,-0.561433336817771,-0.542554861037928,6.98084825516976
1,0.4,14,85.349680600568,NA,112.142878134599,0.5,107.913081955061,0.5,111.857091180678,0.5,116.875482376865,0.5,112.242623780507,0.5,112.378666770348,0.45,116.969003852301,0.5,111.856938754178,0.5,0.52157558967032,0.093521475436404,-0.385685026328318,5.01839119618688,4.59033708195297,0.385532599829006,-0.521728016169632,9.05592189724017
1,0.4,15,98.4108470871269,NA,120.13695660343,0.5,116.955500522771,0.5,120.840212984527,0.5,125.401561733455,0.5,120.742839548839,0.5,120.341970822392,0.45,125.232237430959,0.5,120.319283026084,0.4,-0.498242162134986,-0.169324302495426,-0.42355652275468,4.56134874892794,4.8902666085675,-0.0973734356877145,-0.0226877963074088,8.27673690818848
1,0.4,16,89.5004159315506,NA,113.532735108559,0.5,108.910670424132,0.5,113.9807798147,0.5,118.706696039495,0.5,113.524975830508,0.5,113.469184095927,0.45,118.306989062364,0.45,114.082761277987,0.5,-0.51159571877227,-0.399706977130847,0.557785447479645,4.72591622479511,4.83780496643654,-0.455803984192045,0.61357718205987,9.39631863823236
1,0.4,17,82.6229108805348,NA,109.20040405434,0.5,104.325698034229,0.5,109.754266638165,0.5,113.306536022654,0.5,109.662811131478,0.5,109.606887840851,0.45,113.481555346759,0.45,109.034025681804,0.5,-0.147378797313763,0.175019324105264,-0.628785449673558,3.55226938448894,3.87466750590796,-0.0914555066872396,-0.572862159047034,9.15585731253073
1,0.4,18,82.533724462504,NA,105.312644026852,0.5,103.483834392225,0.5,107.072939370181,0.5,113.004332447816,0.5,106.809268539745,0.5,106.648463740755,0.45,113.065353560551,0.5,108.246148378534,0.5,-0.42447562942634,0.0610211127354034,1.43687983878827,5.9313930776344,6.41688981979614,-0.26367083043607,1.59768463777854,9.58151916832591
1,0.4,19,94.2616411954613,NA,116.22038367083,0.5,112.807546922651,0.5,117.264076149972,0.5,118.733171577148,0.5,117.03003970956,0.5,118.204826248531,0.45,118.493633487083,0.45,117.590755660579,0.5,0.940750098558965,-0.239538090064656,0.560715951019105,1.46909542717569,0.288807238552067,-0.23403644041224,-0.614070587952099,5.68608656443195
1,0.4,20,80.7741269739024,NA,105.16400604117,0.5,102.797186801679,0.5,106.779506359398,0.5,114.72288749078,0.5,106.705857733965,0.5,107.028501705057,0.45,114.627402421859,0.5,105.135628224075,0.5,0.248995345659836,-0.095485068921846,-1.57022950988983,7.94338113138278,7.5989007168011,-0.0736486254325399,-1.8928734809822,11.8302156201793
1,0.4,21,93.4974728559607,NA,117.189477356256,0.5,114.7412466869,0.5,120.023421660183,0.5,126.209055223904,0.5,119.105234578671,0.5,118.660798972877,0.45,125.795835165579,0.5,119.572910887967,0.5,-1.36262268730601,-0.413220058324157,0.467676309296138,6.18563356372051,7.13503619270237,-0.918187081511846,0.912111915090307,11.054588478679
1,0.4,22,82.8218926527541,NA,107.269916646462,0.5,109.058747357589,0.5,109.796327188287,0.5,123.160867634686,0.5,109.182181905081,0.5,109.650008219832,0.45,122.460917040727,0.55,108.325178100484,0.5,-0.146318968454224,-0.699950593958306,-0.857003804596957,13.3645404463992,12.8109088208951,-0.614145283205602,-1.32483011934833,13.4021696831385
1,0.4,23,93.9945367866301,NA,119.605063535032,0.5,119.272512531614,0.5,120.993542077363,0.5,129.532025335972,0.5,120.947836692827,0.5,120.142475014655,0.45,128.763775538263,0.55,121.114881170053,0.4,-0.851067062707529,-0.768249797709501,0.167044477225957,8.53848325860946,8.62130052360749,-0.0457053845354807,0.972406155398005,9.49126300664854
1,0.4,24,83.1826182416355,NA,104.594238403256,0.5,100.991190981183,0.5,105.677522263657,0.5,108.237845038829,0.5,105.75442569908,0.5,105.843790279795,0.45,108.353762762792,0.5,104.811449101846,0.5,0.166268016138147,0.115917723963364,-0.942976597233738,2.56032277517161,2.50997248299683,0.07690343542275,-1.03234117794914,7.36257178160928
1,0.4,25,78.1434259381901,NA,102.563685436741,0.5,99.105565549837,0.5,103.204154232318,0.5,111.461588402941,0.5,102.100084161746,0.5,102.83656102463,0.45,111.396020946219,0.5,101.289235883643,0.4,-0.367593207687534,-0.0655674567215954,-0.810848278102824,8.25743417062299,8.55945992158892,-1.10407007057154,-1.54732514098683,12.2904553963822
1,0.4,26,92.4304569875215,NA,118.134101900894,0.5,119.206670892732,0.499999999999999,120.228561509919,0.5,133.676847851086,0.5,120.277592703358,0.5,119.719450412082,0.45,133.214561006088,0.55,119.186285634184,0.5,-0.509111097837035,-0.462286844997948,-1.09130706917433,13.4482863411667,13.4951105940058,0.0490311934393759,-0.533164777897923,14.007890113356
1,0.4,27,83.8537545362297,NA,105.626691646431,0.5,104.405111205442,0.5,106.785475568623,0.5,114.111163280572,0.5,107.320577509978,0.5,107.278643447389,0.45,113.77297289022,0.5,107.667685950058,0.5,0.493167878766727,-0.338190390351841,0.347108440080405,7.32568771194981,6.49432944283124,0.53510194135508,0.389042502668758,9.36786168477853
1,0.4,28,83.2653321851345,NA,106.678684115655,0.5,104.465556162108,0.5,108.024308013887,0.5,110.422600469525,0.5,106.980706522733,0.5,108.15981630634,0.45,110.698471257566,0.5,106.7523507733,0.5,0.135508292453508,0.27587078804082,-0.228355749433092,2.39829245563791,2.53865495122523,-1.04360149115404,-1.40746553304064,6.23291509545726
1,0.4,29,81.536997376275,NA,108.329349151163,0.5,108.177847539143,0.499999999999999,110.093254036269,0.5,117.492031723057,0.5,109.463074120512,0.5,109.721359719083,0.45,117.614334843892,0.5,111.188142059506,0.5,-0.371894317185678,0.122303120835383,1.72506793899392,7.39877768678784,7.8929751248089,-0.630179915756585,1.46678234042301,9.43648730474902
1,0.4,30,79.0113806792586,NA,101.382714159243,0.5,97.623877678008,0.5,103.547822926609,0.5,105.352344112115,0.5,103.68887976519,0.5,103.383343101968,0.45,105.607455030809,0.45,103.241144443453,0.5,-0.164479824641191,0.255110918694456,-0.447735321736815,1.80452118550569,2.22411192884134,0.141056838580994,-0.14219865851463,7.98357735280122
1,0.4,31,79.5604690629828,NA,102.157097948738,0.5,97.0078554513978,0.5,102.60045470217,0.5,104.727647390929,0.5,101.859903835953,0.5,103.181614309131,0.45,104.905091255744,0.45,102.415920616591,0.5,0.581159606961222,0.177443864815771,0.55601678063789,2.12719268875891,1.72347694661346,-0.740550866216239,-0.765693692539571,7.89723580434659
1,0.4,32,88.3604317744256,NA,115.815078769995,0.5,110.22460038938,0.5,117.610514980994,0.5,122.214117449952,0.5,117.241676932031,0.5,117.381718297214,0.45,122.439103503785,0.5,116.858442895772,0.5,-0.228796683779734,0.224986053832822,-0.383234036258415,4.60360246895844,5.057385206571,-0.3688380489629,-0.52327540144158,12.2145031144047
1,0.4,33,87.4573378425784,NA,110.545147666951,0.5,108.83542205374,0.5,111.283324247257,0.5,112.626959493236,0.5,111.159843514214,0.5,110.797278620279,0.45,112.175292505455,0.45,109.708274088916,0.5,-0.486045626977329,-0.45166698778074,-1.45156942529802,1.34363524597907,1.37801388517566,-0.12348073304284,-1.08900453136353,3.3398704517149
1,0.4,34,87.0341257874078,NA,113.052350255035,0.5,111.122045056367,0.5,113.433243889894,0.5,131.447854993107,0.5,115.668218810219,0.5,114.486798619345,0.45,130.947017065636,0.65,114.718065780979,0.4,1.05355472945158,-0.500837927470712,-0.950153029239615,18.0146111032133,16.460218446291,2.23497492032516,0.231267161633966,19.8249720092687
1,0.4,35,90.9743215335107,NA,116.572186095135,0.5,114.14849247393,0.5,117.856778307651,0.5,139.493188338382,0.5,118.796052853875,0.5,121.936026262319,0.45,137.036967600578,0.6,118.577706021526,0.5,4.07924795466805,-2.45622073780447,-0.2183468323488,21.6364100307311,15.1009413382585,0.939274546223473,-3.35832024079338,22.8884751266484
1,0.4,36,88.7369831411652,NA,110.126671593859,0.5,108.216398710837,0.5,112.154826606166,0.5,114.267868896947,0.5,110.984524143391,0.5,112.632776125309,0.45,114.192548980125,0.5,111.075687482455,0.5,0.477949519143067,-0.0753199168214707,0.0911633390646642,2.11304229078033,1.55977285481579,-1.17030246277567,-1.55708864285407,5.9761502692882
1,0.4,37,84.0844496872529,NA,107.337304833711,0.5,102.729519566796,0.5,106.316328251286,0.5,108.870071603025,0.5,107.463875857974,0.5,107.591992321067,0.45,108.735914618423,0.45,106.718543232765,0.5,1.27566406978116,-0.134156984601759,-0.745332625208832,2.55374335173902,1.1439222973561,1.14754760668809,-0.873449088301896,6.00639505162724
1,0.4,38,84.9751390138024,NA,105.623799166012,0.5,101.51667534951,0.5,106.984392535537,0.5,106.457836661366,0.5,106.30236860713,0.5,106.746299854588,0.45,106.838141628259,0.45,106.823093313268,0.5,-0.238092680948839,0.380304966892879,0.520724706138495,-0.526555874170285,0.0918417736714332,-0.682023928406778,0.0767934586805552,5.32146627874951
1,0.4,39,79.7394309247993,NA,101.298873259509,0.5,98.5804302616752,0.5,102.191689683044,0.5,105.578537875713,0.5,100.985076864363,0.5,101.814040263925,0.45,105.621406465581,0.5,101.01448719278,0.5,-0.37764941911945,0.0428685898676378,0.0294103284167306,3.3868481926693,3.80736620165639,-1.20661281868074,-0.799553071144558,7.04097620390577
1,0.4,40,85.5857070255288,NA,107.823506530512,0.5,104.754189645779,0.5,108.748339141328,0.5,111.711774679951,0.5,108.38250800013,0.5,108.416652808556,0.45,112.278939067449,0.45,108.560174956759,0.5,-0.331686332772207,0.567164387497868,0.177666956629409,2.96343553862312,3.86228625889319,-0.365831141198555,0.143522148203061,7.52474942167042
1,0.4,41,88.839693879905,NA,118.164287319212,0.5,117.938572614128,0.5,118.679855399409,0.5,128.381670391133,0.5,117.512744777389,0.5,116.747345157786,0.45,128.375426018268,0.5,119.338996296394,0.5,-1.93251024162329,-0.00624437286504076,1.82625151900497,9.70181499172409,11.6280808604823,-1.16711062201992,2.59165113860834,10.4368534041405
1,0.4,42,88.529987696364,NA,118.380607432857,0.5,115.734060424249,0.5,121.0165591649,0.5,127.280501438306,0.5,120.286285612317,0.5,120.347740969262,0.45,127.283443338906,0.5,119.905038557663,0.5,-0.668818195637385,0.00294190059968003,-0.381247054654182,6.26394227340626,6.93570236964332,-0.730273552582389,-0.442702411599186,11.5493829146561
1,0.4,43,84.3741328810526,NA,106.913381309927,0.5,105.071254829493,0.5,107.683621195201,0.5,110.044543183755,0.5,106.945483257541,0.5,108.152480173949,0.45,110.193295703282,0.5,107.263697140369,0.5,0.468858978747647,0.148752519526894,0.318213882828033,2.36092198855356,2.0408155293328,-0.738137937659829,-0.888783033579443,5.12204087378829
1,0.4,44,85.9780486272438,NA,106.068037154024,0.5,102.228085932223,0.5,108.089568863729,0.5,121.944950378629,0.5,107.138272916185,0.5,107.823306280474,0.45,121.400952822639,0.55,108.531881746549,0.5,-0.26626258325426,-0.543997555989435,1.39360883036402,13.8553815148999,13.5776465421647,-0.951295947543485,0.708575466074791,19.1728668904162
1,0.4,45,89.864105953441,NA,110.733287578328,0.5,106.668905951033,0.5,112.782794940693,0.5,154.961162847954,0.5,110.847086558621,0.5,112.699273378889,0.45,138.101371822924,0.65,112.087704111534,0.5,-0.0835215618041332,-16.8597910250303,1.24061755291255,42.1783679072607,25.4020984440346,-1.93570838207197,-0.611569267355279,31.4324658718902
1,0.4,46,85.4145833415256,NA,109.744181978041,0.5,107.167033356018,0.5,111.671546084583,0.5,116.125452083318,0.5,111.171650658084,0.5,110.893540320949,0.45,116.645812237154,0.5,111.393217659882,0.5,-0.778005763633757,0.520360153836009,0.221567001797766,4.45390599873484,5.75227191620461,-0.499895426499293,0.49967733893223,9.47877888113608
1,0.4,47,81.1892117137457,NA,106.56683993548,0.5,104.810359163461,0.5,107.645106856803,0.5,113.382843416204,0.5,106.886457331295,0.5,108.215012150347,0.45,113.606026908986,0.45,106.245346743156,0.5,0.56990529354394,0.223183492782539,-0.641110588139398,5.73773655940103,5.39101475863963,-0.758649525507494,-1.96966540719083,8.79566774552585
1,0.4,48,86.5080650286883,NA,110.814730010202,0.5,107.288014228784,0.5,111.232595924908,0.5,119.852197485965,0.5,110.495778157325,0.5,112.554456827356,0.45,119.719701796946,0.5,111.46252032653,0.5,1.3218609024479,-0.132495689018356,0.966742169204764,8.61960156105619,7.16524496958993,-0.736817767583162,-1.09193650082629,12.4316875681618
1,0.4,49,85.4813286992015,NA,109.52480767664,0.5,106.391918464698,0.5,112.550118296322,0.5,119.772733392264,0.5,111.021831125017,0.5,113.139020006867,0.45,119.524793660636,0.5,111.685210881253,0.5,0.588901710545358,-0.247939731628207,0.663379756235827,7.22261509594264,6.38577365376908,-1.52828717130487,-1.4538091256144,13.1328751959378
1,0.4,50,80.8567388007878,NA,101.729166971134,0.5,97.0729694814537,0.5,102.973649735273,0.5,104.630075348446,0.5,103.088000262095,0.5,102.998742826383,0.45,104.657475940336,0.5,103.009198428043,0.5,0.0250930911096106,0.0274005918898581,-0.0788018340523564,1.65642561317338,1.65873311395363,0.114350526821809,0.0104556016598423,7.58450645888263
5,0.4,1,84.0812033176961,NA,108.738200383692,0.5,106.027843141543,0.5,109.737332742471,0.5,108.228700638604,0.5,109.099626087866,0.5,109.424957054336,0.45,107.535754176961,0.5,109.388631625814,0.4,-0.312375688135319,-0.692946461642435,0.289005537948043,-1.50863210386737,-1.88920287737449,-0.637706654605154,-0.036325428521792,1.50791103541879
5,0.4,2,89.8205690934302,NA,115.189709357578,0.5,112.923976579115,0.5,115.349859232918,0.5,116.874598226398,0.5,116.153609194348,0.5,116.608058512273,0.45,117.085526914902,0.45,116.180273437715,0.5,1.25819927935535,0.210928688504183,0.0266642433672075,1.52473899347991,0.477468402628745,0.803749961430512,-0.427785074557633,4.16155033578637
5,0.4,3,81.1587860555926,NA,101.886854633085,0.5,95.7205013083778,0.5,102.916477015661,0.5,102.539642474327,0.5,101.92307835962,0.5,103.046503647669,0.45,102.599940746162,0.45,101.682217436425,0.5,0.130026632008068,0.0602982718354212,-0.240860923195328,-0.376834541333977,-0.446562901506624,-0.99339865604118,-1.36428621124458,6.87943943778473
5,0.4,4,92.8430195402,NA,119.625988578706,0.5,119.87041747088,0.5,119.126998339969,0.5,120.780156024371,0.5,120.219209753001,0.5,119.04847337226,0.45,119.937403180221,0.45,119.62324924337,0.5,-0.0785249677087023,-0.842752844150382,-0.595960509630729,1.65315768440226,0.888929807960579,1.09221141303213,0.574775871110106,0.0669857093405284
5,0.4,5,88.7041135393562,NA,110.928470386738,0.5,108.876718051309,0.5,112.630808820551,0.5,113.584018426374,0.5,113.018118734898,0.5,112.208580896129,0.45,113.936605157975,0.45,112.201044789445,0.5,-0.422227924421847,0.352586731601022,-0.817073945453544,0.953209605823332,1.7280242618462,0.387309914347696,-0.00753610668400029,5.05988710666607
5,0.4,6,97.88236553037,NA,125.199599682909,0.5,125.683288946757,0.5,127.793705063129,0.5,126.90613556525,0.5,126.274239016968,0.5,126.2443110627,0.45,128.198462965456,0.45,126.600892882581,0.5,-1.54939400042959,1.29232740020606,0.326653865612656,-0.887569497878914,1.95415190275673,-1.519466046161,0.356581819881242,2.51517401869904
5,0.4,7,86.0186323436976,NA,114.212123147294,0.5,113.203134432568,0.5,117.065752171372,0.5,122.814359635682,0.5,116.227735260135,0.5,116.93363383024,0.45,122.960672293551,0.55,117.491923247727,0.5,-0.132118341131743,0.146312657868464,1.2641879875921,5.74860746431031,6.02703846331052,-0.838016911236764,0.558289417487075,9.75753786098288
5,0.4,8,82.4558292688787,NA,107.316931810719,0.5,105.806690194171,0.5,107.618338853762,0.5,108.647681408845,0.5,106.483537275938,0.5,107.316825652149,0.45,108.200301051073,0.5,107.029557918841,0.5,-0.30151320161319,-0.447380357772033,0.546020642902775,1.02934255508265,0.883475398923807,-1.13480157782359,-0.28726773330763,2.39361085690129
5,0.4,9,83.4496976828367,NA,110.412934952637,0.5,107.236177792057,0.5,113.638155186876,0.5,114.357523779833,0.5,111.835208340414,0.5,113.712047070986,0.45,113.582322518391,0.45,114.156330523625,0.5,0.0738918841101821,-0.77520126144249,2.32112218321069,0.71936859295775,-0.129724552594922,-1.80294684646161,0.444283452638899,6.3461447263343
5,0.4,10,75.1566348224014,NA,98.6344050719202,0.5,95.3671017370569,0.5,99.0121007890956,0.5,99.0629697739624,0.5,98.8380898767211,0.5,98.5401975733961,0.45,98.9542696250577,0.5,99.3130273356453,0.4,-0.471903215699427,-0.108700148904617,0.474937458924202,0.0508689848667956,0.414072051661606,-0.17401091237447,0.77282976224916,3.58716788800079
5,0.4,11,73.1946339689589,NA,95.5396906285854,0.5,90.2651590891734,0.5,95.2246849552561,0.5,94.653348353067,0.5,94.8043118781679,0.5,95.0202668469267,0.45,94.6545286395315,0.45,94.6864686408036,0.4,-0.204418108329364,0.00118028646443236,-0.117843237364298,-0.571336602189035,-0.365738207395239,-0.4203730770882,-0.333798206123134,4.38936955035807
5,0.4,12,80.4573164028082,NA,103.602075581286,0.5,100.329958309023,0.5,104.820924878752,0.5,107.134480486681,0.5,104.40944211755,0.5,104.672936844201,0.45,106.968233977648,0.5,104.765353723081,0.5,-0.147988034551318,-0.166246509033073,0.355911605530622,2.31355560792869,2.29529713344694,-0.411482761202009,0.0924168788799307,6.63827566862443
5,0.4,13,84.248723706207,NA,108.113977221369,0.5,105.017919129597,0.5,109.252013339008,0.5,108.891599508896,0.5,108.690580002191,0.5,109.820026583825,0.45,109.214556209727,0.5,109.277471722787,0.5,0.568013244816939,0.322956700830744,0.586891720596782,-0.360413830112265,-0.605470374098459,-0.561433336817771,-0.542554861037928,4.19663708012952
5,0.4,14,85.349680600568,NA,112.142878134599,0.5,107.913081955061,0.5,111.857091180678,0.5,112.979416989103,0.5,112.242623780507,0.5,112.378666770348,0.45,113.657284306416,0.45,111.856938754178,0.5,0.52157558967032,0.677867317312902,-0.385685026328318,1.12232580842507,1.27861753606766,0.385532599829006,-0.521728016169632,5.74420235135486
5,0.4,15,98.4108470871269,NA,120.13695660343,0.5,116.955500522771,0.5,120.840212984527,0.5,119.47236100036,0.5,120.742839548839,0.5,120.341970822392,0.45,119.212364390259,0.45,120.319283026084,0.4,-0.498242162134986,-0.259996610101638,-0.42355652275468,-1.36785198416648,-1.12960643213313,-0.0973734356877145,-0.0226877963074088,2.25686386748785
5,0.4,16,89.5004159315506,NA,113.532735108559,0.5,108.910670424132,0.5,113.9807798147,0.5,114.053929391942,0.5,113.524975830508,0.5,113.469184095927,0.45,113.675621263408,0.45,114.082761277987,0.5,-0.51159571877227,-0.378308128534144,0.557785447479645,0.073149577242404,0.20643716748053,-0.455803984192045,0.61357718205987,4.76495083927635
5,0.4,17,82.6229108805348,NA,109.20040405434,0.5,104.325698034229,0.5,109.754266638165,0.5,109.837143228514,0.5,109.662811131478,0.5,109.606887840851,0.45,110.482805017283,0.45,109.034025681804,0.5,-0.147378797313763,0.645661788768933,-0.628785449673558,0.0828765903484765,0.875917176431173,-0.0914555066872396,-0.572862159047034,6.15710698305394
5,0.4,18,82.533724462504,NA,105.312644026852,0.5,103.483834392225,0.5,107.072939370181,0.5,107.497076067978,0.5,106.809268539745,0.5,106.648463740755,0.45,107.467037400756,0.45,108.246148378534,0.5,-0.42447562942634,-0.030038667221362,1.43687983878827,0.424136697796058,0.818573660001036,-0.26367083043607,1.59768463777854,3.98320300853081
5,0.4,19,94.2616411954613,NA,116.22038367083,0.5,112.807546922651,0.5,117.264076149972,0.5,117.078138986451,0.5,117.03003970956,0.5,118.204826248531,0.45,117.460221027747,0.45,117.590755660579,0.5,0.940750098558965,0.382082041295604,0.560715951019105,-0.185937163520691,-0.744605220784052,-0.23403644041224,-0.614070587952099,4.65267410509583
5,0.4,20,80.7741269739024,NA,105.16400604117,0.5,102.797186801679,0.5,106.779506359398,0.5,109.24442198005,0.5,106.705857733965,0.5,107.028501705057,0.45,109.27319250438,0.45,105.135628224075,0.5,0.248995345659836,0.028770524329147,-1.57022950988983,2.4649156206528,2.24469079932211,-0.0736486254325399,-1.8928734809822,6.47600570270031
5,0.4,21,93.4974728559607,NA,117.189477356256,0.5,114.7412466869,0.5,120.023421660183,0.5,123.52066233882,0.5,119.105234578671,0.5,118.660798972877,0.45,122.374038745814,0.45,119.572910887967,0.5,-1.36262268730601,-1.14662359300613,0.467676309296138,3.49724067863727,3.71323977293716,-0.918187081511846,0.912111915090307,7.63279205891382
5,0.4,22,82.8218926527541,NA,107.269916646462,0.5,109.058747357589,0.5,109.796327188287,0.5,119.415164454447,0.5,109.182181905081,0.5,109.650008219832,0.45,118.546768292003,0.55,108.325178100484,0.5,-0.146318968454224,-0.868396162443773,-0.857003804596957,9.61883726616014,8.89676007217059,-0.614145283205602,-1.32483011934833,9.48802093441395
5,0.4,23,93.9945367866301,NA,119.605063535032,0.5,119.272512531614,0.5,120.993542077363,0.5,126.93518659548,0.5,120.947836692827,0.5,120.142475014655,0.45,126.237434198251,0.5,121.114881170053,0.4,-0.851067062707529,-0.697752397229152,0.167044477225957,5.94164451811744,6.09495918359582,-0.0457053845354807,0.972406155398005,6.96492166663687
5,0.4,24,83.1826182416355,NA,104.594238403256,0.5,100.991190981183,0.5,105.677522263657,0.5,105.720914214751,0.5,105.75442569908,0.5,105.843790279795,0.45,105.951451000025,0.45,104.811449101846,0.5,0.166268016138147,0.230536785273856,-0.942976597233738,0.0433919510940939,0.107660720229802,0.07690343542275,-1.03234117794914,4.96026001884225
5,0.4,25,78.1434259381901,NA,102.563685436741,0.5,99.105565549837,0.5,103.204154232318,0.5,104.229619053704,0.5,102.100084161746,0.5,102.83656102463,0.45,104.526056016112,0.45,101.289235883643,0.4,-0.367593207687534,0.296436962407171,-0.810848278102824,1.02546482138651,1.68949499148121,-1.10407007057154,-1.54732514098683,5.42049046627453
5,0.4,26,92.4304569875215,NA,118.134101900894,0.5,119.206670892732,0.499999999999999,120.228561509919,0.5,126.45497222799,0.5,120.277592703358,0.5,119.719450412082,0.45,127.049782586744,0.45,119.186285634184,0.5,-0.509111097837035,0.594810358753733,-1.09130706917433,6.22641071807094,7.33033217466171,0.0490311934393759,-0.533164777897923,7.84311169401192
5,0.4,27,83.8537545362297,NA,105.626691646431,0.5,104.405111205442,0.5,106.785475568623,0.5,108.028965124906,0.5,107.320577509978,0.5,107.278643447389,0.45,107.992289471,0.45,107.667685950058,0.5,0.493167878766727,-0.0366756539056468,0.347108440080405,1.24348955628355,0.713646023611176,0.53510194135508,0.389042502668758,3.58717826555846
5,0.4,28,83.2653321851345,NA,106.678684115655,0.5,104.465556162108,0.5,108.024308013887,0.5,108.692639407916,0.5,106.980706522733,0.5,108.15981630634,0.45,107.882885937291,0.45,106.7523507733,0.5,0.135508292453508,-0.809753470624585,-0.228355749433092,0.668331394028996,-0.276930369049097,-1.04360149115404,-1.40746553304064,3.41732977518294
5,0.4,29,81.536997376275,NA,108.329349151163,0.5,108.177847539143,0.499999999999999,110.093254036269,0.5,108.859064206998,0.5,109.463074120512,0.5,109.721359719083,0.45,109.465513625238,0.5,111.188142059506,0.5,-0.371894317185678,0.606449418239819,1.72506793899392,-1.23418982927051,-0.255846093845008,-0.630179915756585,1.46678234042301,1.28766608609511
5,0.4,30,79.0113806792586,NA,101.382714159243,0.5,97.623877678008,0.5,103.547822926609,0.5,104.211943124526,0.5,103.68887976519,0.5,103.383343101968,0.45,104.523623069185,0.45,103.241144443453,0.5,-0.164479824641191,0.311679944658977,-0.447735321736815,0.664120197917171,1.14027996721734,0.141056838580994,-0.14219865851463,6.89974539117722
5,0.4,31,79.5604690629828,NA,102.157097948738,0.5,97.0078554513978,0.5,102.60045470217,0.5,102.543843949557,0.5,101.859903835953,0.5,103.181614309131,0.45,103.525709456049,0.45,102.415920616591,0.5,0.581159606961222,0.981865506492866,0.55601678063789,-0.0566107526130963,0.344095146918548,-0.740550866216239,-0.765693692539571,6.51785400465168
5,0.4,32,88.3604317744256,NA,115.815078769995,0.5,110.22460038938,0.5,117.610514980994,0.5,118.292177095132,0.5,117.241676932031,0.5,117.381718297214,0.45,118.821797209692,0.5,116.858442895772,0.5,-0.228796683779734,0.529620114560245,-0.383234036258415,0.681662114138348,1.44007891247833,-0.3688380489629,-0.52327540144158,8.59719682031201
5,0.4,33,87.4573378425784,NA,110.545147666951,0.5,108.83542205374,0.5,111.283324247257,0.5,109.556364634304,0.5,111.159843514214,0.5,110.797278620279,0.45,108.68517556941,0.5,109.708274088916,0.5,-0.486045626977329,-0.871189064894082,-1.45156942529802,-1.7269596129526,-2.11210305086935,-0.12348073304284,-1.08900453136353,-0.150246484330111
5,0.4,34,87.0341257874078,NA,113.052350255035,0.5,111.122045056367,0.5,113.433243889894,0.5,129.139310593592,0.5,115.668218810219,0.5,114.486798619345,0.45,127.364277143071,0.6,114.718065780979,0.4,1.05355472945158,-1.77503345052099,-0.950153029239615,15.706066703698,12.8774785237254,2.23497492032516,0.231267161633966,16.2422320867031
5,0.4,35,90.9743215335107,NA,116.572186095135,0.5,114.14849247393,0.5,117.856778307651,0.5,136.588725502641,0.5,118.796052853875,0.5,121.936026262319,0.45,133.555771455617,0.6,118.577706021526,0.5,4.07924795466805,-3.03295404702385,-0.2183468323488,18.7319471949898,11.6197451932979,0.939274546223473,-3.35832024079338,19.4072789816878
5,0.4,36,88.7369831411652,NA,110.126671593859,0.5,108.216398710837,0.5,112.154826606166,0.5,110.861272098812,0.5,110.984524143391,0.5,112.632776125309,0.45,112.000509347864,0.45,111.075687482455,0.5,0.477949519143067,1.13923724905213,0.0911633390646642,-1.29355450735441,-0.632266777445352,-1.17030246277567,-1.55708864285407,3.78411063702706
5,0.4,37,84.0844496872529,NA,107.337304833711,0.5,102.729519566796,0.5,106.316328251286,0.5,106.988617187361,0.5,107.463875857974,0.5,107.591992321067,0.45,106.743603558472,0.45,106.718543232765,0.5,1.27566406978116,-0.245013628889126,-0.745332625208832,0.672288936075176,-0.848388762595107,1.14754760668809,-0.873449088301896,4.01408399167603
5,0.4,38,84.9751390138024,NA,105.623799166012,0.5,101.51667534951,0.5,106.984392535537,0.5,106.048086832134,0.5,106.30236860713,0.5,106.746299854588,0.45,106.400704561821,0.45,106.823093313268,0.5,-0.238092680948839,0.3526177296865,0.520724706138495,-0.936305703402653,-0.345595292767314,-0.682023928406778,0.0767934586805552,4.88402921231076
5,0.4,39,79.7394309247993,NA,101.298873259509,0.5,98.5804302616752,0.5,102.191689683044,0.5,102.132359362024,0.5,100.985076864363,0.5,101.814040263925,0.45,101.959336654204,0.45,101.01448719278,0.5,-0.37764941911945,-0.173022707820252,0.0294103284167306,-0.0593303210196439,0.145296390279555,-1.20661281868074,-0.799553071144558,3.37890639252893
5,0.4,40,85.5857070255288,NA,107.823506530512,0.5,104.754189645779,0.5,108.748339141328,0.5,106.772994874268,0.5,108.38250800013,0.5,108.416652808556,0.45,107.389881435475,0.45,108.560174956759,0.5,-0.331686332772207,0.616886561207437,0.177666956629409,-1.97534426706024,-1.02677137308059,-0.365831141198555,0.143522148203061,2.63569178969664
5,0.4,41,88.839693879905,NA,118.164287319212,0.5,117.938572614128,0.5,118.679855399409,0.5,119.490874617694,0.5,117.512744777389,0.5,116.747345157786,0.45,118.98828667561,0.45,119.338996296394,0.5,-1.93251024162329,-0.502587942084276,1.82625151900497,0.811019218285011,2.24094151782403,-1.16711062201992,2.59165113860834,1.04971406148222
5,0.4,42,88.529987696364,NA,118.380607432857,0.5,115.734060424249,0.5,121.0165591649,0.5,121.168569280651,0.5,120.286285612317,0.5,120.347740969262,0.45,121.967174118983,0.45,119.905038557663,0.5,-0.668818195637385,0.798604838332039,-0.381247054654182,0.152010115751096,1.61943314972052,-0.730273552582389,-0.442702411599186,6.23311369473326
5,0.4,43,84.3741328810526,NA,106.913381309927,0.5,105.071254829493,0.5,107.683621195201,0.5,108.092641003846,0.5,106.945483257541,0.5,108.152480173949,0.45,108.931239874522,0.45,107.263697140369,0.5,0.468858978747647,0.838598870676535,0.318213882828033,0.409019808644715,0.778759700573602,-0.738137937659829,-0.888783033579443,3.85998504502909
5,0.4,44,85.9780486272438,NA,106.068037154024,0.5,102.228085932223,0.5,108.089568863729,0.5,120.589746735638,0.5,107.138272916185,0.5,107.823306280474,0.45,120.522163738713,0.55,108.531881746549,0.5,-0.26626258325426,-0.0675829969252675,1.39360883036402,12.5001778719097,12.6988574582387,-0.951295947543485,0.708575466074791,18.2940778064902
5,0.4,45,89.864105953441,NA,110.733287578328,0.5,106.668905951033,0.5,112.782794940693,0.5,154.178414097047,0.5,110.847086558621,0.5,112.699273378889,0.45,141.579966919655,0.65,112.087704111534,0.5,-0.0835215618041332,-12.5984471773913,1.24061755291255,41.3956191563534,28.8806935407663,-1.93570838207197,-0.611569267355279,34.911060968622
5,0.4,46,85.4145833415256,NA,109.744181978041,0.5,107.167033356018,0.5,111.671546084583,0.5,111.872250967879,0.5,111.171650658084,0.5,110.893540320949,0.45,111.514217253251,0.5,111.393217659882,0.5,-0.778005763633757,-0.358033714627311,0.221567001797766,0.200704883295487,0.620676932301933,-0.499895426499293,0.49967733893223,4.34718389723341
5,0.4,47,81.1892117137457,NA,106.56683993548,0.5,104.810359163461,0.5,107.645106856803,0.5,108.417233850097,0.5,106.886457331295,0.5,108.215012150347,0.45,107.851956015083,0.5,106.245346743156,0.5,0.56990529354394,-0.565277835013603,-0.641110588139398,0.772126993293952,-0.363056135263591,-0.758649525507494,-1.96966540719083,3.04159685162263
5,0.4,48,86.5080650286883,NA,110.814730010202,0.5,107.288014228784,0.5,111.232595924908,0.5,113.588016983187,0.5,110.495778157325,0.5,112.554456827356,0.45,113.25996253662,0.45,111.46252032653,0.5,1.3218609024479,-0.328054446566881,0.966742169204764,2.35542105827884,0.70550570926406,-0.736817767583162,-1.09193650082629,5.9719483078359
5,0.4,49,85.4813286992015,NA,109.52480767664,0.5,106.391918464698,0.5,112.550118296322,0.5,113.000618109809,0.5,111.021831125017,0.5,113.139020006867,0.45,113.335491547039,0.45,111.685210881253,0.5,0.588901710545358,0.334873437230257,0.663379756235827,0.450499813487085,0.196471540171984,-1.52828717130487,-1.4538091256144,6.94357308234069
5,0.4,50,80.8567388007878,NA,101.729166971134,0.5,97.0729694814537,0.5,102.973649735273,0.5,103.561514406092,0.5,103.088000262095,0.5,102.998742826383,0.45,103.671830392172,0.45,103.009198428043,0.5,0.0250930911096106,0.110315986079428,-0.0788018340523564,0.587864670819243,0.673087565789061,0.114350526821809,0.0104556016598423,6.59886091071806
20,0.4,1,84.0812033176961,NA,108.738200383692,0.5,106.027843141543,0.5,109.737332742471,0.5,109.252614293359,0.5,109.099626087866,0.5,109.424957054336,0.45,108.453663294225,0.5,109.388631625814,0.4,-0.312375688135319,-0.798950999133552,0.289005537948043,-0.484718449112535,-0.971293760110768,-0.637706654605154,-0.036325428521792,2.4258201526825
20,0.4,2,89.8205690934302,NA,115.189709357578,0.5,112.923976579115,0.5,115.349859232918,0.5,115.685242240388,0.5,116.153609194348,0.5,116.608058512273,0.45,116.070547993069,0.45,116.180273437715,0.5,1.25819927935535,0.385305752681276,0.0266642433672075,0.335383007470156,-0.53751051920392,0.803749961430512,-0.427785074557633,3.14657141395371
20,0.4,3,81.1587860555926,NA,101.886854633085,0.5,95.7205013083778,0.5,102.916477015661,0.5,102.414302632601,0.5,101.92307835962,0.5,103.046503647669,0.45,102.681080856416,0.5,101.682217436425,0.5,0.130026632008068,0.266778223814924,-0.240860923195328,-0.502174383060222,-0.365422791253366,-0.99339865604118,-1.36428621124458,6.96057954803798
20,0.4,4,92.8430195402,NA,119.625988578706,0.5,119.87041747088,0.5,119.126998339969,0.5,119.825980015992,0.5,120.219209753001,0.5,119.04847337226,0.45,119.195044845029,0.45,119.62324924337,0.5,-0.0785249677087023,-0.630935170962914,-0.595960509630729,0.698981676022868,0.146571472768656,1.09221141303213,0.574775871110106,-0.675372625851395
20,0.4,5,88.7041135393562,NA,110.928470386738,0.5,108.876718051309,0.5,112.630808820551,0.5,112.434365319605,0.5,113.018118734898,0.5,112.208580896129,0.45,113.643279977369,0.4,112.201044789445,0.5,-0.422227924421847,1.20891465776424,-0.817073945453544,-0.196443500945463,1.43469908124062,0.387309914347696,-0.00753610668400029,4.76656192606049
20,0.4,6,97.88236553037,NA,125.199599682909,0.5,125.683288946757,0.5,127.793705063129,0.5,126.039360958661,0.5,126.274239016968,0.5,126.2443110627,0.45,127.010159731697,0.45,126.600892882581,0.5,-1.54939400042959,0.970798773035085,0.326653865612656,-1.75434410446765,0.765848668997023,-1.519466046161,0.356581819881242,1.32687078493933
20,0.4,7,86.0186323436976,NA,114.212123147294,0.5,113.203134432568,0.5,117.065752171372,0.5,116.9358793295,0.5,116.227735260135,0.5,116.93363383024,0.45,117.569400601719,0.45,117.491923247727,0.5,-0.132118341131743,0.63352127221863,1.2641879875921,-0.129872841872057,0.635766771478316,-0.838016911236764,0.558289417487075,4.36626616915068
20,0.4,8,82.4558292688787,NA,107.316931810719,0.5,105.806690194171,0.5,107.618338853762,0.5,107.740289247286,0.5,106.483537275938,0.5,107.316825652149,0.45,107.47308655393,0.45,107.029557918841,0.5,-0.30151320161319,-0.267202693356523,0.546020642902775,0.121950393524315,0.156260901780982,-1.13480157782359,-0.28726773330763,1.66639635975847
20,0.4,9,83.4496976828367,NA,110.412934952637,0.5,107.236177792057,0.5,113.638155186876,0.5,114.187188858277,0.5,111.835208340414,0.5,113.712047070986,0.45,112.624339673666,0.45,114.156330523625,0.5,0.0738918841101821,-1.56284918461085,2.32112218321069,0.549033671401659,-1.08770739731938,-1.80294684646161,0.444283452638899,5.38816188160985
20,0.4,10,75.1566348224014,NA,98.6344050719202,0.5,95.3671017370569,0.5,99.0121007890956,0.5,98.6730784605763,0.5,98.8380898767211,0.5,98.5401975733961,0.45,98.8583884203875,0.45,99.3130273356453,0.4,-0.471903215699427,0.185309959811192,0.474937458924202,-0.339022328519263,0.318190846991357,-0.17401091237447,0.77282976224916,3.49128668333054
20,0.4,11,73.1946339689589,NA,95.5396906285854,0.5,90.2651590891734,0.5,95.2246849552561,0.5,95.0493789503129,0.5,94.8043118781679,0.5,95.0202668469267,0.45,94.5531685625574,0.45,94.6864686408036,0.4,-0.204418108329364,-0.496210387755553,-0.117843237364298,-0.175306004943167,-0.467098284369357,-0.4203730770882,-0.333798206123134,4.28800947338395
20,0.4,12,80.4573164028082,NA,103.602075581286,0.5,100.329958309023,0.5,104.820924878752,0.5,106.371999324846,0.5,104.40944211755,0.5,104.672936844201,0.45,105.04816702242,0.45,104.765353723081,0.5,-0.147988034551318,-1.32383230242608,0.355911605530622,1.55107444609361,0.375230178218843,-0.411482761202009,0.0924168788799307,4.71820871339634
20,0.4,13,84.248723706207,NA,108.113977221369,0.5,105.017919129597,0.5,109.252013339008,0.5,109.763734462098,0.5,108.690580002191,0.5,109.820026583825,0.45,109.576695586641,0.5,109.277471722787,0.5,0.568013244816939,-0.187038875457134,0.586891720596782,0.511721123089529,-0.243330997184543,-0.561433336817771,-0.542554861037928,4.55877645704344
20,0.4,14,85.349680600568,NA,112.142878134599,0.5,107.913081955061,0.5,111.857091180678,0.5,110.901759063114,0.5,112.242623780507,0.5,112.378666770348,0.45,113.154976663615,0.45,111.856938754178,0.5,0.52157558967032,2.253217600501,-0.385685026328318,-0.955332117563472,0.776309893267211,0.385532599829006,-0.521728016169632,5.24189470855441
20,0.4,15,98.4108470871269,NA,120.13695660343,0.5,116.955500522771,0.5,120.840212984527,0.5,119.567188010063,0.5,120.742839548839,0.5,120.341970822392,0.45,118.999020651213,0.45,120.319283026084,0.4,-0.498242162134986,-0.56816735884945,-0.42355652275468,-1.27302497446431,-1.34295017117877,-0.0973734356877145,-0.0226877963074088,2.04352012844221
20,0.4,16,89.5004159315506,NA,113.532735108559,0.5,108.910670424132,0.5,113.9807798147,0.5,114.105564055858,0.5,113.524975830508,0.5,113.469184095927,0.45,113.943766387359,0.45,114.082761277987,0.5,-0.51159571877227,-0.161797668499517,0.557785447479645,0.124784241158594,0.474582291431346,-0.455803984192045,0.61357718205987,5.03309596322717
20,0.4,17,82.6229108805348,NA,109.20040405434,0.5,104.325698034229,0.5,109.754266638165,0.5,109.676911690288,0.5,109.662811131478,0.5,109.606887840851,0.45,110.443118357145,0.45,109.034025681804,0.5,-0.147378797313763,0.766206666856917,-0.628785449673558,-0.0773549478772395,0.83623051629344,-0.0914555066872396,-0.572862159047034,6.1174203229162
20,0.4,18,82.533724462504,NA,105.312644026852,0.5,103.483834392225,0.5,107.072939370181,0.5,106.598545195065,0.5,106.809268539745,0.5,106.648463740755,0.45,106.867698484263,0.45,108.246148378534,0.5,-0.42447562942634,0.269153289197888,1.43687983878827,-0.474394175116203,0.219234743508025,-0.26367083043607,1.59768463777854,3.3838640920378
20,0.4,19,94.2616411954613,NA,116.22038367083,0.5,112.807546922651,0.5,117.264076149972,0.5,117.117867979286,0.5,117.03003970956,0.5,118.204826248531,0.45,117.316475291785,0.45,117.590755660579,0.5,0.940750098558965,0.198607312499249,0.560715951019105,-0.146208170685981,-0.888350956745697,-0.23403644041224,-0.614070587952099,4.50892836913418
20,0.4,20,80.7741269739024,NA,105.16400604117,0.5,102.797186801679,0.5,106.779506359398,0.5,107.959575039993,0.5,106.705857733965,0.5,107.028501705057,0.45,107.603628702745,0.45,105.135628224075,0.5,0.248995345659836,-0.355946337248056,-1.57022950988983,1.18006868059497,0.575126997687079,-0.0736486254325399,-1.8928734809822,4.80644190106527
20,0.4,21,93.4974728559607,NA,117.189477356256,0.5,114.7412466869,0.5,120.023421660183,0.5,120.978092091028,0.5,119.105234578671,0.5,118.660798972877,0.45,119.412400719217,0.45,119.572910887967,0.5,-1.36262268730601,-1.56569137181124,0.467676309296138,0.954670430845326,0.7516017463401,-0.918187081511846,0.912111915090307,4.67115403231676
20,0.4,22,82.8218926527541,NA,107.269916646462,0.5,109.058747357589,0.5,109.796327188287,0.5,110.722962275885,0.5,109.182181905081,0.5,109.650008219832,0.45,110.619662036242,0.45,108.325178100484,0.5,-0.146318968454224,-0.103300239643914,-0.857003804596957,0.92663508759891,0.96965381640922,-0.614145283205602,-1.32483011934833,1.56091467865258
20,0.4,23,93.9945367866301,NA,119.605063535032,0.5,119.272512531614,0.5,120.993542077363,0.5,121.747749629632,0.5,120.947836692827,0.5,120.142475014655,0.45,122.882657780977,0.45,121.114881170053,0.4,-0.851067062707529,1.1349081513451,0.167044477225957,0.754207552269833,2.74018276632246,-0.0457053845354807,0.972406155398005,3.61014524936351
20,0.4,24,83.1826182416355,NA,104.594238403256,0.5,100.991190981183,0.5,105.677522263657,0.5,105.479811621116,0.5,105.75442569908,0.5,105.843790279795,0.45,105.866546639341,0.45,104.811449101846,0.5,0.166268016138147,0.386735018224854,-0.942976597233738,-0.19771064254094,0.0227563595457667,0.07690343542275,-1.03234117794914,4.87535565815821
20,0.4,25,78.1434259381901,NA,102.563685436741,0.5,99.105565549837,0.5,103.204154232318,0.5,102.60933152549,0.5,102.100084161746,0.5,102.83656102463,0.45,102.396297823306,0.45,101.289235883643,0.4,-0.367593207687534,-0.213033702184376,-0.810848278102824,-0.594822706827571,-0.440263201324413,-1.10407007057154,-1.54732514098683,3.2907322734689
20,0.4,26,92.4304569875215,NA,118.134101900894,0.5,119.206670892732,0.499999999999999,120.228561509919,0.5,120.696563143882,0.5,120.277592703358,0.5,119.719450412082,0.45,119.95613314409,0.45,119.186285634184,0.5,-0.509111097837035,-0.740429999792326,-1.09130706917433,0.468001633963226,0.236682732007935,0.0490311934393759,-0.533164777897923,0.749462251358153
20,0.4,27,83.8537545362297,NA,105.626691646431,0.5,104.405111205442,0.5,106.785475568623,0.5,107.564160170135,0.5,107.320577509978,0.5,107.278643447389,0.45,107.519108647534,0.45,107.667685950058,0.5,0.493167878766727,-0.0450515226004455,0.347108440080405,0.778684601512381,0.240465200145209,0.53510194135508,0.389042502668758,3.1139974420925
20,0.4,28,83.2653321851345,NA,106.678684115655,0.5,104.465556162108,0.5,108.024308013887,0.5,108.384814394683,0.5,106.980706522733,0.5,108.15981630634,0.45,107.830819585318,0.45,106.7523507733,0.5,0.135508292453508,-0.55399480936525,-0.228355749433092,0.360506380796693,-0.328996721022065,-1.04360149115404,-1.40746553304064,3.36526342320997
20,0.4,29,81.536997376275,NA,108.329349151163,0.5,108.177847539143,0.499999999999999,110.093254036269,0.5,108.466979470161,0.5,109.463074120512,0.5,109.721359719083,0.45,109.620384990755,0.45,111.188142059506,0.5,-0.371894317185678,1.15340552059355,1.72506793899392,-1.62627456610733,-0.100974728328097,-0.630179915756585,1.46678234042301,1.44253745161203
20,0.4,30,79.0113806792586,NA,101.382714159243,0.5,97.623877678008,0.5,103.547822926609,0.5,103.869179315757,0.5,103.68887976519,0.5,103.383343101968,0.45,103.679711333447,0.45,103.241144443453,0.5,-0.164479824641191,-0.189467982309822,-0.447735321736815,0.321356389147482,0.296368231478851,0.141056838580994,-0.14219865851463,6.05583365543873
20,0.4,31,79.5604690629828,NA,102.157097948738,0.5,97.0078554513978,0.5,102.60045470217,0.5,102.441012814612,0.5,101.859903835953,0.5,103.181614309131,0.45,102.649014153767,0.45,102.415920616591,0.5,0.581159606961222,0.208001339155572,0.55601678063789,-0.15944188755789,-0.532600155363539,-0.740550866216239,-0.765693692539571,5.6411587023696
20,0.4,32,88.3604317744256,NA,115.815078769995,0.5,110.22460038938,0.5,117.610514980994,0.5,116.784142438384,0.5,117.241676932031,0.5,117.381718297214,0.45,117.822656193516,0.45,116.858442895772,0.5,-0.228796683779734,1.03851375513192,-0.383234036258415,-0.826372542609377,0.440937896302273,-0.3688380489629,-0.52327540144158,7.59805580413595
20,0.4,33,87.4573378425784,NA,110.545147666951,0.5,108.83542205374,0.5,111.283324247257,0.5,110.768861484227,0.5,111.159843514214,0.5,110.797278620279,0.45,110.450942978366,0.45,109.708274088916,0.5,-0.486045626977329,-0.317918505860959,-1.45156942529802,-0.514462763029442,-0.346335641913072,-0.12348073304284,-1.08900453136353,1.61552092462617
20,0.4,34,87.0341257874078,NA,113.052350255035,0.5,111.122045056367,0.5,113.433243889894,0.5,117.461774332429,0.5,115.668218810219,0.5,114.486798619345,0.45,114.315488248141,0.45,114.718065780979,0.4,1.05355472945158,-3.14628608428848,-0.950153029239615,4.02853044253558,-0.17131037120447,2.23497492032516,0.231267161633966,3.1934431917732
20,0.4,35,90.9743215335107,NA,116.572186095135,0.5,114.14849247393,0.5,117.856778307651,0.5,125.017681862503,0.5,118.796052853875,0.5,121.936026262319,0.45,123.099876135833,0.45,118.577706021526,0.5,4.07924795466805,-1.91780572667004,-0.2183468323488,7.16090355485197,1.16384987351388,0.939274546223473,-3.35832024079338,8.95138366190375
20,0.4,36,88.7369831411652,NA,110.126671593859,0.5,108.216398710837,0.5,112.154826606166,0.5,111.233151297715,0.5,110.984524143391,0.5,112.632776125309,0.45,112.381083014964,0.45,111.075687482455,0.5,0.477949519143067,1.14793171724897,0.0911633390646642,-0.921675308450901,-0.251693110345002,-1.17030246277567,-1.55708864285407,4.1646843041274
20,0.4,37,84.0844496872529,NA,107.337304833711,0.5,102.729519566796,0.5,106.316328251286,0.5,104.694928609472,0.5,107.463875857974,0.5,107.591992321067,0.45,106.067218334284,0.5,106.718543232765,0.5,1.27566406978116,1.37228972481113,-0.745332625208832,-1.62139964181348,-1.52477398678352,1.14754760668809,-0.873449088301896,3.33769876748762
20,0.4,38,84.9751390138024,NA,105.623799166012,0.5,101.51667534951,0.5,106.984392535537,0.5,106.761366922634,0.5,106.30236860713,0.5,106.746299854588,0.45,106.96625660359,0.45,106.823093313268,0.5,-0.238092680948839,0.20488968095664,0.520724706138495,-0.223025612903186,0.219956749002293,-0.682023928406778,0.0767934586805552,5.44958125408037
20,0.4,39,79.7394309247993,NA,101.298873259509,0.5,98.5804302616752,0.5,102.191689683044,0.5,102.24246003239,0.5,100.985076864363,0.5,101.814040263925,0.45,101.846770675267,0.45,101.01448719278,0.5,-0.37764941911945,-0.395689357122947,0.0294103284167306,0.0507703493461804,0.0327304113426834,-1.20661281868074,-0.799553071144558,3.26634041359206
20,0.4,40,85.5857070255288,NA,107.823506530512,0.5,104.754189645779,0.5,108.748339141328,0.5,107.350028935744,0.5,108.38250800013,0.5,108.416652808556,0.45,106.569162098432,0.5,108.560174956759,0.5,-0.331686332772207,-0.780866837312246,0.177666956629409,-1.39831020558385,-1.84749071012389,-0.365831141198555,0.143522148203061,1.81497245265334
20,0.4,41,88.839693879905,NA,118.164287319212,0.5,117.938572614128,0.5,118.679855399409,0.5,117.694422270376,0.5,117.512744777389,0.5,116.747345157786,0.45,119.163640667302,0.45,119.338996296394,0.5,-1.93251024162329,1.46921839692605,1.82625151900497,-0.985433129033424,2.41629550951592,-1.16711062201992,2.59165113860834,1.22506805317411
20,0.4,42,88.529987696364,NA,118.380607432857,0.5,115.734060424249,0.5,121.0165591649,0.5,119.390812676686,0.5,120.286285612317,0.5,120.347740969262,0.45,121.564974747935,0.45,119.905038557663,0.5,-0.668818195637385,2.17416207124845,-0.381247054654182,-1.62574648821354,1.21723377867229,-0.730273552582389,-0.442702411599186,5.83091432368504
20,0.4,43,84.3741328810526,NA,106.913381309927,0.5,105.071254829493,0.5,107.683621195201,0.5,107.458620479515,0.5,106.945483257541,0.5,108.152480173949,0.45,108.293555393028,0.45,107.263697140369,0.5,0.468858978747647,0.834934913513834,0.318213882828033,-0.225000715686519,0.141075219079667,-0.738137937659829,-0.888783033579443,3.22230056353516
20,0.4,44,85.9780486272438,NA,106.068037154024,0.5,102.228085932223,0.5,108.089568863729,0.5,107.630739015511,0.5,107.138272916185,0.5,107.823306280474,0.45,108.484988737071,0.45,108.531881746549,0.5,-0.26626258325426,0.85424972155991,1.39360883036402,-0.458829848217349,0.661682456596822,-0.951295947543485,0.708575466074791,6.25690280484831
20,0.4,45,89.864105953441,NA,110.733287578328,0.5,106.668905951033,0.5,112.782794940693,0.5,151.10778951598,0.5,110.847086558621,0.5,112.699273378889,0.45,138.560344700414,0.6,112.087704111534,0.5,-0.0835215618041332,-12.547444815566,1.24061755291255,38.3249945752871,25.8610713215252,-1.93570838207197,-0.611569267355279,31.8914387493809
20,0.4,46,85.4145833415256,NA,109.744181978041,0.5,107.167033356018,0.5,111.671546084583,0.5,111.043112291174,0.5,111.171650658084,0.5,110.893540320949,0.45,110.346232185422,0.45,111.393217659882,0.5,-0.778005763633757,-0.696880105752228,0.221567001797766,-0.628433793409116,-0.547308135527587,-0.499895426499293,0.49967733893223,3.17919882940389
20,0.4,47,81.1892117137457,NA,106.56683993548,0.5,104.810359163461,0.5,107.645106856803,0.5,107.915472400027,0.5,106.886457331295,0.5,108.215012150347,0.45,107.62883815264,0.45,106.245346743156,0.5,0.56990529354394,-0.286634247386999,-0.641110588139398,0.270365543224173,-0.586173997706766,-0.758649525507494,-1.96966540719083,2.81847898917945
20,0.4,48,86.5080650286883,NA,110.814730010202,0.5,107.288014228784,0.5,111.232595924908,0.5,111.07822880202,0.5,110.495778157325,0.5,112.554456827356,0.45,111.704858254949,0.45,111.46252032653,0.5,1.3218609024479,0.626629452928981,0.966742169204764,-0.154367122888758,-0.849598572407672,-0.736817767583162,-1.09193650082629,4.41684402616417
20,0.4,49,85.4813286992015,NA,109.52480767664,0.5,106.391918464698,0.5,112.550118296322,0.5,112.98534601149,0.5,111.021831125017,0.5,113.139020006867,0.45,112.039128359276,0.45,111.685210881253,0.5,0.588901710545358,-0.946217652214415,0.663379756235827,0.435227715168622,-1.09989164759115,-1.52828717130487,-1.4538091256144,5.64720989457756
20,0.4,50,80.8567388007878,NA,101.729166971134,0.5,97.0729694814537,0.5,102.973649735273,0.5,103.197453163038,0.5,103.088000262095,0.5,102.998742826383,0.45,103.599300772556,0.45,103.009198428043,0.5,0.0250930911096106,0.401847609517972,-0.0788018340523564,0.223803427765375,0.600557946173737,0.114350526821809,0.0104556016598423,6.52633129110274
0.1,0.65,1,86.0967566032317,NA,112.397569005964,0.5,109.476478950171,0.5,113.395253162533,0.5,119.922069281596,0.5,112.768919078564,0.5,113.160672594792,0.45,119.964247630804,0.45,112.748993325018,0.4,-0.234580567740124,0.0421783492081147,-0.0199257535455359,6.52681611906368,6.80357503601192,-0.626334083968956,-0.411679269774368,10.4877686806329
0.1,0.65,2,92.0842750283556,NA,119.046262863673,0.5,116.533676013565,0.5,119.169107709852,0.5,127.905209578374,0.5,119.977678108821,0.5,120.283767044704,0.4,128.121915334928,0.45,120.370322641857,0.4,1.11465933485216,0.216705756553964,0.392644533035735,8.73610186852233,7.83814829022413,0.808570398968868,0.0865555971524401,11.5882393213627
0.1,0.65,3,83.6496157747652,NA,105.956613823367,0.5,99.4050400254075,0.5,107.03977769275,0.5,110.552010254461,0.5,106.015175310275,0.5,107.247713030777,0.45,110.575774615763,0.45,105.825572489177,0.4,0.207935338027156,0.0237643613022698,-0.189602821098276,3.51223256171092,3.32806158498603,-1.02460238247468,-1.42214054160011,11.1707345903553
0.1,0.65,4,95.1377670437846,NA,123.472852162874,0.5,123.488200928101,0.5,123.031893447781,0.5,137.549009002924,0.5,124.080792155421,0.5,122.963978760185,0.45,136.651403245041,0.5,123.999571877185,0.4,-0.0679146875959162,-0.897605757882985,-0.0812202782361311,14.5171155551429,13.6874244848558,1.04889870764002,1.03559311699981,13.1632023169404
0.1,0.65,5,91.4518953490771,NA,115.195043215202,0.5,112.979611047782,0.5,116.956034743936,0.5,122.991574748722,0.5,117.337983362866,0.5,117.060110799701,0.4,123.027088092448,0.45,115.457746669103,0.4,0.104076055765134,0.0355133437254409,-1.88023669376327,6.03554000478617,5.96697729274648,0.381948618929627,-1.60236413059877,10.0474770446657
0.1,0.65,6,100.206133271932,NA,129.106378492184,0.5,129.468329354461,0.5,131.660458414383,0.5,139.575286784394,0.5,130.152117503517,0.5,130.151807183984,0.4,139.478365131289,0.5,130.085858125023,0.4,-1.50865123039858,-0.0969216531055963,-0.0662593784936405,7.91482837001132,9.32655794730431,-1.5083409108662,-0.0659490589612517,10.0100357768275
0.1,0.65,7,87.8233852876827,NA,117.561828570627,0.5,116.292364116114,0.5,120.378163129337,0.5,135.756568410401,0.5,119.511334234764,0.5,120.316778693066,0.45,134.767823820673,0.6,120.593973241193,0.4,-0.0613844362709131,-0.988744589727702,1.08263900642946,15.3784052810632,14.4510451276064,-0.866828894573587,0.277194548126786,18.4754597045589
0.1,0.65,8,84.6624862572035,NA,111.071532408612,0.5,109.388082876288,0.5,111.422817278505,0.5,119.950634128448,0.5,110.223237267567,0.5,111.17278680154,0.45,120.003982507035,0.45,111.018441139807,0.4,-0.250030476965364,0.0533483785867332,0.795203872240322,8.52781684994306,8.83119570549516,-1.19958001093848,-0.154345661732791,10.615899630747
0.1,0.65,9,85.7260541669818,NA,114.147347379072,0.5,110.770169068553,0.5,117.447014577043,0.5,129.09971620672,0.5,115.609668634029,0.5,117.727817402074,0.4,128.910996262801,0.5,117.662308618552,0.4,0.280802825030833,-0.188719943918272,2.05263998452257,11.6527016296769,11.1831788607278,-1.83734594301383,-0.0655087835220911,18.140827194248
0.1,0.65,10,77.0057765536469,NA,102.149150732468,0.5,98.6569098890055,0.5,102.516389611957,0.5,105.90187464114,0.5,102.335553037484,0.5,102.107086574106,0.45,105.960971724811,0.4,102.935027078566,0.4,-0.409303037851245,0.0590970836712188,0.599474041082161,3.38548502918253,3.853885150705,-0.180836574473417,0.827940504459988,7.30406183580547
0.1,0.65,11,75.0088022688905,NA,99.0292003520987,0.5,93.4835476921433,0.5,98.7217328186821,0.5,101.853414973938,0.5,98.2675128338042,0.5,98.5555444926074,0.45,102.308823089156,0.45,98.2823437038948,0.4,-0.166188326074661,0.45540811521731,0.0148308700906057,3.1316821552564,3.75327859654837,-0.454219984877895,-0.273200788712629,8.82527539701248
0.1,0.65,12,82.5970064474581,NA,107.347473027811,0.5,103.828311472388,0.5,108.597637504827,0.5,114.094170395981,0.5,108.172761353616,0.5,108.56307880561,0.45,114.260721312988,0.45,108.810154682766,0.4,-0.0345586992172571,0.166550917006901,0.637393329150399,5.49653289115436,5.69764250737852,-0.424876151211507,0.247075877156149,10.4324098406
0.1,0.65,13,86.6499133018207,NA,112.102122289807,0.5,108.798933893125,0.5,113.289670117088,0.5,118.263498218028,0.5,112.72692754025,0.5,114.089774745144,0.4,118.512719654446,0.45,113.493878257542,0.4,0.800104628055166,0.249221436417955,0.766950717292517,4.97382810093913,4.42294490930192,-0.562742576838843,-0.595896487601493,9.71378576132025
0.1,0.65,14,87.1771122465449,NA,115.613668459676,0.5,111.200277020622,0.5,115.283006156059,0.5,122.604388930149,0.5,115.686747632312,0.5,116.24084727116,0.45,122.940028373223,0.45,114.633912003889,0.4,0.957841115101033,0.335639443073603,-1.05283562842273,7.32138277409038,6.69918110206295,0.403741476253145,-1.60693526727061,11.7397513526005
0.1,0.65,15,101.382888759485,NA,124.669702978943,0.5,121.251978277407,0.5,125.399545089817,0.5,132.539620848919,0.5,125.236866166499,0.5,124.593912872928,0.4,132.865883165959,0.45,125.008446690338,0.4,-0.805632216889649,0.326262317039692,-0.228419476160866,7.1400757591021,8.27197029303144,-0.162678923318481,0.414533817410302,11.6139048885519
0.1,0.65,16,91.8865200803499,NA,117.523556094553,0.5,112.700538737368,0.5,117.970673988618,0.5,125.111311832805,0.5,117.531098858022,0.5,117.686558452777,0.4,125.212253861382,0.45,118.075225923656,0.4,-0.284115535840826,0.100942028576995,0.544127065634214,7.14063784418765,7.52569540860547,-0.439575130595543,0.388667470879497,12.5117151240144
0.1,0.65,17,84.5372290633,NA,112.733148029442,0.5,107.588549469604,0.5,113.293103764131,0.5,119.689435846018,0.5,113.185986664614,0.5,113.343091874852,0.45,119.786119713153,0.45,112.096934979661,0.4,0.0499881107210456,0.0966838671347574,-1.0890516849535,6.39633208188647,6.44302783830018,-0.107117099517026,-1.24615689519158,12.1975702435488
0.1,0.65,18,84.8958139315248,NA,109.230060620469,0.5,107.159837044593,0.5,111.061366551573,0.5,119.469612465268,0.5,110.767827934481,0.5,110.710887551897,0.45,119.280580814674,0.5,112.822400899517,0.4,-0.350478999675843,-0.189031650593265,2.05457296503587,8.40824591369422,8.5696932627768,-0.293538617092608,2.11151334761911,12.1207437700814
0.1,0.65,19,97.1742559351311,NA,120.742282099112,0.5,117.199439151431,0.5,121.763817064803,0.5,124.692266711385,0.5,121.591041189746,0.5,123.084032853107,0.4,124.789177083916,0.45,121.674321965469,0.4,1.32021578830432,0.096910372531255,0.0832807757232104,2.92844964658205,1.70514423080898,-0.172775875056914,-1.40971088763803,7.58973793248529
0.1,0.65,20,82.9460165838294,NA,108.887351343257,0.5,106.337541758361,0.5,110.53849333121,0.5,120.286973160246,0.5,110.455557672348,0.5,110.624553975404,0.4,120.187045556407,0.5,108.599368606983,0.4,0.0860606441943332,-0.0999276038387791,-1.8561890653658,9.74847982903637,9.56249158100326,-0.0829356588613308,-2.02518536842146,13.8495037980464
0.1,0.65,21,96.2712625666299,NA,121.48015805429,0.5,118.861432553858,0.5,124.383365534812,0.5,132.271694385368,0.5,123.406020113491,0.5,123.097533475831,0.4,132.175032535933,0.45,124.210099351928,0.4,-1.28583205898104,-0.0966618494346676,0.8040792384365,7.88832885055598,9.07749906010235,-0.977345421320479,1.11256587609707,13.3135999820752
0.1,0.65,22,85.0065102231291,NA,111.023356879642,0.5,112.588588557442,0.5,113.534261331954,0.5,128.002161002352,0.5,112.90035318697,0.5,113.483264284197,0.45,127.458357256887,0.55,113.1421963586,0.4,-0.0509970477571784,-0.543803745465397,0.24184317163045,14.467899670398,13.9750929726898,-0.63390814498463,-0.341067925597002,14.8697686994447
0.1,0.65,23,96.3178272030563,NA,123.517782090849,0.5,122.982064929213,0.5,124.92630017951,0.5,134.602063304432,0.5,124.880012538888,0.5,124.471610261373,0.4,134.679498996683,0.5,125.20412071053,0.4,-0.454689918137589,0.0774356922509867,0.324108171641143,9.67576312492113,10.2078887353097,-0.0462876406219834,0.732510449156749,11.6974340674692
0.1,0.65,24,85.8974808255101,NA,108.897908562215,0.5,105.117053435621,0.5,110.023052324198,0.5,113.611164871302,0.5,110.090969107949,0.5,110.267553482561,0.45,113.882778154363,0.45,109.393983733822,0.4,0.244501158362141,0.27161328306066,-0.696985374127493,3.58811254710385,3.61522467180237,0.0679167837510732,-0.873569748738561,8.76572471874165
0.1,0.65,25,79.9854855288145,NA,106.044943926763,0.5,102.271087389269,0.5,106.658044054258,0.5,116.36868827373,0.5,105.563655343161,0.5,106.380974139099,0.45,116.013129385786,0.45,104.820943621515,0.4,-0.277069915159132,-0.355558887944071,-0.74271172164616,9.71064421947234,9.6321552466874,-1.09438871109654,-1.56003051758357,13.7420419965167
0.1,0.65,26,94.7031187261566,NA,121.99474000851,0.5,122.844449709866,0.499999999999999,124.101176323517,0.5,139.091933884503,0.5,124.086631071443,0.5,124.264044011539,0.4,138.336214094883,0.55,122.876285547749,0.4,0.162867688022601,-0.755719789620088,-1.2103455236946,14.9907575609866,14.0721700833439,-0.0145452520734466,-1.38775846379065,15.491764385017
0.1,0.65,27,86.4207547983092,NA,109.722032576658,0.5,108.354898595619,0.5,110.922884928174,0.5,119.848811921794,0.5,111.440332661329,0.5,111.935924456597,0.4,119.942900056503,0.45,111.211053367891,0.4,1.01303952842346,0.0940881347088407,-0.22927929343787,8.92592699361984,8.00697559990522,0.517447733155024,-0.724871088706308,11.5880014608832
0.1,0.65,28,85.6244716267189,NA,110.6271380737,0.5,108.233249124385,0.5,112.033614555379,0.5,116.780089787076,0.5,110.973567388612,0.5,112.23334370391,0.45,117.20979665949,0.4,111.477142891712,0.4,0.199729148530622,0.429706872414073,0.503575503100123,4.74647523169645,4.9764529555799,-1.06004716676723,-0.756200812197733,8.97654753510528
0.1,0.65,29,83.3192148618394,NA,111.726342847147,0.5,111.346330098219,0.499999999999999,113.437894067208,0.5,123.574826426177,0.5,112.791072209084,0.5,113.211111148651,0.45,123.519649493321,0.5,114.252810078803,0.4,-0.226782918557177,-0.055176932855943,1.46173786971906,10.136932358969,10.3085383446703,-0.646821858124099,1.04169893015214,12.1733193951024
0.1,0.65,30,81.4308172253701,NA,105.36392433305,0.5,101.340159223921,0.5,107.622765409038,0.5,111.33189113588,0.5,107.738818140448,0.5,107.489202147047,0.4,111.530151497185,0.45,107.242989824583,0.4,-0.133563261990901,0.198260361305586,-0.495828315865609,3.70912572684146,4.04094935013795,0.116052731410079,-0.246212322464629,10.1899922732645
0.1,0.65,31,81.6990060265867,NA,105.945255842782,0.5,100.411855524619,0.5,106.371663477261,0.5,110.084970542851,0.5,105.648293052322,0.5,106.949238095794,0.4,110.334844817273,0.45,106.436936792934,0.4,0.577574618532367,0.249874274422083,0.788643740612002,3.71330706558953,3.38560672147925,-0.723370424939418,-0.512301302859782,9.92298929265394
0.1,0.65,32,90.517698753767,NA,119.579149549918,0.5,113.780215316104,0.5,121.411983260013,0.5,127.85491262949,0.5,120.9998132346,0.5,120.759256571094,0.4,127.610561980648,0.45,120.822557087211,0.4,-0.652726688919216,-0.244350648842115,-0.177256147388363,6.44292936947703,6.85130540955413,-0.412170025413346,0.0633005161175078,13.8303466645437
0.1,0.65,33,89.8618860518338,NA,114.581559813042,0.5,112.686295007169,0.5,115.323935394301,0.5,119.842706128514,0.5,115.180455243429,0.5,114.789112899978,0.4,120.20232902878,0.45,114.933075353525,0.4,-0.534822494323109,0.359622900266842,-0.247379889904224,4.51877073421282,5.41321612880277,-0.143480150871554,0.143962453547331,7.51603402161162
0.1,0.65,34,89.209574231922,NA,116.781123856441,0.5,114.572139118164,0.5,117.212067466121,0.5,136.903522513107,0.5,119.397028771962,0.5,119.333222372492,0.4,135.625511569123,0.65,118.538847222189,0.4,2.12115490637103,-1.27801094398444,-0.858181549773334,19.691455046986,16.2922891966305,2.18496130584073,-0.794375150303637,21.053372450959
0.1,0.65,35,93.3071384763807,NA,120.482928906117,0.5,117.824539707271,0.5,121.796109526346,0.5,143.632952508602,0.5,122.706357693733,0.5,125.85112903673,0.45,141.297297860934,0.6,122.493552779288,0.4,4.05501951038372,-2.33565464766798,-0.21280491444513,21.8368429822553,15.4461688242036,0.910248167386655,-3.35757625744219,23.4727581536625
0.1,0.65,36,91.371284963141,NA,114.370768389197,0.5,112.181675477442,0.5,116.45452836603,0.5,118.702366103329,0.5,115.262736087983,0.5,117.011859972054,0.45,119.109027557881,0.45,115.168561119307,0.4,0.557331606023567,0.406661454552179,-0.0941749686755315,2.24783773729861,2.09716758582722,-1.19179227804769,-1.84329885274678,6.9273520804396
0.1,0.65,37,86.3430818369266,NA,111.237277810458,0.5,106.370541436792,0.5,110.200464977786,0.5,114.822299408386,0.5,111.381598816876,0.5,111.607783091253,0.45,115.01160333125,0.4,110.968724717162,0.4,1.40731811346724,0.189303922863829,-0.412874099714131,4.62183443060086,3.40382023999744,1.18113383909011,-0.639058374091263,8.64106189445874
0.1,0.65,38,87.6138549690837,NA,109.861698184567,0.5,105.505692950118,0.5,111.266847596783,0.5,113.941135176343,0.5,110.557738591388,0.5,110.955163961129,0.4,113.807593744948,0.45,110.616007352354,0.4,-0.311683635654418,-0.133541431395116,0.0582687609660724,2.67428757956033,2.85242978381963,-0.709109005395248,-0.339156608774758,8.30190079483006
0.1,0.65,39,82.0831508938677,NA,105.25268100714,0.5,102.348795768416,0.5,106.136425873841,0.5,110.185382883344,0.5,104.887332309632,0.5,105.868571019702,0.45,110.307534254582,0.45,105.226348042908,0.4,-0.267854854139316,0.122151371237862,0.339015733276113,4.04895700950296,4.43896323488013,-1.24909356420937,-0.642222976793946,7.95873848616658
0.1,0.65,40,87.9576195173441,NA,111.794097071639,0.5,108.548453731592,0.5,112.730610592156,0.5,118.825912937937,0.5,112.350464650582,0.5,112.477417931356,0.45,118.95074733818,0.45,113.212362261255,0.4,-0.253192660800011,0.124834400243074,0.861897610673736,6.09530234578139,6.47332940682448,-0.380145941574,0.734944329899747,10.4022936065885
0.1,0.65,41,90.6962419671955,NA,121.592887118183,0.5,121.166290363961,0.5,122.06601763787,0.5,133.586928215063,0.5,120.933835327858,0.5,120.733433887264,0.4,133.791696215072,0.5,121.949959232338,0.4,-1.33258375060581,0.204768000008926,1.01612390448008,11.5209105771931,13.0582623278079,-1.1321823100118,1.21652534507409,12.6254058511102
0.1,0.65,42,90.310036546367,NA,121.740276404449,0.5,118.934347576838,0.5,124.378207277771,0.5,132.071725736616,0.5,123.666338611841,0.5,123.621607980513,0.4,132.184552036212,0.5,123.248350540012,0.4,-0.756599297258347,0.112826299596037,-0.417988071828844,7.69351845884519,8.56294405569957,-0.711868665929998,-0.373257440500495,13.250204459374
0.1,0.65,43,86.5409456762462,NA,110.715553542061,0.5,108.679652188423,0.5,111.504874767148,0.5,115.703961160302,0.5,110.751057530811,0.5,112.38380076263,0.4,115.701285184562,0.45,111.46547700272,0.4,0.878925995482618,-0.00267597574030276,0.714419471909068,4.19908639315442,3.3174844219315,-0.753817236336147,-0.918323759909697,7.02163299613879
0.1,0.65,44,88.7609012023387,NA,110.413157515762,0.5,106.299238621171,0.5,112.488041866683,0.5,127.683543553403,0.5,111.540649508612,0.5,112.242087705136,0.4,127.271062026255,0.5,113.535668717679,0.4,-0.245954161546308,-0.412481527148628,1.99501920906667,15.1955016867206,15.0289743211183,-0.947392358070417,1.29358101254256,20.9718234050841
0.1,0.65,45,92.6966282333902,NA,115.119078966217,0.5,110.815695015985,0.5,117.175056928767,0.5,157.823642193897,0.5,115.258733445152,0.5,118.072577886702,0.4,143.535276831708,0.6,116.573980649152,0.4,0.897520957935427,-14.2883653621883,1.3152472039999,40.6485852651298,25.462698945006,-1.91632348361441,-1.49859723754993,32.7195818157237
0.1,0.65,46,87.6340263913019,NA,113.534178691269,0.5,110.696703258129,0.5,115.519194869967,0.5,123.229621172332,0.5,114.984985392743,0.5,114.946114696031,0.4,123.202960212775,0.5,115.032281429949,0.4,-0.57308017393612,-0.0266609595568497,0.047296037206678,7.71042630236403,8.2568455167433,-0.534209477224863,0.0861667339179348,12.5062569546456
0.1,0.65,47,83.272723764582,NA,110.253875903415,0.5,108.23834569212,0.5,111.333558289331,0.5,119.054050623642,0.5,110.549812835178,0.5,111.869325031306,0.45,119.159098743839,0.45,109.831785083447,0.4,0.535766741974143,0.105048120197651,-0.718027751731483,7.72049233431032,7.28977371253383,-0.783745454153348,-2.03753994785897,10.9207530517196
0.1,0.65,48,88.7112322091673,NA,114.626283692715,0.5,110.887576286183,0.5,114.982204138566,0.5,124.984292240279,0.5,114.209960454276,0.5,116.385278062082,0.4,124.996067679262,0.45,114.831096622064,0.4,1.40307392351609,0.0117754389833351,0.621136167787867,10.0020881017124,8.61078961717965,-0.772243684289919,-1.55418144001814,14.1084913930796
0.1,0.65,49,87.854710843896,NA,113.440824774172,0.5,110.040369405241,0.5,116.483713272571,0.5,125.17790147921,0.5,114.958153114011,0.5,117.295614431399,0.4,125.322183395005,0.5,116.140761943095,0.4,0.81190115882788,0.144281915794608,1.18260882908389,8.69418820663924,8.02656896360597,-1.52556015856017,-1.15485248830416,15.2818139897635
0.1,0.65,50,83.439707258478,NA,105.895386380614,0.5,100.906112820307,0.5,107.201752112116,0.5,109.872718555429,0.5,107.325097064944,0.5,107.340482097222,0.45,109.98850928478,0.4,106.872951767433,0.4,0.138729985105485,0.115790729351048,-0.45214529751064,2.67096644331265,2.64802718755821,0.12334495282802,-0.467530329788104,9.08239646447252
1,0.65,1,86.0967566032317,NA,112.397569005964,0.5,109.476478950171,0.5,113.395253162533,0.5,117.427582856067,0.5,112.768919078564,0.5,113.160672594792,0.45,117.462480621398,0.45,112.748993325018,0.4,-0.234580567740124,0.0348977653313369,-0.0199257535455359,4.03232969353444,4.3018080266059,-0.626334083968956,-0.411679269774368,7.98600167122684
1,0.65,2,92.0842750283556,NA,119.046262863673,0.5,116.533676013565,0.5,119.169107709852,0.5,125.392293308291,0.5,119.977678108821,0.5,120.283767044704,0.4,125.385119574018,0.45,120.370322641857,0.4,1.11465933485216,-0.00717373427312396,0.392644533035735,6.22318559843892,5.10135252931363,0.808570398968868,0.0865555971524401,8.85144356045225
1,0.65,3,83.6496157747652,NA,105.956613823367,0.5,99.4050400254075,0.5,107.03977769275,0.5,108.02966514519,0.5,106.015175310275,0.5,107.247713030777,0.45,108.195487864089,0.45,105.825572489177,0.4,0.207935338027156,0.165822718898767,-0.189602821098276,0.989887452440186,0.947774833311797,-1.02460238247468,-1.42214054160011,8.79044783868108
1,0.65,4,95.1377670437846,NA,123.472852162874,0.5,123.488200928101,0.5,123.031893447781,0.5,134.819675401176,0.5,124.080792155421,0.5,122.963978760185,0.45,134.730134272156,0.5,123.999571877185,0.4,-0.0679146875959162,-0.0895411290200627,-0.0812202782361311,11.7877819533946,11.7661555119704,1.04889870764002,1.03559311699981,11.241933344055
1,0.65,5,91.4518953490771,NA,115.195043215202,0.5,112.979611047782,0.5,116.956034743936,0.5,121.335713252603,0.5,117.337983362866,0.5,117.060110799701,0.4,121.286421824803,0.45,115.457746669103,0.4,0.104076055765134,-0.0492914278001138,-1.88023669376327,4.37967850866647,4.22631102510123,0.381948618929627,-1.60236413059877,8.30681077702049
1,0.65,6,100.206133271932,NA,129.106378492184,0.5,129.468329354461,0.5,131.660458414383,0.5,137.63136595988,0.5,130.152117503517,0.5,130.151807183984,0.4,137.637025689271,0.5,130.085858125023,0.4,-1.50865123039858,0.00565972939028825,-0.0662593784936405,5.97090754549751,7.48521850528638,-1.5083409108662,-0.0659490589612517,8.1686963348096
1,0.65,7,87.8233852876827,NA,117.561828570627,0.5,116.292364116114,0.5,120.378163129337,0.5,135.895319640014,0.5,119.511334234764,0.5,120.316778693066,0.45,135.024965006571,0.55,120.593973241193,0.4,-0.0613844362709131,-0.870354633443384,1.08263900642946,15.5171565106768,14.7081863135043,-0.866828894573587,0.277194548126786,18.7326008904568
1,0.65,8,84.6624862572035,NA,111.071532408612,0.5,109.388082876288,0.5,111.422817278505,0.5,116.843038264719,0.5,110.223237267567,0.5,111.17278680154,0.45,116.676696230514,0.45,111.018441139807,0.4,-0.250030476965364,-0.166342034204419,0.795203872240322,5.42022098621358,5.50390942897452,-1.19958001093848,-0.154345661732791,7.28861335422633
1,0.65,9,85.7260541669818,NA,114.147347379072,0.5,110.770169068553,0.5,117.447014577043,0.5,126.399324994149,0.5,115.609668634029,0.5,117.727817402074,0.4,126.366096410853,0.45,117.662308618552,0.4,0.280802825030833,-0.0332285832961929,2.05263998452257,8.95231041710637,8.63827900877935,-1.83734594301383,-0.0655087835220911,15.5959273422996
1,0.65,10,77.0057765536469,NA,102.149150732468,0.5,98.6569098890055,0.5,102.516389611957,0.5,104.100463004056,0.5,102.335553037484,0.5,102.107086574106,0.45,104.330164041585,0.45,102.935027078566,0.4,-0.409303037851245,0.22970103752948,0.599474041082161,1.58407339209876,2.22307746747948,-0.180836574473417,0.827940504459988,5.67325415257996
1,0.65,11,75.0088022688905,NA,99.0292003520987,0.5,93.4835476921433,0.5,98.7217328186821,0.5,99.6616113089065,0.5,98.2675128338042,0.5,98.5555444926074,0.45,100.033988588011,0.45,98.2823437038948,0.4,-0.166188326074661,0.372377279104896,0.0148308700906057,0.939878490224416,1.47844409540397,-0.454219984877895,-0.273200788712629,6.55044089586808
1,0.65,12,82.5970064474581,NA,107.347473027811,0.5,103.828311472388,0.5,108.597637504827,0.5,111.86217478844,0.5,108.172761353616,0.5,108.56307880561,0.45,112.029960120953,0.45,108.810154682766,0.4,-0.0345586992172571,0.167785332512665,0.637393329150399,3.26453728361292,3.46688131534285,-0.424876151211507,0.247075877156149,8.20164864856429
1,0.65,13,86.6499133018207,NA,112.102122289807,0.5,108.798933893125,0.5,113.289670117088,0.5,116.241885816321,0.5,112.72692754025,0.5,114.089774745144,0.4,115.997853998202,0.5,113.493878257542,0.4,0.800104628055166,-0.244031818119396,0.766950717292517,2.95221569923308,1.90807925305852,-0.562742576838843,-0.595896487601493,7.19892010507685
1,0.65,14,87.1771122465449,NA,115.613668459676,0.5,111.200277020622,0.5,115.283006156059,0.5,120.382806329486,0.5,115.686747632312,0.5,116.24084727116,0.45,120.533387247935,0.45,114.633912003889,0.4,0.957841115101033,0.150580918448654,-1.05283562842273,5.09980017342727,4.29253997677489,0.403741476253145,-1.60693526727061,9.33311022731249
1,0.65,15,101.382888759485,NA,124.669702978943,0.5,121.251978277407,0.5,125.399545089817,0.5,130.041147425898,0.5,125.236866166499,0.5,124.593912872928,0.4,130.118998683368,0.45,125.008446690338,0.4,-0.805632216889649,0.0778512574699164,-0.228419476160866,4.64160233608044,5.52508581044,-0.162678923318481,0.414533817410302,8.86702040596046
1,0.65,16,91.8865200803499,NA,117.523556094553,0.5,112.700538737368,0.5,117.970673988618,0.5,122.764466314797,0.5,117.531098858022,0.5,117.686558452777,0.4,122.23089141139,0.45,118.075225923656,0.4,-0.284115535840826,-0.533574903406702,0.544127065634214,4.79379232617907,4.5443329586132,-0.439575130595543,0.388667470879497,9.53035267402208
1,0.65,17,84.5372290633,NA,112.733148029442,0.5,107.588549469604,0.5,113.293103764131,0.5,116.852010089201,0.5,113.185986664614,0.5,113.343091874852,0.45,117.110768381342,0.45,112.096934979661,0.4,0.0499881107210456,0.258758292141152,-1.0890516849535,3.55890632506954,3.76767650648965,-0.107117099517026,-1.24615689519158,9.52221891173828
1,0.65,18,84.8958139315248,NA,109.230060620469,0.5,107.159837044593,0.5,111.061366551573,0.5,116.977560135524,0.5,110.767827934481,0.5,110.710887551897,0.45,116.740306237402,0.5,112.822400899517,0.4,-0.350478999675843,-0.237253898121722,2.05457296503587,5.91619358395081,6.02941868550494,-0.293538617092608,2.11151334761911,9.58046919280955
1,0.65,19,97.1742559351311,NA,120.742282099112,0.5,117.199439151431,0.5,121.763817064803,0.5,123.346452594811,0.5,121.591041189746,0.5,123.084032853107,0.4,123.301010953875,0.45,121.674321965469,0.4,1.32021578830432,-0.0454416409362466,0.0832807757232104,1.58263553000825,0.216978100767676,-0.172775875056914,-1.40971088763803,6.10157180244398
1,0.65,20,82.9460165838294,NA,108.887351343257,0.5,106.337541758361,0.5,110.53849333121,0.5,118.495299653897,0.5,110.455557672348,0.5,110.624553975404,0.4,118.696011549384,0.45,108.599368606983,0.4,0.0860606441943332,0.200711895486677,-1.8561890653658,7.95680632268764,8.07145757397998,-0.0829356588613308,-2.02518536842146,12.3584697910231
1,0.65,21,96.2712625666299,NA,121.48015805429,0.5,118.861432553858,0.5,124.383365534812,0.5,130.618575498946,0.5,123.406020113491,0.5,123.097533475831,0.4,130.383907179074,0.45,124.210099351928,0.4,-1.28583205898104,-0.234668319871389,0.8040792384365,6.23520996413362,7.28637370324327,-0.977345421320479,1.11256587609707,11.5224746252161
1,0.65,22,85.0065102231291,NA,111.023356879642,0.5,112.588588557442,0.5,113.534261331954,0.5,126.822378133596,0.5,112.90035318697,0.5,113.483264284197,0.45,126.350577280994,0.5,113.1421963586,0.4,-0.0509970477571784,-0.471800852601461,0.24184317163045,13.2881168016416,12.8673129967973,-0.63390814498463,-0.341067925597002,13.7619887235522
1,0.65,23,96.3178272030563,NA,123.517782090849,0.5,122.982064929213,0.5,124.92630017951,0.5,133.472545447524,0.5,124.880012538888,0.5,124.471610261373,0.4,133.305943705754,0.5,125.20412071053,0.4,-0.454689918137589,-0.166601741769966,0.324108171641143,8.54624526801368,8.8343334443813,-0.0462876406219834,0.732510449156749,10.3238787765408
1,0.65,24,85.8974808255101,NA,108.897908562215,0.5,105.117053435621,0.5,110.023052324198,0.5,112.659666366499,0.5,110.090969107949,0.5,110.267553482561,0.45,112.692763383256,0.45,109.393983733822,0.4,0.244501158362141,0.0330970167572673,-0.696985374127493,2.63661404230022,2.42520990069535,0.0679167837510732,-0.873569748738561,7.57570994763464
1,0.65,25,79.9854855288145,NA,106.044943926763,0.5,102.271087389269,0.5,106.658044054258,0.5,114.910659439514,0.5,105.563655343161,0.5,106.380974139099,0.45,114.65900883441,0.5,104.820943621515,0.4,-0.277069915159132,-0.251650605104032,-0.74271172164616,8.25261538525592,8.27803469531102,-1.09438871109654,-1.56003051758357,12.3879214451403
1,0.65,26,94.7031187261566,NA,121.99474000851,0.5,122.844449709866,0.499999999999999,124.101176323517,0.5,137.432380384471,0.5,124.086631071443,0.5,124.264044011539,0.4,136.817221680012,0.55,122.876285547749,0.4,0.162867688022601,-0.615158704458395,-1.2103455236946,13.3312040609543,12.5531776684733,-0.0145452520734466,-1.38775846379065,13.9727719701463
1,0.65,27,86.4207547983092,NA,109.722032576658,0.5,108.354898595619,0.5,110.922884928174,0.5,118.294002544714,0.5,111.440332661329,0.5,111.935924456597,0.4,118.435370322553,0.45,111.211053367891,0.4,1.01303952842346,0.141367777838852,-0.22927929343787,7.37111761653993,6.49944586595532,0.517447733155024,-0.724871088706308,10.0804717269333
1,0.65,28,85.6244716267189,NA,110.6271380737,0.5,108.233249124385,0.5,112.033614555379,0.5,114.448628123792,0.5,110.973567388612,0.5,112.23334370391,0.45,114.837029208813,0.45,111.477142891712,0.4,0.199729148530622,0.388401085020689,0.503575503100123,2.4150135684126,2.60368550490267,-1.06004716676723,-0.756200812197733,6.60378008442805
1,0.65,29,83.3192148618394,NA,111.726342847147,0.5,111.346330098219,0.499999999999999,113.437894067208,0.5,120.816755206997,0.5,112.791072209084,0.5,113.211111148651,0.45,120.681208870297,0.45,114.252810078803,0.4,-0.226782918557177,-0.135546336699605,1.46173786971906,7.37886113978851,7.47009772164608,-0.646821858124099,1.04169893015214,9.3348787720782
1,0.65,30,81.4308172253701,NA,105.36392433305,0.5,101.340159223921,0.5,107.622765409038,0.5,109.459850935361,0.5,107.738818140448,0.5,107.489202147047,0.4,109.756333439296,0.45,107.242989824583,0.4,-0.133563261990901,0.296482503935522,-0.495828315865609,1.83708552632251,2.26713129224893,0.116052731410079,-0.246212322464629,8.41617421537543
1,0.65,31,81.6990060265867,NA,105.945255842782,0.5,100.411855524619,0.5,106.371663477261,0.5,108.559573443511,0.5,105.648293052322,0.5,106.949238095794,0.4,108.814464770301,0.45,106.436936792934,0.4,0.577574618532367,0.254891326789675,0.788643740612002,2.18790996625019,1.8652266745075,-0.723370424939418,-0.512301302859782,8.40260924568219
1,0.65,32,90.517698753767,NA,119.579149549918,0.5,113.780215316104,0.5,121.411983260013,0.5,126.009742966321,0.5,120.9998132346,0.5,120.759256571094,0.4,126.024366405706,0.45,120.822557087211,0.4,-0.652726688919216,0.0146234393846498,-0.177256147388363,4.59775970630858,5.26510983461245,-0.412170025413346,0.0633005161175078,12.244151089602
1,0.65,33,89.8618860518338,NA,114.581559813042,0.5,112.686295007169,0.5,115.323935394301,0.5,116.671405315567,0.5,115.180455243429,0.5,114.789112899978,0.4,116.273651818098,0.45,114.933075353525,0.4,-0.534822494323109,-0.397753497469736,-0.247379889904224,1.34746992126669,1.48453891812007,-0.143480150871554,0.143962453547331,3.58735681092891
1,0.65,34,89.209574231922,NA,116.781123856441,0.5,114.572139118164,0.5,117.212067466121,0.5,134.960657642888,0.5,119.397028771962,0.5,119.333222372492,0.4,135.093073801917,0.6,118.538847222189,0.4,2.12115490637103,0.132416159028622,-0.858181549773334,17.7485901767667,15.7598514294242,2.18496130584073,-0.794375150303637,20.5209346837528
1,0.65,35,93.3071384763807,NA,120.482928906117,0.5,117.824539707271,0.5,121.796109526346,0.5,142.928273454083,0.5,122.706357693733,0.5,125.85112903673,0.45,140.53891022244,0.55,122.493552779288,0.4,4.05501951038372,-2.38936323164319,-0.21280491444513,21.1321639277365,14.6877811857096,0.910248167386655,-3.35757625744219,22.7143705151685
1,0.65,36,91.371284963141,NA,114.370768389197,0.5,112.181675477442,0.5,116.45452836603,0.5,118.603818264921,0.5,115.262736087983,0.5,117.011859972054,0.45,118.649071874106,0.45,115.168561119307,0.4,0.557331606023567,0.0452536091851101,-0.0941749686755315,2.14928989889079,1.63721190205233,-1.19179227804769,-1.84329885274678,6.46739639666471
1,0.65,37,86.3430818369266,NA,111.237277810458,0.5,106.370541436792,0.5,110.200464977786,0.5,112.824432938237,0.5,111.381598816876,0.5,111.607783091253,0.45,112.792498940257,0.4,110.968724717162,0.4,1.40731811346724,-0.0319339979796496,-0.412874099714131,2.62396796045101,1.18471584900412,1.18113383909011,-0.639058374091263,6.42195750346542
1,0.65,38,87.6138549690837,NA,109.861698184567,0.5,105.505692950118,0.5,111.266847596783,0.5,110.749565104213,0.5,110.557738591388,0.5,110.955163961129,0.4,111.456197481845,0.4,110.616007352354,0.4,-0.311683635654418,0.706632377632303,0.0582687609660724,-0.517282492570445,0.501033520716277,-0.709109005395248,-0.339156608774758,5.95050453172671
1,0.65,39,82.0831508938677,NA,105.25268100714,0.5,102.348795768416,0.5,106.136425873841,0.5,109.602745890695,0.5,104.887332309632,0.5,105.868571019702,0.45,109.388793373303,0.45,105.226348042908,0.4,-0.267854854139316,-0.213952517392102,0.339015733276113,3.46632001685347,3.52022235360069,-1.24909356420937,-0.642222976793946,7.03999760488713
1,0.65,40,87.9576195173441,NA,111.794097071639,0.5,108.548453731592,0.5,112.730610592156,0.5,115.687920585884,0.5,112.350464650582,0.5,112.477417931356,0.45,116.342413182787,0.45,113.212362261255,0.4,-0.253192660800011,0.654492596902983,0.861897610673736,2.95730999372792,3.86499525143091,-0.380145941574,0.734944329899747,7.79395945119494
1,0.65,41,90.6962419671955,NA,121.592887118183,0.5,121.166290363961,0.5,122.06601763787,0.5,131.761378741619,0.5,120.933835327858,0.5,120.733433887264,0.4,132.010644253184,0.45,121.949959232338,0.4,-1.33258375060581,0.249265511565255,1.01612390448008,9.69536110374955,11.2772103659206,-1.1321823100118,1.21652534507409,10.8443538892229
1,0.65,42,90.310036546367,NA,121.740276404449,0.5,118.934347576838,0.5,124.378207277771,0.5,130.626229642688,0.5,123.666338611841,0.5,123.621607980513,0.4,130.630656842249,0.5,123.248350540012,0.4,-0.756599297258347,0.00442719956046744,-0.417988071828844,6.24802236491753,7.00904886173635,-0.711868665929998,-0.373257440500495,11.6963092654108
1,0.65,43,86.5409456762462,NA,110.715553542061,0.5,108.679652188423,0.5,111.504874767148,0.5,113.921370144823,0.5,110.751057530811,0.5,112.38380076263,0.4,114.385592681175,0.45,111.46547700272,0.4,0.878925995482618,0.464222536352793,0.714419471909068,2.41649537767496,2.00179191854514,-0.753817236336147,-0.918323759909697,5.70594049275243
1,0.65,44,88.7609012023387,NA,110.413157515762,0.5,106.299238621171,0.5,112.488041866683,0.5,126.236992192035,0.5,111.540649508612,0.5,112.242087705136,0.4,125.895298738509,0.5,113.535668717679,0.4,-0.245954161546308,-0.341693453526162,1.99501920906667,13.7489503253526,13.6532110333727,-0.947392358070417,1.29358101254256,19.5960601173385
1,0.65,45,92.6966282333902,NA,115.119078966217,0.5,110.815695015985,0.5,117.175056928767,0.5,158.497881941247,0.5,115.258733445152,0.5,118.072577886702,0.4,141.560112354069,0.6,116.573980649152,0.4,0.897520957935427,-16.937769587178,1.3152472039999,41.3228250124803,23.4875344673669,-1.91632348361441,-1.49859723754993,30.7444173380846
1,0.65,46,87.6340263913019,NA,113.534178691269,0.5,110.696703258129,0.5,115.519194869967,0.5,119.960639907437,0.5,114.984985392743,0.5,114.946114696031,0.4,120.438751726131,0.5,115.032281429949,0.4,-0.57308017393612,0.478111818694359,0.047296037206678,4.44144503746949,5.49263703009997,-0.534209477224863,0.0861667339179348,9.74204846800222
1,0.65,47,83.272723764582,NA,110.253875903415,0.5,108.23834569212,0.5,111.333558289331,0.5,117.090166563842,0.5,110.549812835178,0.5,111.869325031306,0.45,117.076552301973,0.45,109.831785083447,0.4,0.535766741974143,-0.0136142618686961,-0.718027751731483,5.75660827451054,5.2072272706677,-0.783745454153348,-2.03753994785897,8.83820660985347
1,0.65,48,88.7112322091673,NA,114.626283692715,0.5,110.887576286183,0.5,114.982204138566,0.5,123.657987039136,0.5,114.209960454276,0.5,116.385278062082,0.4,123.272290963788,0.5,114.831096622064,0.4,1.40307392351609,-0.385696075347568,0.621136167787867,8.67578290056936,6.8870129017057,-0.772243684289919,-1.55418144001814,12.3847146776056
1,0.65,49,87.854710843896,NA,113.440824774172,0.5,110.040369405241,0.5,116.483713272571,0.5,123.753826385317,0.5,114.958153114011,0.5,117.295614431399,0.4,123.79811231731,0.45,116.140761943095,0.4,0.81190115882788,0.044285931993457,1.18260882908389,7.27011311274607,6.50249788591165,-1.52556015856017,-1.15485248830416,13.7577429120692
1,0.65,50,83.439707258478,NA,105.895386380614,0.5,100.906112820307,0.5,107.201752112116,0.5,108.917753298842,0.5,107.325097064944,0.5,107.340482097222,0.45,108.980237337434,0.45,106.872951767433,0.4,0.138729985105485,0.062484038592018,-0.45214529751064,1.71600118672573,1.63975524021227,0.12334495282802,-0.467530329788104,8.07412451712658
5,0.65,1,86.0967566032317,NA,112.397569005964,0.5,109.476478950171,0.5,113.395253162533,0.5,111.919587138473,0.5,112.768919078564,0.5,113.160672594792,0.45,111.464356220009,0.45,112.748993325018,0.4,-0.234580567740124,-0.455230918463798,-0.0199257535455359,-1.47566602405954,-1.69631637478321,-0.626334083968956,-0.411679269774368,1.98787726983774
5,0.65,2,92.0842750283556,NA,119.046262863673,0.5,116.533676013565,0.5,119.169107709852,0.5,120.708165496098,0.5,119.977678108821,0.5,120.283767044704,0.4,120.955142055936,0.45,120.370322641857,0.4,1.11465933485216,0.246976559837975,0.392644533035735,1.53905778624562,0.671375011231433,0.808570398968868,0.0865555971524401,4.42146604237006
5,0.65,3,83.6496157747652,NA,105.956613823367,0.5,99.4050400254075,0.5,107.03977769275,0.5,106.642948940947,0.5,106.015175310275,0.5,107.247713030777,0.45,106.835256740073,0.45,105.825572489177,0.4,0.207935338027156,0.192307799126397,-0.189602821098276,-0.396828751802516,-0.412456290703275,-1.02460238247468,-1.42214054160011,7.430216714666
5,0.65,4,95.1377670437846,NA,123.472852162874,0.5,123.488200928101,0.5,123.031893447781,0.5,124.646233945288,0.5,124.080792155421,0.5,122.963978760185,0.45,123.788627505496,0.4,123.999571877185,0.4,-0.0679146875959162,-0.857606439792207,-0.0812202782361311,1.61434049750711,0.824648745310824,1.04889870764002,1.03559311699981,0.300426577395427
5,0.65,5,91.4518953490771,NA,115.195043215202,0.5,112.979611047782,0.5,116.956034743936,0.5,117.95029334249,0.5,117.337983362866,0.5,117.060110799701,0.4,118.45515959689,0.4,115.457746669103,0.4,0.104076055765134,0.504866254399346,-1.88023669376327,0.994258598554083,1.3950487971883,0.381948618929627,-1.60236413059877,5.47554854910756
5,0.65,6,100.206133271932,NA,129.106378492184,0.5,129.468329354461,0.5,131.660458414383,0.5,130.816717603309,0.5,130.152117503517,0.5,130.151807183984,0.4,132.164346660807,0.45,130.085858125023,0.4,-1.50865123039858,1.34762905749847,-0.0662593784936405,-0.843740811074099,2.01253947682295,-1.5083409108662,-0.0659490589612517,2.69601730634616
5,0.65,7,87.8233852876827,NA,117.561828570627,0.5,116.292364116114,0.5,120.378163129337,0.5,126.058721488061,0.5,119.511334234764,0.5,120.316778693066,0.45,126.428064820933,0.5,120.593973241193,0.4,-0.0613844362709131,0.369343332871807,1.08263900642946,5.68055835872339,6.11128612786611,-0.866828894573587,0.277194548126786,10.1357007048186
5,0.65,8,84.6624862572035,NA,111.071532408612,0.5,109.388082876288,0.5,111.422817278505,0.5,112.453160228884,0.5,110.223237267567,0.5,111.17278680154,0.45,111.78432317108,0.45,111.018441139807,0.4,-0.250030476965364,-0.668837057804154,0.795203872240322,1.03034295037889,0.611536369540104,-1.19958001093848,-0.154345661732791,2.39624029479191
5,0.65,9,85.7260541669818,NA,114.147347379072,0.5,110.770169068553,0.5,117.447014577043,0.5,118.186508967269,0.5,115.609668634029,0.5,117.727817402074,0.4,117.358118708492,0.45,117.662308618552,0.4,0.280802825030833,-0.828390258776608,2.05263998452257,0.739494390226284,-0.369698693581157,-1.83734594301383,-0.0655087835220911,6.58794963993913
5,0.65,10,77.0057765536469,NA,102.149150732468,0.5,98.6569098890055,0.5,102.516389611957,0.5,102.571057869596,0.5,102.335553037484,0.5,102.107086574106,0.45,102.327984802951,0.45,102.935027078566,0.4,-0.409303037851245,-0.243073066644513,0.599474041082161,0.0546682576384256,0.220898228845158,-0.180836574473417,0.827940504459988,3.67107491394563
5,0.65,11,75.0088022688905,NA,99.0292003520987,0.5,93.4835476921433,0.5,98.7217328186821,0.5,98.0908257636599,0.5,98.2675128338042,0.5,98.5555444926074,0.45,98.185812200086,0.45,98.2823437038948,0.4,-0.166188326074661,0.0949864364261828,0.0148308700906057,-0.630907055022206,-0.369732292521363,-0.454219984877895,-0.273200788712629,4.70226450794274
5,0.65,12,82.5970064474581,NA,107.347473027811,0.5,103.828311472388,0.5,108.597637504827,0.5,110.878290345843,0.5,108.172761353616,0.5,108.56307880561,0.45,110.671809717944,0.45,108.810154682766,0.4,-0.0345586992172571,-0.206480627899452,0.637393329150399,2.28065284101629,2.1087309123341,-0.424876151211507,0.247075877156149,6.84349824555554
5,0.65,13,86.6499133018207,NA,112.102122289807,0.5,108.798933893125,0.5,113.289670117088,0.5,112.913220042832,0.5,112.72692754025,0.5,114.089774745144,0.4,113.229603301501,0.5,113.493878257542,0.4,0.800104628055166,0.316383258669163,0.766950717292517,-0.376450074256397,-0.8601714436424,-0.562742576838843,-0.595896487601493,4.43066940837593
5,0.65,14,87.1771122465449,NA,115.613668459676,0.5,111.200277020622,0.5,115.283006156059,0.5,116.417748024022,0.5,115.686747632312,0.5,116.24084727116,0.45,117.171630939979,0.45,114.633912003889,0.4,0.957841115101033,0.753882915957789,-1.05283562842273,1.13474186796267,0.93078366881943,0.403741476253145,-1.60693526727061,5.97135391935703
5,0.65,15,101.382888759485,NA,124.669702978943,0.5,121.251978277407,0.5,125.399545089817,0.5,124.054634730422,0.5,125.236866166499,0.5,124.593912872928,0.4,124.137568728669,0.4,125.008446690338,0.4,-0.805632216889649,0.0829339982464603,-0.228419476160866,-1.34491035939513,-0.45634414425902,-0.162678923318481,0.414533817410302,2.88559045126144
5,0.65,16,91.8865200803499,NA,117.523556094553,0.5,112.700538737368,0.5,117.970673988618,0.5,118.082363973288,0.5,117.531098858022,0.5,117.686558452777,0.4,117.646621085714,0.4,118.075225923656,0.4,-0.284115535840826,-0.435742887573824,0.544127065634214,0.111689984670448,-0.0399373670625494,-0.439575130595543,0.388667470879497,4.94608234834634
5,0.65,17,84.5372290633,NA,112.733148029442,0.5,107.588549469604,0.5,113.293103764131,0.5,113.370676831241,0.5,113.185986664614,0.5,113.343091874852,0.45,114.102072356866,0.45,112.096934979661,0.4,0.0499881107210456,0.731395525625004,-1.0890516849535,0.0775730671099666,0.758980482013925,-0.107117099517026,-1.24615689519158,6.51352288726255
5,0.65,18,84.8958139315248,NA,109.230060620469,0.5,107.159837044593,0.5,111.061366551573,0.5,111.459655083319,0.5,110.767827934481,0.5,110.710887551897,0.45,111.498204481426,0.45,112.822400899517,0.4,-0.350478999675843,0.038549398107051,2.05457296503587,0.398288531745649,0.787316929528544,-0.293538617092608,2.11151334761911,4.33836743683315
5,0.65,19,97.1742559351311,NA,120.742282099112,0.5,117.199439151431,0.5,121.763817064803,0.5,121.637885862334,0.5,121.591041189746,0.5,123.084032853107,0.4,122.043887397808,0.4,121.674321965469,0.4,1.32021578830432,0.406001535474132,0.0832807757232104,-0.125931202469133,-1.04014545529932,-0.172775875056914,-1.40971088763803,4.84444824637698
5,0.65,20,82.9460165838294,NA,108.887351343257,0.5,106.337541758361,0.5,110.53849333121,0.5,112.987751608904,0.5,110.455557672348,0.5,110.624553975404,0.4,112.997594882557,0.45,108.599368606983,0.4,0.0860606441943332,0.00984327365294746,-1.8561890653658,2.44925827769397,2.37304090715259,-0.0829356588613308,-2.02518536842146,6.66005312419571
5,0.65,21,96.2712625666299,NA,121.48015805429,0.5,118.861432553858,0.5,124.383365534812,0.5,127.854088039156,0.5,123.406020113491,0.5,123.097533475831,0.4,126.594909787116,0.45,124.210099351928,0.4,-1.28583205898104,-1.25917825204007,0.8040792384365,3.47072250434371,3.49737631128468,-0.977345421320479,1.11256587609707,7.73347723325753
5,0.65,22,85.0065102231291,NA,111.023356879642,0.5,112.588588557442,0.5,113.534261331954,0.5,122.989536125964,0.5,112.90035318697,0.5,113.483264284197,0.45,123.124318092263,0.5,113.1421963586,0.4,-0.0509970477571784,0.134781966299471,0.24184317163045,9.45527479400953,9.64105380806618,-0.63390814498463,-0.341067925597002,10.5357295348211
5,0.65,23,96.3178272030563,NA,123.517782090849,0.5,122.982064929213,0.5,124.92630017951,0.5,130.822955648163,0.5,124.880012538888,0.5,124.471610261373,0.4,130.066166234997,0.5,125.20412071053,0.4,-0.454689918137589,-0.756789413166075,0.324108171641143,5.89665546865231,5.59455597362383,-0.0462876406219834,0.732510449156749,7.08410130578336
5,0.65,24,85.8974808255101,NA,108.897908562215,0.5,105.117053435621,0.5,110.023052324198,0.5,110.073406540111,0.5,110.090969107949,0.5,110.267553482561,0.45,110.39631705013,0.45,109.393983733822,0.4,0.244501158362141,0.32291051001954,-0.696985374127493,0.0503542159122503,0.128763567569649,0.0679167837510732,-0.873569748738561,5.27926361450893
5,0.65,25,79.9854855288145,NA,106.044943926763,0.5,102.271087389269,0.5,106.658044054258,0.5,107.699586470609,0.5,105.563655343161,0.5,106.380974139099,0.45,108.068171099688,0.45,104.820943621515,0.4,-0.277069915159132,0.36858462907891,-0.74271172164616,1.04154241635158,1.68719696058962,-1.09438871109654,-1.56003051758357,5.79708371041889
5,0.65,26,94.7031187261566,NA,121.99474000851,0.5,122.844449709866,0.499999999999999,124.101176323517,0.5,130.257016170927,0.5,124.086631071443,0.5,124.264044011539,0.4,130.818505009525,0.45,122.876285547749,0.4,0.162867688022601,0.561488838597853,-1.2103455236946,6.15583984741066,6.55446099798591,-0.0145452520734466,-1.38775846379065,7.97405529965896
5,0.65,27,86.4207547983092,NA,109.722032576658,0.5,108.354898595619,0.5,110.922884928174,0.5,112.180885525754,0.5,111.440332661329,0.5,111.935924456597,0.4,112.359863487214,0.4,111.211053367891,0.4,1.01303952842346,0.178977961460774,-0.22927929343787,1.25800059757971,0.423939030617021,0.517447733155024,-0.724871088706308,4.00496489159497
5,0.65,28,85.6244716267189,NA,110.6271380737,0.5,108.233249124385,0.5,112.033614555379,0.5,112.706988125763,0.5,110.973567388612,0.5,112.23334370391,0.45,112.15806169499,0.45,111.477142891712,0.4,0.199729148530622,-0.548926430773435,0.503575503100123,0.673373570384086,-0.0752820089199702,-1.06004716676723,-0.756200812197733,3.92481257060541
5,0.65,29,83.3192148618394,NA,111.726342847147,0.5,111.346330098219,0.499999999999999,113.437894067208,0.5,112.135477286804,0.5,112.791072209084,0.5,113.211111148651,0.45,112.655767488845,0.45,114.252810078803,0.4,-0.226782918557177,0.520290202041238,1.46173786971906,-1.30241678040467,-0.555343659806255,-0.646821858124099,1.04169893015214,1.30943739062586
5,0.65,30,81.4308172253701,NA,105.36392433305,0.5,101.340159223921,0.5,107.622765409038,0.5,108.274086590881,0.5,107.738818140448,0.5,107.489202147047,0.4,108.764802616616,0.45,107.242989824583,0.4,-0.133563261990901,0.490716025735082,-0.495828315865609,0.651321181842434,1.27560046956842,0.116052731410079,-0.246212322464629,7.42464339269492
5,0.65,31,81.6990060265867,NA,105.945255842782,0.5,100.411855524619,0.5,106.371663477261,0.5,106.341077295723,0.5,105.648293052322,0.5,106.949238095794,0.4,107.254650836606,0.4,106.436936792934,0.4,0.577574618532367,0.913573540883149,0.788643740612002,-0.0305861815380126,0.30541274081277,-0.723370424939418,-0.512301302859782,6.84279531198746
5,0.65,32,90.517698753767,NA,119.579149549918,0.5,113.780215316104,0.5,121.411983260013,0.5,122.082856158764,0.5,120.9998132346,0.5,120.759256571094,0.4,123.275654931874,0.45,120.822557087211,0.4,-0.652726688919216,1.1927987731096,-0.177256147388363,0.670872898751583,2.5163983607804,-0.412170025413346,0.0633005161175078,9.49543961577
5,0.65,33,89.8618860518338,NA,114.581559813042,0.5,112.686295007169,0.5,115.323935394301,0.5,113.536739286058,0.5,115.180455243429,0.5,114.789112899978,0.4,112.825641846742,0.45,114.933075353525,0.4,-0.534822494323109,-0.711097439316134,-0.247379889904224,-1.78719610824295,-1.96347105323598,-0.143480150871554,0.143962453547331,0.139346839572866
5,0.65,34,89.209574231922,NA,116.781123856441,0.5,114.572139118164,0.5,117.212067466121,0.5,132.64300968762,0.5,119.397028771962,0.5,119.333222372492,0.4,131.475018041207,0.55,118.538847222189,0.4,2.12115490637103,-1.16799164641392,-0.858181549773334,15.4309422214991,12.1417956687141,2.18496130584073,-0.794375150303637,16.9028789230426
5,0.65,35,93.3071384763807,NA,120.482928906117,0.5,117.824539707271,0.5,121.796109526346,0.5,139.985793507648,0.5,122.706357693733,0.5,125.85112903673,0.45,136.743712079644,0.55,122.493552779288,0.4,4.05501951038372,-3.24208142800433,-0.21280491444513,18.1896839813022,10.8925830429141,0.910248167386655,-3.35757625744219,18.919172372373
5,0.65,36,91.371284963141,NA,114.370768389197,0.5,112.181675477442,0.5,116.45452836603,0.5,115.12898096345,0.5,115.262736087983,0.5,117.011859972054,0.45,116.350047353739,0.45,115.168561119307,0.4,0.557331606023567,1.22106639028968,-0.0941749686755315,-1.32554740258064,-0.661812618314528,-1.19179227804769,-1.84329885274678,4.16837187629785
5,0.65,37,86.3430818369266,NA,111.237277810458,0.5,106.370541436792,0.5,110.200464977786,0.5,110.895261404523,0.5,111.381598816876,0.5,111.607783091253,0.45,110.676115534524,0.45,110.968724717162,0.4,1.40731811346724,-0.219145869999579,-0.412874099714131,0.694796426737511,-0.931667556729309,1.18113383909011,-0.639058374091263,4.30557409773199
5,0.65,38,87.6138549690837,NA,109.861698184567,0.5,105.505692950118,0.5,111.266847596783,0.5,110.320751012174,0.5,110.557738591388,0.5,110.955163961129,0.4,110.75680402581,0.45,110.616007352354,0.4,-0.311683635654418,0.436053013635657,0.0582687609660724,-0.946096584608824,-0.198359935318749,-0.709109005395248,-0.339156608774758,5.25111107569168
5,0.65,39,82.0831508938677,NA,105.25268100714,0.5,102.348795768416,0.5,106.136425873841,0.5,106.131230764105,0.5,104.887332309632,0.5,105.868571019702,0.45,106.316730702021,0.4,105.226348042908,0.4,-0.267854854139316,0.18549993791521,0.339015733276113,-0.00519510973587956,0.448159682318646,-1.24909356420937,-0.642222976793946,3.96793493360509
5,0.65,40,87.9576195173441,NA,111.794097071639,0.5,108.548453731592,0.5,112.730610592156,0.5,110.682758722491,0.5,112.350464650582,0.5,112.477417931356,0.45,111.406642751892,0.45,113.212362261255,0.4,-0.253192660800011,0.723884029400764,0.861897610673736,-2.04785186966467,-1.07077517946389,-0.380145941574,0.734944329899747,2.85818902030013
5,0.65,41,90.6962419671955,NA,121.592887118183,0.5,121.166290363961,0.5,122.06601763787,0.5,122.86582586085,0.5,120.933835327858,0.5,120.733433887264,0.4,122.455044070822,0.45,121.949959232338,0.4,-1.33258375060581,-0.410781790028182,1.01612390448008,0.799808222980204,1.72161018355783,-1.1321823100118,1.21652534507409,1.28875370686011
5,0.65,42,90.310036546367,NA,121.740276404449,0.5,118.934347576838,0.5,124.378207277771,0.5,124.505373596788,0.5,123.666338611841,0.5,123.621607980513,0.4,125.494456855784,0.4,123.248350540012,0.4,-0.756599297258347,0.989083258996558,-0.417988071828844,0.127166319016766,1.87284887527167,-0.711868665929998,-0.373257440500495,6.56010927894611
5,0.65,43,86.5409456762462,NA,110.715553542061,0.5,108.679652188423,0.5,111.504874767148,0.5,111.925889254536,0.5,110.751057530811,0.5,112.38380076263,0.4,112.837907477149,0.45,111.46547700272,0.4,0.878925995482618,0.912018222612858,0.714419471909068,0.421014487388746,0.454106714518986,-0.753817236336147,-0.918323759909697,4.15825528872628
5,0.65,44,88.7609012023387,NA,110.413157515762,0.5,106.299238621171,0.5,112.488041866683,0.5,124.852870890127,0.5,111.540649508612,0.5,112.242087705136,0.4,124.631418547477,0.5,113.535668717679,0.4,-0.245954161546308,-0.221452342649769,1.99501920906667,12.3648290234443,12.3893308423408,-0.947392358070417,1.29358101254256,18.3321799263066
5,0.65,45,92.6966282333902,NA,115.119078966217,0.5,110.815695015985,0.5,117.175056928767,0.5,157.701841068123,0.5,115.258733445152,0.5,118.072577886702,0.4,144.837667317731,0.6,116.573980649152,0.4,0.897520957935427,-12.8641737503917,1.3152472039999,40.5267841393562,26.7650894310291,-1.91632348361441,-1.49859723754993,34.0219723017468
5,0.65,46,87.6340263913019,NA,113.534178691269,0.5,110.696703258129,0.5,115.519194869967,0.5,115.586877165881,0.5,114.984985392743,0.5,114.946114696031,0.4,115.539044171975,0.45,115.032281429949,0.4,-0.57308017393612,-0.0478329939051463,0.047296037206678,0.0676822959130305,0.592929475944004,-0.534209477224863,0.0861667339179348,4.84234091384626
5,0.65,47,83.272723764582,NA,110.253875903415,0.5,108.23834569212,0.5,111.333558289331,0.5,112.089897068154,0.5,110.549812835178,0.5,111.869325031306,0.45,111.034267762587,0.45,109.831785083447,0.4,0.535766741974143,-1.05562930556769,-0.718027751731483,0.75633877882278,-0.835057268719055,-0.783745454153348,-2.03753994785897,2.79592207046672
5,0.65,48,88.7112322091673,NA,114.626283692715,0.5,110.887576286183,0.5,114.982204138566,0.5,117.366441940972,0.5,114.209960454276,0.5,116.385278062082,0.4,117.086621557982,0.4,114.831096622064,0.4,1.40307392351609,-0.279820382989911,0.621136167787867,2.38423780240566,0.701343495899664,-0.772243684289919,-1.55418144001814,6.19904527179958
5,0.65,49,87.854710843896,NA,113.440824774172,0.5,110.040369405241,0.5,116.483713272571,0.5,116.921874049449,0.5,114.958153114011,0.5,117.295614431399,0.4,117.360281420107,0.45,116.140761943095,0.4,0.81190115882788,0.438407370658553,1.18260882908389,0.438160776877737,0.0646669887084101,-1.52556015856017,-1.15485248830416,7.31991201486598
5,0.65,50,83.439707258478,NA,105.895386380614,0.5,100.906112820307,0.5,107.201752112116,0.5,107.824457250149,0.5,107.325097064944,0.5,107.340482097222,0.45,108.008108804357,0.45,106.872951767433,0.4,0.138729985105485,0.183651554208438,-0.45214529751064,0.622705138032899,0.667626707135852,0.12334495282802,-0.467530329788104,7.10199598405016
20,0.65,1,86.0967566032317,NA,112.397569005964,0.5,109.476478950171,0.5,113.395253162533,0.5,112.958003119728,0.5,112.768919078564,0.5,113.160672594792,0.45,112.083383736672,0.45,112.748993325018,0.4,-0.234580567740124,-0.874619383056071,-0.0199257535455359,-0.43725004280418,-1.07728885812013,-0.626334083968956,-0.411679269774368,2.60690478650082
20,0.65,2,92.0842750283556,NA,119.046262863673,0.5,116.533676013565,0.5,119.169107709852,0.5,119.515529178569,0.5,119.977678108821,0.5,120.283767044704,0.4,119.957981656825,0.45,120.370322641857,0.4,1.11465933485216,0.442452478255476,0.392644533035735,0.346421468717324,-0.325785387879364,0.808570398968868,0.0865555971524401,3.42430564325926
20,0.65,3,83.6496157747652,NA,105.956613823367,0.5,99.4050400254075,0.5,107.03977769275,0.5,106.515658342687,0.5,106.015175310275,0.5,107.247713030777,0.45,106.978863140104,0.45,105.825572489177,0.4,0.207935338027156,0.46320479741685,-0.189602821098276,-0.524119350062278,-0.268849890672584,-1.02460238247468,-1.42214054160011,7.57382311469669
20,0.65,4,95.1377670437846,NA,123.472852162874,0.5,123.488200928101,0.5,123.031893447781,0.5,123.696606995016,0.5,124.080792155421,0.5,122.963978760185,0.45,123.158742127846,0.45,123.999571877185,0.4,-0.0679146875959162,-0.537864867169446,-0.0812202782361311,0.664713547234697,0.194763367661167,1.04889870764002,1.03559311699981,-0.32945880025423
20,0.65,5,91.4518953490771,NA,115.195043215202,0.5,112.979611047782,0.5,116.956034743936,0.5,116.750867788721,0.5,117.337983362866,0.5,117.060110799701,0.4,118.104126803717,0.4,115.457746669103,0.4,0.104076055765134,1.35325901499687,-1.88023669376327,-0.205166955215603,1.04401600401613,0.381948618929627,-1.60236413059877,5.12451575593539
20,0.65,6,100.206133271932,NA,129.106378492184,0.5,129.468329354461,0.5,131.660458414383,0.5,129.947286155986,0.5,130.152117503517,0.5,130.151807183984,0.4,130.721471744615,0.4,130.085858125023,0.4,-1.50865123039858,0.774185588628825,-0.0662593784936405,-1.7131722583967,0.569664560630713,-1.5083409108662,-0.0659490589612517,1.25314239015393
20,0.65,7,87.8233852876827,NA,117.561828570627,0.5,116.292364116114,0.5,120.378163129337,0.5,120.265247609458,0.5,119.511334234764,0.5,120.316778693066,0.45,120.712515159859,0.45,120.593973241193,0.4,-0.0613844362709131,0.447267550400753,1.08263900642946,-0.112915519879181,0.395736466792485,-0.866828894573587,0.277194548126786,4.42015104374498
20,0.65,8,84.6624862572035,NA,111.071532408612,0.5,109.388082876288,0.5,111.422817278505,0.5,111.526147149263,0.5,110.223237267567,0.5,111.17278680154,0.45,111.316169641869,0.45,111.018441139807,0.4,-0.250030476965364,-0.209977507394711,0.795203872240322,0.103329870758387,0.143382840329039,-1.19958001093848,-0.154345661732791,1.92808676558084
20,0.65,9,85.7260541669818,NA,114.147347379072,0.5,110.770169068553,0.5,117.447014577043,0.5,118.005483405906,0.5,115.609668634029,0.5,117.727817402074,0.4,116.410127913318,0.45,117.662308618552,0.4,0.280802825030833,-1.5953554925885,2.05263998452257,0.558468828863582,-1.31768948875575,-1.83734594301383,-0.0655087835220911,5.63995884476454
20,0.65,10,77.0057765536469,NA,102.149150732468,0.5,98.6569098890055,0.5,102.516389611957,0.5,102.183425404905,0.5,102.335553037484,0.5,102.107086574106,0.45,102.435400601463,0.45,102.935027078566,0.4,-0.409303037851245,0.251975196557993,0.599474041082161,-0.332964207052314,0.328314027356924,-0.180836574473417,0.827940504459988,3.7784907124574
20,0.65,11,75.0088022688905,NA,99.0292003520987,0.5,93.4835476921433,0.5,98.7217328186821,0.5,98.4886762529722,0.5,98.2675128338042,0.5,98.5555444926074,0.45,98.2900143660028,0.45,98.2823437038948,0.4,-0.166188326074661,-0.198661886969433,0.0148308700906057,-0.233056565709859,-0.265530126604631,-0.454219984877895,-0.273200788712629,4.80646667385948
20,0.65,12,82.5970064474581,NA,107.347473027811,0.5,103.828311472388,0.5,108.597637504827,0.5,110.086941457509,0.5,108.172761353616,0.5,108.56307880561,0.45,108.885216337396,0.45,108.810154682766,0.4,-0.0345586992172571,-1.20172512011354,0.637393329150399,1.48930395268198,0.3221375317857,-0.424876151211507,0.247075877156149,5.05690486500714
20,0.65,13,86.6499133018207,NA,112.102122289807,0.5,108.798933893125,0.5,113.289670117088,0.5,113.823185003129,0.5,112.72692754025,0.5,114.089774745144,0.4,113.629375892936,0.45,113.493878257542,0.4,0.800104628055166,-0.193809110192774,0.766950717292517,0.533514886040436,-0.460398852207504,-0.562742576838843,-0.595896487601493,4.83044199981083
20,0.65,14,87.1771122465449,NA,115.613668459676,0.5,111.200277020622,0.5,115.283006156059,0.5,114.271885212152,0.5,115.686747632312,0.5,116.24084727116,0.45,116.745979183079,0.45,114.633912003889,0.4,0.957841115101033,2.47409397092687,-1.05283562842273,-1.01112094390719,0.505131911918653,0.403741476253145,-1.60693526727061,5.54570216245625
20,0.65,15,101.382888759485,NA,124.669702978943,0.5,121.251978277407,0.5,125.399545089817,0.5,124.12207573126,0.5,125.236866166499,0.5,124.593912872928,0.4,124.173547603634,0.4,125.008446690338,0.4,-0.805632216889649,0.0514718723736252,-0.228419476160866,-1.27746935855723,-0.420365269293953,-0.162678923318481,0.414533817410302,2.9215693262265
20,0.65,16,91.8865200803499,NA,117.523556094553,0.5,112.700538737368,0.5,117.970673988618,0.5,118.140787817293,0.5,117.531098858022,0.5,117.686558452777,0.4,118.655706187631,0.4,118.075225923656,0.4,-0.284115535840826,0.514918370338265,0.544127065634214,0.170113828674914,0.969147734854005,-0.439575130595543,0.388667470879497,5.95516745026289
20,0.65,17,84.5372290633,NA,112.733148029442,0.5,107.588549469604,0.5,113.293103764131,0.5,113.212044574294,0.5,113.185986664614,0.5,113.343091874852,0.45,114.045799335357,0.45,112.096934979661,0.4,0.0499881107210456,0.83375476106346,-1.0890516849535,-0.0810591898375321,0.702707460504882,-0.107117099517026,-1.24615689519158,6.45724986575351
20,0.65,18,84.8958139315248,NA,109.230060620469,0.5,107.159837044593,0.5,111.061366551573,0.5,110.56147928603,0.5,110.767827934481,0.5,110.710887551897,0.45,110.894886960924,0.45,112.822400899517,0.4,-0.350478999675843,0.333407674894943,2.05457296503587,-0.499887265543805,0.183999409026981,-0.293538617092608,2.11151334761911,3.73504991633159
20,0.65,19,97.1742559351311,NA,120.742282099112,0.5,117.199439151431,0.5,121.763817064803,0.5,121.686804378238,0.5,121.591041189746,0.5,123.084032853107,0.4,122.105471966674,0.4,121.674321965469,0.4,1.32021578830432,0.418667588435454,0.0832807757232104,-0.0770126865646148,-0.978560886433485,-0.172775875056914,-1.40971088763803,4.90603281524282
20,0.65,20,82.9460165838294,NA,108.887351343257,0.5,106.337541758361,0.5,110.53849333121,0.5,111.724928463772,0.5,110.455557672348,0.5,110.624553975404,0.4,111.862508524245,0.4,108.599368606983,0.4,0.0860606441943332,0.1375800604728,-1.8561890653658,1.18643513256272,1.23795454884119,-0.0829356588613308,-2.02518536842146,5.52496676588432
20,0.65,21,96.2712625666299,NA,121.48015805429,0.5,118.861432553858,0.5,124.383365534812,0.5,125.316327555188,0.5,123.406020113491,0.5,123.097533475831,0.4,124.15954587809,0.4,124.210099351928,0.4,-1.28583205898104,-1.15678167709794,0.8040792384365,0.93296202037584,1.06201240225894,-0.977345421320479,1.11256587609707,5.29811332423179
20,0.65,22,85.0065102231291,NA,111.023356879642,0.5,112.588588557442,0.5,113.534261331954,0.5,114.443679725166,0.5,112.90035318697,0.5,113.483264284197,0.45,114.391706857677,0.45,113.1421963586,0.4,-0.0509970477571784,-0.0519728674887006,0.24184317163045,0.909418393211325,0.908442573479803,-0.63390814498463,-0.341067925597002,1.80311830023469
20,0.65,23,96.3178272030563,NA,123.517782090849,0.5,122.982064929213,0.5,124.92630017951,0.5,125.686013793182,0.5,124.880012538888,0.5,124.471610261373,0.4,126.034476635457,0.4,125.20412071053,0.4,-0.454689918137589,0.348462842275026,0.324108171641143,0.759713613671778,1.56286637408439,-0.0462876406219834,0.732510449156749,3.05241170624393
20,0.65,24,85.8974808255101,NA,108.897908562215,0.5,105.117053435621,0.5,110.023052324198,0.5,109.832360456785,0.5,110.090969107949,0.5,110.267553482561,0.45,110.283842135079,0.45,109.393983733822,0.4,0.244501158362141,0.451481678293774,-0.696985374127493,-0.19069186741352,0.0162886525181136,0.0679167837510732,-0.873569748738561,5.1667886994574
20,0.65,25,79.9854855288145,NA,106.044943926763,0.5,102.271087389269,0.5,106.658044054258,0.5,106.08585437303,0.5,105.563655343161,0.5,106.380974139099,0.45,105.96039529764,0.45,104.820943621515,0.4,-0.277069915159132,-0.125459075389813,-0.74271172164616,-0.572189681227869,-0.42057884145855,-1.09438871109654,-1.56003051758357,3.68930790837072
20,0.65,26,94.7031187261566,NA,121.99474000851,0.5,122.844449709866,0.499999999999999,124.101176323517,0.5,124.559505210645,0.5,124.086631071443,0.5,124.264044011539,0.4,124.375653742842,0.4,122.876285547749,0.4,0.162867688022601,-0.183851467803336,-1.2103455236946,0.458328887128857,0.11160973130292,-0.0145452520734466,-1.38775846379065,1.53120403297596
20,0.65,27,86.4207547983092,NA,109.722032576658,0.5,108.354898595619,0.5,110.922884928174,0.5,111.688634350611,0.5,111.440332661329,0.5,111.935924456597,0.4,112.18083461298,0.4,111.211053367891,0.4,1.01303952842346,0.49220026236982,-0.22927929343787,0.76574942243677,0.244910156383128,0.517447733155024,-0.724871088706308,3.82593601736107
20,0.65,28,85.6244716267189,NA,110.6271380737,0.5,108.233249124385,0.5,112.033614555379,0.5,112.393926816758,0.5,110.973567388612,0.5,112.23334370391,0.45,111.905002099985,0.45,111.477142891712,0.4,0.199729148530622,-0.488924716773141,0.503575503100123,0.360312261378795,-0.328341603924969,-1.06004716676723,-0.756200812197733,3.67175297560041
20,0.65,29,83.3192148618394,NA,111.726342847147,0.5,111.346330098219,0.499999999999999,113.437894067208,0.5,111.732149134899,0.5,112.791072209084,0.5,113.211111148651,0.45,113.030034202762,0.45,114.252810078803,0.4,-0.226782918557177,1.29788506786296,1.46173786971906,-1.70574493230933,-0.181076945889188,-0.646821858124099,1.04169893015214,1.68370410454293
20,0.65,30,81.4308172253701,NA,105.36392433305,0.5,101.340159223921,0.5,107.622765409038,0.5,107.938534145275,0.5,107.738818140448,0.5,107.489202147047,0.4,108.037367802273,0.4,107.242989824583,0.4,-0.133563261990901,0.0988336569984654,-0.495828315865609,0.315768736236663,0.548165655226029,0.116052731410079,-0.246212322464629,6.69720857835253
20,0.65,31,81.6990060265867,NA,105.945255842782,0.5,100.411855524619,0.5,106.371663477261,0.5,106.221106696433,0.5,105.648293052322,0.5,106.949238095794,0.4,106.76634193675,0.45,106.436936792934,0.4,0.577574618532367,0.545235240317268,0.788643740612002,-0.150556780828197,-0.182896159043295,-0.723370424939418,-0.512301302859782,6.35448641213139
20,0.65,32,90.517698753767,NA,119.579149549918,0.5,113.780215316104,0.5,121.411983260013,0.5,120.589779478768,0.5,120.9998132346,0.5,120.759256571094,0.4,121.707428474194,0.45,120.822557087211,0.4,-0.652726688919216,1.11764899542602,-0.177256147388363,-0.822203781244923,0.948171903100317,-0.412170025413346,0.0633005161175078,7.92721315808991
20,0.65,33,89.8618860518338,NA,114.581559813042,0.5,112.686295007169,0.5,115.323935394301,0.5,114.792324013745,0.5,115.180455243429,0.5,114.789112899978,0.4,114.578602796033,0.4,114.933075353525,0.4,-0.534822494323109,-0.213721217712532,-0.247379889904224,-0.531611380555759,-0.210510103945182,-0.143480150871554,0.143962453547331,1.89230778886366
20,0.65,34,89.209574231922,NA,116.781123856441,0.5,114.572139118164,0.5,117.212067466121,0.5,121.114638363121,0.5,119.397028771962,0.5,119.333222372492,0.4,118.655004556393,0.4,118.538847222189,0.4,2.12115490637103,-2.45963380672825,-0.858181549773334,3.90257089699949,-0.678217816099789,2.18496130584073,-0.794375150303637,4.08286543822875
20,0.65,35,93.3071384763807,NA,120.482928906117,0.5,117.824539707271,0.5,121.796109526346,0.5,128.666150602561,0.5,122.706357693733,0.5,125.85112903673,0.45,126.877556892941,0.45,122.493552779288,0.4,4.05501951038372,-1.7885937096209,-0.21280491444513,6.87004107621517,1.02642785621056,0.910248167386655,-3.35757625744219,9.05301718566945
20,0.65,36,91.371284963141,NA,114.370768389197,0.5,112.181675477442,0.5,116.45452836603,0.5,115.519741628166,0.5,115.262736087983,0.5,117.011859972054,0.45,116.720531890008,0.45,115.168561119307,0.4,0.557331606023567,1.20079026184229,-0.0941749686755315,-0.93478673786467,-0.29132808204595,-1.19179227804769,-1.84329885274678,4.53885641256643
20,0.65,37,86.3430818369266,NA,111.237277810458,0.5,106.370541436792,0.5,110.200464977786,0.5,108.429613857436,0.5,111.381598816876,0.5,111.607783091253,0.45,110.102467688383,0.45,110.968724717162,0.4,1.40731811346724,1.67285383094662,-0.412874099714131,-1.77085112034923,-1.50531540286985,1.18113383909011,-0.639058374091263,3.73192625159145
20,0.65,38,87.6138549690837,NA,109.861698184567,0.5,105.505692950118,0.5,111.266847596783,0.5,111.048624196031,0.5,110.557738591388,0.5,110.955163961129,0.4,111.17142455777,0.4,110.616007352354,0.4,-0.311683635654418,0.122800361738541,0.0582687609660724,-0.218223400751612,0.216260596641348,-0.709109005395248,-0.339156608774758,5.66573160765178
20,0.65,39,82.0831508938677,NA,105.25268100714,0.5,102.348795768416,0.5,106.136425873841,0.5,106.234383076408,0.5,104.887332309632,0.5,105.868571019702,0.45,105.899674292089,0.45,105.226348042908,0.4,-0.267854854139316,-0.33470878431919,0.339015733276113,0.0979572025667181,0.0311032723868436,-1.24909356420937,-0.642222976793946,3.55087852367329
20,0.65,40,87.9576195173441,NA,111.794097071639,0.5,108.548453731592,0.5,112.730610592156,0.5,111.293676521298,0.5,112.350464650582,0.5,112.477417931356,0.45,110.694758075821,0.5,113.212362261255,0.4,-0.253192660800011,-0.598918445476926,0.861897610673736,-1.43693407085803,-1.78265985553494,-0.380145941574,0.734944329899747,2.14630434422908
20,0.65,41,90.6962419671955,NA,121.592887118183,0.5,121.166290363961,0.5,122.06601763787,0.5,121.053423515456,0.5,120.933835327858,0.5,120.733433887264,0.4,122.625611201729,0.4,121.949959232338,0.4,-1.33258375060581,1.5721876862726,1.01612390448008,-1.01259412241336,1.89217731446504,-1.1321823100118,1.21652534507409,1.45932083776732
20,0.65,42,90.310036546367,NA,121.740276404449,0.5,118.934347576838,0.5,124.378207277771,0.5,122.704093903301,0.5,123.666338611841,0.5,123.621607980513,0.4,124.918295200057,0.4,123.248350540012,0.4,-0.756599297258347,2.21420129675602,-0.417988071828844,-1.67411337446951,1.29668721954485,-0.711868665929998,-0.373257440500495,5.98394762321929
20,0.65,43,86.5409456762462,NA,110.715553542061,0.5,108.679652188423,0.5,111.504874767148,0.5,111.272386805143,0.5,110.751057530811,0.5,112.38380076263,0.4,112.254423880563,0.4,111.46547700272,0.4,0.878925995482618,0.982037075419669,0.714419471909068,-0.232487962004441,-0.12937688206739,-0.753817236336147,-0.918323759909697,3.5747716921399
20,0.65,44,88.7609012023387,NA,110.413157515762,0.5,106.299238621171,0.5,112.488041866683,0.5,112.008780913426,0.5,111.540649508612,0.5,112.242087705136,0.4,112.925753664997,0.4,113.535668717679,0.4,-0.245954161546308,0.916972751571549,1.99501920906667,-0.479260953256912,0.683665959860946,-0.947392358070417,1.29358101254256,6.62651504382674
20,0.65,45,92.6966282333902,NA,115.119078966217,0.5,110.815695015985,0.5,117.175056928767,0.5,154.599148348758,0.5,115.258733445152,0.5,118.072577886702,0.4,141.465852584745,0.55,116.573980649152,0.4,0.897520957935427,-13.1332957640127,1.3152472039999,37.4240914199911,23.393274698043,-1.91632348361441,-1.49859723754993,30.6501575687607
20,0.65,46,87.6340263913019,NA,113.534178691269,0.5,110.696703258129,0.5,115.519194869967,0.5,114.828776928944,0.5,114.984985392743,0.5,114.946114696031,0.4,114.931120861148,0.4,115.032281429949,0.4,-0.57308017393612,0.102343932203894,0.047296037206678,-0.690417941023739,-0.0149938348837253,-0.534209477224863,0.0861667339179348,4.23441760301853
20,0.65,47,83.272723764582,NA,110.253875903415,0.5,108.23834569212,0.5,111.333558289331,0.5,111.592686300896,0.5,110.549812835178,0.5,111.869325031306,0.45,111.395548469091,0.45,109.831785083447,0.4,0.535766741974143,-0.197137831804625,-0.718027751731483,0.259128011564599,-0.473776562214169,-0.783745454153348,-2.03753994785897,3.1572027769716
20,0.65,48,88.7112322091673,NA,114.626283692715,0.5,110.887576286183,0.5,114.982204138566,0.5,114.853049562085,0.5,114.209960454276,0.5,116.385278062082,0.4,115.749623000824,0.4,114.831096622064,0.4,1.40307392351609,0.896573438738713,0.621136167787867,-0.129154576481142,-0.635655061258518,-0.772243684289919,-1.55418144001814,4.86204671464139
20,0.65,49,87.854710843896,NA,113.440824774172,0.5,110.040369405241,0.5,116.483713272571,0.5,116.917587020082,0.5,114.958153114011,0.5,117.295614431399,0.4,116.391283189024,0.4,116.140761943095,0.4,0.81190115882788,-0.526303831057703,1.18260882908389,0.433873747510717,-0.904331242374866,-1.52556015856017,-1.15485248830416,6.3509137837827
20,0.65,50,83.439707258478,NA,105.895386380614,0.5,100.906112820307,0.5,107.201752112116,0.5,107.453404385936,0.5,107.325097064944,0.5,107.340482097222,0.45,107.84357353456,0.45,106.872951767433,0.4,0.138729985105485,0.390169148624025,-0.45214529751064,0.251652273819445,0.503091437337986,0.12334495282802,-0.467530329788104,6.9374607142523
0.1,0.95,1,88.2658210382565,NA,116.349439557045,0.5,113.21063126312,0.5,117.343476834685,0.5,123.89729232744,0.5,116.729007743905,0.5,117.051364283413,0.4,124.03771249952,0.4,116.816296144546,0.4,-0.29211255127143,0.1404201720797,0.0872884006407446,6.55381549275509,6.98634821610622,-0.61446909077992,-0.235068138867746,10.8270812363999
0.1,0.95,2,94.5268856764112,NA,123.221118322794,0.5,120.456649214762,0.5,123.303676681555,0.5,132.12006706647,0.5,124.114458905212,0.5,124.617324445112,0.4,132.451829066143,0.4,124.679960941072,0.4,1.31364776355694,0.331761999672835,0.565502035860277,8.81639038491554,7.83450462103143,0.810782223656815,0.0626364959601489,11.995179851381
0.1,0.95,3,86.3541578252522,NA,110.385766253294,0.5,103.440636378222,0.5,111.522738005137,0.5,115.135382055081,0.5,110.468431384328,0.5,111.722103010602,0.4,115.229144161396,0.4,110.439411699737,0.4,0.199365005464628,0.093762106314955,-0.0290196845911765,3.61264404994397,3.50704115079429,-1.05430662080931,-1.28269131086512,11.7885077831748
0.1,0.95,4,97.6225801297228,NA,127.643568823336,0.5,127.415787971591,0.5,127.261518024503,0.5,141.660151612008,0.5,128.263099295301,0.5,127.21729026267,0.45,141.361628613541,0.45,128.365744379053,0.4,-0.0442277618329712,-0.298522998466836,0.102645083751725,14.3986335875042,14.1443383508704,1.00158127079797,1.14845411638267,13.9458406419496
0.1,0.95,5,94.4480096336584,NA,119.850662265954,0.5,117.465779305915,0.5,121.669228788819,0.5,127.816106459358,0.5,122.043962135045,0.5,121.948454871278,0.4,128.117792751359,0.4,120.298254370202,0.4,0.279226082458706,0.301686292001136,-1.74570776484245,6.14687767053881,6.16933788008124,0.37473334622571,-1.65020050107545,10.652013445444
0.1,0.95,6,102.723047841373,NA,133.339022316023,0.5,133.574125247879,0.5,135.843418224199,0.5,143.759465005453,0.5,134.352357851712,0.5,134.561472842552,0.4,143.813020998395,0.45,134.488281319567,0.4,-1.28194538164644,0.0535559929419094,0.135923467855065,7.91604678125412,9.25154815584247,-1.49106037248649,-0.0731915229849847,10.238895750516
0.1,0.95,7,89.7624138017381,NA,121.181126508513,0.5,119.639581403429,0.5,123.950454592336,0.5,139.160842986567,0.5,123.055221228422,0.5,124.297152034613,0.4,138.620627282413,0.55,124.280600779249,0.4,0.346697442276621,-0.540215704154434,1.22537955082713,15.2103883942315,14.3234752478005,-0.895233363913718,-0.0165512553632112,18.9810458789843
0.1,0.95,8,87.0618666114523,NA,115.156656761188,0.5,113.292022956131,0.5,115.561598611136,0.5,124.111758839719,0.5,114.295558277929,0.5,115.502293414875,0.4,124.134345655083,0.4,115.316277578071,0.4,-0.0593051962604676,0.0225868153634821,1.02071930014171,8.55016022858366,8.63205224020761,-1.26604033320682,-0.186015836804643,10.8423226989522
0.1,0.95,9,88.22919247162,NA,118.237861279937,0.5,114.653962633897,0.5,121.611349658651,0.5,133.2305435995,0.5,119.74568716337,0.5,122.033515546517,0.4,133.145873933128,0.45,121.941762887061,0.4,0.422165887866299,-0.0846696663722355,2.19607572369179,11.6191939408495,11.112358386611,-1.86566249528133,-0.0917526594558353,18.4919112992308
0.1,0.95,10,78.9956328503657,NA,105.946055304439,0.5,102.225996766239,0.5,106.301954621698,0.5,109.766987610993,0.5,106.113974026363,0.5,106.518214436131,0.4,109.715476442941,0.35,106.8728885542,0.4,0.216259814433442,-0.0515111680521159,0.758914527837192,3.46503298929522,3.19726200680967,-0.187980595334864,0.354674118068885,7.48947967670195
0.1,0.95,11,76.9549860992773,NA,102.796897740098,0.5,96.9784685619745,0.5,102.498275695527,0.5,105.650793917685,0.5,102.010490620512,0.5,102.423674647265,0.4,106.324836844094,0.4,102.195427419331,0.4,-0.0746010482614707,0.674042926408831,0.184936798819365,3.15251822215859,3.90116219682889,-0.487785075014628,-0.228247227933792,9.34636828211961
0.1,0.95,12,84.9102197909444,NA,111.40802988419,0.5,107.634950598479,0.5,112.688363496858,0.5,118.237054270234,0.5,112.252446113787,0.5,113.005401724439,0.4,118.429217029751,0.4,113.04968595393,0.4,0.31703822758098,0.192162759516918,0.797239840142794,5.54869077337628,5.42381530531222,-0.435917383071214,0.0442842294906001,10.7942664312719
0.1,0.95,13,89.2794454552676,NA,116.452722137761,0.5,112.935587195353,0.5,117.691758759227,0.5,122.714616354831,0.5,117.12982859798,0.5,118.648133244363,0.4,123.026306632081,0.4,117.8190745489,0.4,0.956374485136422,0.311690277250605,0.6892459509193,5.02285759560388,4.37817338771806,-0.561930161246238,-0.82905869546336,10.0907194367279
0.1,0.95,14,89.1409595868278,NA,119.355405959557,0.5,114.756419732996,0.5,118.978206123988,0.5,126.360386853927,0.5,119.399588439668,0.5,119.971673453589,0.4,126.80213978078,0.45,118.642491483605,0.4,0.993467329600847,0.441752926853923,-0.75709695606254,7.38218072993854,6.83046632719162,0.421382315679708,-1.32918196998368,12.0457200477849
0.1,0.95,15,104.61586902368,NA,129.607905890103,0.5,125.950597645227,0.5,130.366272604379,0.5,137.583411035486,0.5,130.130799688537,0.5,129.463378091313,0.35,137.964273348051,0.45,130.14368078784,0.4,-0.902894513066656,0.380862312565682,0.0128810993030584,7.21713843110638,8.50089525673872,-0.235472915842649,0.680302696527065,12.0136757028242
0.1,0.95,16,94.462526557865,NA,121.846111173959,0.5,116.820574673036,0.5,122.285369567282,0.5,129.507509918292,0.5,121.867912957347,0.5,121.779085790817,0.35,129.648355518021,0.4,122.581824631721,0.4,-0.506283776465125,0.140845599728635,0.713911674373946,7.22214035101001,7.86926972720377,-0.417456609934817,0.802738840904254,12.8277808449851
0.1,0.95,17,86.5999834273785,NA,116.549515355835,0.5,111.127352544105,0.5,117.114228809673,0.5,123.544535246868,0.5,116.990300336925,0.5,117.286934236894,0.4,123.828381539957,0.4,116.031208604895,0.4,0.172705427221061,0.283846293088757,-0.959091732029236,6.43030643719473,6.54144730306243,-0.123928472748446,-1.25572563199874,12.7010289958513
0.1,0.95,18,87.4765686560624,NA,113.504417507434,0.5,111.18741013571,0.5,115.410095568155,0.5,123.835851763314,0.5,115.086465715645,0.5,115.152667341219,0.45,123.825188811876,0.45,117.237553986678,0.4,-0.25742822693536,-0.0106629514386043,2.15108827103299,8.42575619515968,8.67252147065643,-0.323629852509953,2.0848866454584,12.6377786761659
0.1,0.95,19,100.347042498307,NA,125.666191187423,0.5,121.996591062746,0.5,126.658954923341,0.5,129.736793036651,0.5,126.554148816084,0.5,128.256693174687,0.4,130.186310332705,0.4,126.808986894656,0.4,1.59773825134585,0.449517296054069,0.254838078571908,3.07783811331024,1.92961715801846,-0.104806107256721,-1.44770628003066,8.18971926995886
0.1,0.95,20,85.2987540481774,NA,112.930760632412,0.5,110.191961930668,0.5,114.615089800523,0.5,124.37391518262,0.5,114.521345746742,0.5,114.833112923663,0.4,124.395553432004,0.45,112.737152653912,0.4,0.218023123139645,0.0216382493842673,-1.78419309283019,9.75882538209675,9.56244050834137,-0.093744053781009,-2.09596026975085,14.2035915013362
0.1,0.95,21,99.2859732921194,NA,126.151584231082,0.5,123.35910864599,0.5,129.117818401903,0.5,137.048094389751,0.5,128.085437724234,0.5,127.990648055107,0.4,137.048160054017,0.45,129.039458073336,0.4,-1.12717034679648,6.56642655485484e-05,0.95402034910137,7.93027598784778,9.0575119989098,-1.03238067766893,1.04881001822892,13.6890514080263
0.1,0.95,22,87.3840832131402,NA,115.108171489517,0.5,116.438605000966,0.5,117.597161700719,0.5,131.958674743253,0.5,116.948165893575,0.5,117.67303971843,0.4,131.738225301791,0.5,117.325480290417,0.4,0.0758780177108349,-0.220449441461625,0.377314396841967,14.3615130425338,14.0651855833613,-0.648995807144203,-0.347559428013071,15.2996203008252
0.1,0.95,23,98.8317721155403,NA,127.757642048282,0.5,127.008020505697,0.5,129.180956363641,0.5,138.842157566161,0.5,129.136310072971,0.5,128.908833105067,0.4,139.04370640114,0.45,129.654755277022,0.4,-0.272123258574055,0.201548834978297,0.518445204050664,9.66120120252077,10.1348732960731,-0.0446462906695615,0.745922171955158,12.0356858954428
0.1,0.95,24,88.880548381235,NA,113.61121112859,0.5,109.652904334569,0.5,114.779257084501,0.5,118.463669183494,0.5,114.837763018611,0.5,115.556557279243,0.4,118.868021940016,0.4,114.322342784066,0.4,0.777300194741571,0.40435275652267,-0.51542023454455,3.68441209899237,3.31146466077347,0.058505934109462,-1.23421449517666,9.21511760544674
0.1,0.95,25,81.9611235729405,NA,109.802066036795,0.5,105.706290788438,0.5,110.383474311771,0.5,120.089785791986,0.5,109.301073684106,0.5,109.225861871732,0.4,119.881923285937,0.4,108.660291495795,0.4,-1.15761244003923,-0.20786250604877,-0.640782188311348,9.70631148021504,10.6560614142055,-1.08240062766509,-0.565570375937213,14.1756324974991
0.1,0.95,26,97.1502603802456,NA,126.168571254999,0.5,126.778607829356,0.499999999999999,128.279566821872,0.5,143.121268004461,0.5,128.195064397154,0.5,128.001289451943,0.4,142.986043484804,0.5,127.371053281099,0.4,-0.278277369929071,-0.135224519656333,-0.824011116054706,14.8417011825891,14.9847540328618,-0.0845024247177548,-0.630236170843389,16.2074356554489
0.1,0.95,27,89.2059829941464,NA,114.181495374764,0.5,112.663076846691,0.5,115.421748974088,0.5,124.414014270228,0.5,115.921895741061,0.5,116.629677004244,0.4,124.658475180743,0.4,115.867208803708,0.4,1.20792803015524,0.244460910514732,-0.0546869373523151,8.99226529613989,8.02879817649938,0.500146766972293,-0.762468200535267,11.9953983340517
0.1,0.95,28,88.1861546490005,NA,114.918572961557,0.5,112.337434052879,0.5,116.384374140792,0.5,121.176422711855,0.5,115.309375838138,0.5,116.43073390547,0.4,121.755680933187,0.4,115.992874168765,0.4,0.0463597646780869,0.579258221332069,0.683498330626804,4.79204857106272,5.3249470277167,-1.07499830265445,-0.437859736705732,9.41824688030827
0.1,0.95,29,85.229692233658,NA,115.389068783653,0.5,114.766362849392,0.499999999999999,117.04058130091,0.5,127.163488505712,0.5,116.378260855777,0.5,116.21888468519,0.4,127.362837355553,0.45,117.984054693464,0.4,-0.82169661571983,0.199348849840788,1.60579383768714,10.1229072048019,11.1439526703626,-0.66232044513329,1.76517000827369,12.5964745061605
0.1,0.95,30,84.077440863156,NA,109.711878836847,0.5,105.419451383185,0.5,112.064659589008,0.5,115.817466608267,0.5,112.153800185776,0.5,112.106055467799,0.4,116.278700664464,0.4,111.817939287978,0.4,0.041395878791306,0.461234056196332,-0.335860897797915,3.7528070192598,4.17264519666483,0.0891405967687859,-0.288116179820435,10.859249281279
0.1,0.95,31,84.0095898708584,NA,110.048727054828,0.5,104.126664636933,0.5,110.454478135348,0.5,114.260648112045,0.5,109.752206893966,0.5,111.251887084202,0.4,114.660067990247,0.4,110.706174404485,0.4,0.797408948854368,0.399419878201414,0.95396751051905,3.8061699766978,3.40818090604485,-0.702271241381737,-0.545712679717056,10.5334033533141
0.1,0.95,32,92.8649955215508,NA,123.663233517405,0.5,117.661935027348,0.5,125.529325400898,0.5,131.958629127087,0.5,125.072465886955,0.5,125.04047031185,0.4,131.806427208221,0.45,125.112755840358,0.4,-0.488855089047902,-0.152201918865387,0.0402899534029757,6.42930372618838,6.7659568963709,-0.456859513943243,0.0722855285076349,14.1444921808737
0.1,0.95,33,92.4529531854884,NA,118.94905359293,0.5,116.862449986229,0.5,119.69177399595,0.5,124.271562853731,0.5,119.527514455747,0.5,119.647181834512,0.35,124.871057445239,0.4,119.439857685702,0.4,-0.0445921614370661,0.599494591508247,-0.0876567700451574,4.57978885778138,5.22387561072669,-0.164259540202067,-0.207324148810159,8.0086074590106
0.1,0.95,34,91.5623946549835,NA,120.822602499193,0.5,118.321151318352,0.5,121.303967967142,0.5,140.70010132852,0.5,123.432133130304,0.5,123.539675458994,0.4,139.826727888452,0.6,122.702332840666,0.4,2.23570749185221,-0.873373440068008,-0.729800289637794,19.3961333613788,16.2870524294586,2.12816516316229,-0.83734261832771,21.5055765701004
0.1,0.95,35,95.8401000574397,NA,124.728836868965,0.5,121.834181672858,0.5,126.071528727476,0.5,147.337008966043,0.5,126.946630170728,0.5,127.679117836274,0.4,145.449240042609,0.55,126.876504208144,0.4,1.6075891087975,-1.88776892343429,-0.0701259625838446,21.2654802385668,17.770122206335,0.875101443251111,-0.802613628130231,23.6150583697511
0.1,0.95,36,94.2236076988015,NA,118.978558837429,0.5,116.500423811989,0.5,121.115083075451,0.5,123.383049131852,0.5,119.904333304293,0.5,121.373110243572,0.4,123.884400653956,0.4,119.977083103314,0.4,0.258027168120648,0.501351522104372,0.0727497990209827,2.26796605640072,2.51129041038445,-1.21074977115855,-1.39602714025821,7.38397684196711
0.1,0.95,37,88.7988510613502,NA,115.472655398898,0.5,110.343599712252,0.5,114.425920319572,0.5,119.157270005253,0.5,115.637719863837,0.5,115.981916145878,0.45,119.574959382223,0.4,115.367414153373,0.4,1.55599582630647,0.417689376970344,-0.270305710463887,4.73134968568105,3.59304323634493,1.21179954426522,-0.61450199250514,9.2313596699709
0.1,0.95,38,90.4767978542671,NA,114.470573673772,0.5,109.865804976613,0.5,115.919065311728,0.5,118.682717086322,0.5,115.182592873903,0.5,115.779226876612,0.4,118.809890030278,0.4,115.420609921868,0.4,-0.139838435116133,0.12717294395587,0.238017047965684,2.76365177459392,3.03066315366593,-0.73647243782581,-0.358616954743994,8.94408505366505
0.1,0.95,39,84.624755145556,NA,109.548331552293,0.5,106.457513599692,0.5,110.417369249519,0.5,114.563896332663,0.5,109.125088033112,0.5,110.362130998979,0.4,114.902133962138,0.4,109.685424223237,0.4,-0.0552382505398725,0.338237629475884,0.560336190125,4.14652708314368,4.54000296315944,-1.29228121640656,-0.676706775741692,8.44462036244666
0.1,0.95,40,90.5144391291801,NA,116.096437394581,0.5,112.670159715385,0.5,117.038636124129,0.5,123.19670129347,0.5,116.647816577794,0.5,117.11405573219,0.4,123.51637009707,0.4,117.679351180494,0.4,0.0754196080607983,0.319668803599882,1.03153460269924,6.15806516934057,6.40231436487966,-0.39081954633501,0.565295448303431,10.8462103816847
0.1,0.95,41,92.6963144706907,NA,125.294648857568,0.5,124.659012605632,0.5,125.722808483879,0.5,137.205911011821,0.5,124.627419149169,0.5,124.491828184183,0.4,137.592967801637,0.45,125.715434888577,0.4,-1.23098029969645,0.387056789816114,1.08801573940806,11.4831025279414,13.1011396174539,-1.09538933471083,1.22360670439369,12.9339551960045
0.1,0.95,42,92.2296810237149,NA,125.367884520065,0.5,122.399027126089,0.5,127.996876433287,0.5,135.641641746717,0.5,127.306182415375,0.5,127.425550748144,0.4,135.972221724073,0.45,127.047393976347,0.4,-0.571325685143336,0.330579977356194,-0.258788439027356,7.64476531342918,8.5466709759287,-0.690694017912733,-0.378156771796753,13.5731945979834
0.1,0.95,43,88.8782271075106,NA,114.831186291711,0.5,112.594399694259,0.5,115.636368385148,0.5,119.916624948633,0.5,114.870631838264,0.5,116.699961800034,0.4,120.230816212313,0.4,115.766640609891,0.4,1.06359341488589,0.31419126367993,0.896008771627507,4.28025656348446,3.5308544122785,-0.765736546884654,-0.933321190143033,7.63641651805331
0.1,0.95,44,91.7825407948364,NA,115.146721805653,0.5,110.756780111261,0.5,117.270554967114,0.5,132.333752445845,0.5,116.329670427858,0.5,117.181197065069,0.4,131.696240144106,0.45,118.424351964687,0.4,-0.0893579020446822,-0.637512301739037,2.09468153682958,15.0631974787312,14.5150430790369,-0.940884539256288,1.24315489961798,20.9394600328448
0.1,0.95,45,95.7780946623764,NA,119.899729077886,0.5,115.351225189386,0.5,121.955822030181,0.5,161.678915734698,0.5,120.06617485514,0.5,122.995630607625,0.4,147.569799785098,0.55,121.534102958964,0.4,1.03980857744341,-14.1091159496002,1.46792810382402,39.7230937045164,24.5741691774728,-1.88964717504163,-1.46152764866102,32.2185745957113
0.1,0.95,46,90.0334443872856,NA,117.644549047083,0.5,114.534314535256,0.5,119.681313202551,0.5,127.399064100211,0.5,119.11626220009,0.5,119.264975931536,0.4,127.545408423736,0.45,119.287645380373,0.4,-0.41633727101501,0.146344323525895,0.171383180283087,7.7177508976598,8.2804324922007,-0.565051002460748,0.0226694488373482,13.0110938884802
0.1,0.95,47,85.5287448514076,NA,114.252201064065,0.5,111.966626718031,0.5,115.329178473599,0.5,123.077675352338,0.5,114.521919572593,0.5,116.166970689624,0.4,123.369227461411,0.4,113.950219437827,0.4,0.837792216025392,0.291552109072811,-0.571700134765678,7.74849687873947,7.20225677178689,-0.807258901005767,-2.21675125179684,11.4026007433798
0.1,0.95,48,91.082546959511,NA,118.747409258762,0.5,114.790055195125,0.5,119.034031751244,0.5,129.100256468017,0.5,118.227202139487,0.5,120.506647443067,0.4,129.143657476683,0.4,119.087428880423,0.4,1.47261569182292,0.0434010086662227,0.860226740935147,10.0662247167725,8.63701003361582,-0.80682961175674,-1.41921856264452,14.3536022815577
0.1,0.95,49,90.4319316941373,NA,117.700332261782,0.5,114.02370405673,0.5,120.753259139934,0.5,129.485574724679,0.5,119.236960659737,0.5,121.742939736043,0.4,129.963707260141,0.45,120.546504561754,0.4,0.989680596109707,0.478132535462322,1.30954390201762,8.73231558474505,8.22076752409767,-1.51629848019685,-1.19643517428894,15.9400032034105
0.1,0.95,50,86.2656537543993,NA,110.446055922108,0.5,105.121164296556,0.5,111.817758960102,0.5,114.570448486941,0.5,111.949922696437,0.5,112.253046145211,0.4,114.854947484232,0.4,111.630947980001,0.4,0.435287185108706,0.284498997291578,-0.318974716436202,2.75268952683894,2.60190133902181,0.132163736335485,-0.622098165209422,9.73378318767688
1,0.95,1,88.2658210382565,NA,116.349439557045,0.5,113.21063126312,0.5,117.343476834685,0.5,121.360242387113,0.5,116.729007743905,0.5,117.051364283413,0.4,121.837910561895,0.4,116.816296144546,0.4,-0.29211255127143,0.47766817478275,0.0872884006407446,4.0167655524277,4.78654627848188,-0.61446909077992,-0.235068138867746,8.62727929877553
1,0.95,2,94.5268856764112,NA,123.221118322794,0.5,120.456649214762,0.5,123.303676681555,0.5,129.578332407479,0.5,124.114458905212,0.5,124.617324445112,0.4,129.936044496731,0.4,124.679960941072,0.4,1.31364776355694,0.357712089252232,0.565502035860277,6.27465572592448,5.31872005161976,0.810782223656815,0.0626364959601489,9.47939528196929
1,0.95,3,86.3541578252522,NA,110.385766253294,0.5,103.440636378222,0.5,111.522738005137,0.5,112.539113543665,0.5,110.468431384328,0.5,111.722103010602,0.4,112.993303168092,0.4,110.439411699737,0.4,0.199365005464628,0.454189624426363,-0.0290196845911765,1.0163755385279,1.27120015748963,-1.05430662080931,-1.28269131086512,9.55266678987009
1,0.95,4,97.6225801297228,NA,127.643568823336,0.5,127.415787971591,0.5,127.261518024503,0.5,138.934230930508,0.5,128.263099295301,0.5,127.21729026267,0.45,138.669769123629,0.45,128.365744379053,0.4,-0.0442277618329712,-0.264461806878955,0.102645083751725,11.6727129060046,11.4524788609586,1.00158127079797,1.14845411638267,11.2539811520378
1,0.95,5,94.4480096336584,NA,119.850662265954,0.5,117.465779305915,0.5,121.669228788819,0.5,126.137893841845,0.5,122.043962135045,0.5,121.948454871278,0.4,125.739704864561,0.4,120.298254370202,0.4,0.279226082458706,-0.398188977283695,-1.74570776484245,4.46866505302567,3.79124999328327,0.37473334622571,-1.65020050107545,8.27392555864601
1,0.95,6,102.723047841373,NA,133.339022316023,0.5,133.574125247879,0.5,135.843418224199,0.5,141.844593272365,0.5,134.352357851712,0.5,134.561472842552,0.4,141.5991128419,0.45,134.488281319567,0.4,-1.28194538164644,-0.245480430465193,0.135923467855065,6.00117504816629,7.03763999934753,-1.49106037248649,-0.0731915229849847,8.0249875940211
1,0.95,7,89.7624138017381,NA,121.181126508513,0.5,119.639581403429,0.5,123.950454592336,0.5,139.308350945041,0.5,123.055221228422,0.5,124.297152034613,0.4,138.261055711946,0.55,124.280600779249,0.4,0.346697442276621,-1.04729523309476,1.22537955082713,15.3578963527046,13.9639036773332,-0.895233363913718,-0.0165512553632112,18.6214743085171
1,0.95,8,87.0618666114523,NA,115.156656761188,0.5,113.292022956131,0.5,115.561598611136,0.5,120.993973612172,0.5,114.295558277929,0.5,115.502293414875,0.4,121.199889256889,0.4,115.316277578071,0.4,-0.0593051962604676,0.205915644717308,1.02071930014171,5.43237500103621,5.69759584201398,-1.26604033320682,-0.186015836804643,7.90786630075858
1,0.95,9,88.22919247162,NA,118.237861279937,0.5,114.653962633897,0.5,121.611349658651,0.5,130.526150677496,0.5,119.74568716337,0.5,122.033515546517,0.4,130.585808977379,0.45,121.941762887061,0.4,0.422165887866299,0.0596582998832673,2.19607572369179,8.91480101884483,8.5522934308618,-1.86566249528133,-0.0917526594558353,15.9318463434816
1,0.95,10,78.9956328503657,NA,105.946055304439,0.5,102.225996766239,0.5,106.301954621698,0.5,107.917796689187,0.5,106.113974026363,0.5,106.518214436131,0.4,108.170813542972,0.4,106.8728885542,0.4,0.216259814433442,0.253016853785439,0.758914527837192,1.61584206748927,1.65259910684127,-0.187980595334864,0.354674118068885,5.94481677673355
1,0.95,11,76.9549860992773,NA,102.796897740098,0.5,96.9784685619745,0.5,102.498275695527,0.5,103.421104970354,0.5,102.010490620512,0.5,102.423674647265,0.4,104.034061594784,0.4,102.195427419331,0.4,-0.0746010482614707,0.612956624430609,0.184936798819365,0.922829274826981,1.61038694751906,-0.487785075014628,-0.228247227933792,7.05559303280978
1,0.95,12,84.9102197909444,NA,111.40802988419,0.5,107.634950598479,0.5,112.688363496858,0.5,115.985452365345,0.5,112.252446113787,0.5,113.005401724439,0.4,116.245685576352,0.45,113.04968595393,0.4,0.31703822758098,0.260233211006991,0.797239840142794,3.29708886848698,3.24028385191299,-0.435917383071214,0.0442842294906001,8.61073497787265
1,0.95,13,89.2794454552676,NA,116.452722137761,0.5,112.935587195353,0.5,117.691758759227,0.5,120.658989113291,0.5,117.12982859798,0.5,118.648133244363,0.4,120.568775449594,0.45,117.8190745489,0.4,0.956374485136422,-0.0902136636975825,0.6892459509193,2.96723035406448,1.92064220523048,-0.561930161246238,-0.82905869546336,7.63318825424027
1,0.95,14,89.1409595868278,NA,119.355405959557,0.5,114.756419732996,0.5,118.978206123988,0.5,124.147851427518,0.5,119.399588439668,0.5,119.971673453589,0.4,124.633254845098,0.4,118.642491483605,0.4,0.993467329600847,0.485403417579832,-0.75709695606254,5.1696453035303,4.66158139150929,0.421382315679708,-1.32918196998368,9.8768351121026
1,0.95,15,104.61586902368,NA,129.607905890103,0.5,125.950597645227,0.5,130.366272604379,0.5,135.075907150644,0.5,130.130799688537,0.5,129.463378091313,0.35,134.774162346512,0.4,130.14368078784,0.4,-0.902894513066656,-0.301744804132142,0.0128810993030584,4.70963454626522,5.31078425519974,-0.235472915842649,0.680302696527065,8.82356470128526
1,0.95,16,94.462526557865,NA,121.846111173959,0.5,116.820574673036,0.5,122.285369567282,0.5,127.140048767567,0.5,121.867912957347,0.5,121.779085790817,0.35,127.0211345524,0.4,122.581824631721,0.4,-0.506283776465125,-0.118914215167294,0.713911674373946,4.85467920028478,5.24204876158261,-0.417456609934817,0.802738840904254,10.200559879364
1,0.95,17,86.5999834273785,NA,116.549515355835,0.5,111.127352544105,0.5,117.114228809673,0.5,120.668839488313,0.5,116.990300336925,0.5,117.286934236894,0.4,121.503495972899,0.4,116.031208604895,0.4,0.172705427221061,0.834656484586105,-0.959091732029236,3.55461067864019,4.21656173600523,-0.123928472748446,-1.25572563199874,10.3761434287941
1,0.95,18,87.4765686560624,NA,113.504417507434,0.5,111.18741013571,0.5,115.410095568155,0.5,121.293917007072,0.5,115.086465715645,0.5,115.152667341219,0.45,121.502367001002,0.45,117.237553986678,0.4,-0.25742822693536,0.208449993929634,2.15108827103299,5.88382143891727,6.34969965978226,-0.323629852509953,2.0848866454584,10.3149568652917
1,0.95,19,100.347042498307,NA,125.666191187423,0.5,121.996591062746,0.5,126.658954923341,0.5,128.359068959382,0.5,126.554148816084,0.5,128.256693174687,0.4,128.335213277848,0.4,126.808986894656,0.4,1.59773825134585,-0.023855681534485,0.254838078571908,1.70011403604144,0.0785201031611109,-0.104806107256721,-1.44770628003066,6.33862221510151
1,0.95,20,85.2987540481774,NA,112.930760632412,0.5,110.191961930668,0.5,114.615089800523,0.5,122.56522126375,0.5,114.521345746742,0.5,114.833112923663,0.4,122.658404316085,0.4,112.737152653912,0.4,0.218023123139645,0.0931830523353625,-1.78419309283019,7.95013146322668,7.8252913924224,-0.093744053781009,-2.09596026975085,12.4664423854172
1,0.95,21,99.2859732921194,NA,126.151584231082,0.5,123.35910864599,0.5,129.117818401903,0.5,135.388053623532,0.5,128.085437724234,0.5,127.990648055107,0.4,135.521370473703,0.4,129.039458073336,0.4,-1.12717034679648,0.133316850171042,0.95402034910137,6.27023522162844,7.53072241859596,-1.03238067766893,1.04881001822892,12.1622618277124
1,0.95,22,87.3840832131402,NA,115.108171489517,0.5,116.438605000966,0.5,117.597161700719,0.5,130.780754103418,0.5,116.948165893575,0.5,117.67303971843,0.4,130.855055988371,0.45,117.325480290417,0.4,0.0758780177108349,0.0743018849527743,0.377314396841967,13.1835924026989,13.1820162699408,-0.648995807144203,-0.347559428013071,14.4164509874047
1,0.95,23,98.8317721155403,NA,127.757642048282,0.5,127.008020505697,0.5,129.180956363641,0.5,137.715320205399,0.5,129.136310072971,0.5,128.908833105067,0.4,137.802632526228,0.45,129.654755277022,0.4,-0.272123258574055,0.0873123208288575,0.518445204050664,8.53436384175848,8.89379942116139,-0.0446462906695615,0.745922171955158,10.794612020531
1,0.95,24,88.880548381235,NA,113.61121112859,0.5,109.652904334569,0.5,114.779257084501,0.5,117.486692282172,0.5,114.837763018611,0.5,115.556557279243,0.4,117.785927337068,0.4,114.322342784066,0.4,0.777300194741571,0.299235054895988,-0.51542023454455,2.70743519767075,2.22937005782516,0.058505934109462,-1.23421449517666,8.13302300249843
1,0.95,25,81.9611235729405,NA,109.802066036795,0.5,105.706290788438,0.5,110.383474311771,0.5,118.611212885011,0.5,109.301073684106,0.5,109.225861871732,0.4,118.70617746972,0.45,108.660291495795,0.4,-1.15761244003923,0.0949645847093876,-0.640782188311348,8.22773857323975,9.48031559798837,-1.08240062766509,-0.565570375937213,12.9998866812819
1,0.95,26,97.1502603802456,NA,126.168571254999,0.5,126.778607829356,0.499999999999999,128.279566821872,0.5,141.464522790768,0.5,128.195064397154,0.5,128.001289451943,0.4,141.443389524232,0.5,127.371053281099,0.4,-0.278277369929071,-0.0211332665360828,-0.824011116054706,13.1849559688966,13.4421000722896,-0.0845024247177548,-0.630236170843389,14.6647816948766
1,0.95,27,89.2059829941464,NA,114.181495374764,0.5,112.663076846691,0.5,115.421748974088,0.5,122.820682891674,0.5,115.921895741061,0.5,116.629677004244,0.4,122.733701078627,0.4,115.867208803708,0.4,1.20792803015524,-0.0869818130472026,-0.0546869373523151,7.39893391758615,6.1040240743837,0.500146766972293,-0.762468200535267,10.0706242319361
1,0.95,28,88.1861546490005,NA,114.918572961557,0.5,112.337434052879,0.5,116.384374140792,0.5,118.809317398901,0.5,115.309375838138,0.5,116.43073390547,0.4,118.91986475179,0.4,115.992874168765,0.4,0.0463597646780869,0.110547352888773,0.683498330626804,2.42494325810922,2.48913084631991,-1.07499830265445,-0.437859736705732,6.58243069891148
1,0.95,29,85.229692233658,NA,115.389068783653,0.5,114.766362849392,0.499999999999999,117.04058130091,0.5,124.383089021987,0.5,116.378260855777,0.5,116.21888468519,0.4,124.534622071315,0.4,117.984054693464,0.4,-0.82169661571983,0.15153304932781,1.60579383768714,7.34250772107742,8.31573738612506,-0.66232044513329,1.76517000827369,9.76825922192303
1,0.95,30,84.077440863156,NA,109.711878836847,0.5,105.419451383185,0.5,112.064659589008,0.5,113.929483302291,0.5,112.153800185776,0.5,112.106055467799,0.4,114.526480547,0.4,111.817939287978,0.4,0.041395878791306,0.596997244709144,-0.335860897797915,1.86482371328327,2.42042507920111,0.0891405967687859,-0.288116179820435,9.10702916381531
1,0.95,31,84.0095898708584,NA,110.048727054828,0.5,104.126664636933,0.5,110.454478135348,0.5,112.70121192241,0.5,109.752206893966,0.5,111.251887084202,0.4,113.252016175023,0.4,110.706174404485,0.4,0.797408948854368,0.550804252613446,0.95396751051905,2.2467337870621,2.00012909082118,-0.702271241381737,-0.545712679717056,9.12535153809046
1,0.95,32,92.8649955215508,NA,123.663233517405,0.5,117.661935027348,0.5,125.529325400898,0.5,130.111042093208,0.5,125.072465886955,0.5,125.04047031185,0.4,130.339201178981,0.45,125.112755840358,0.4,-0.488855089047902,0.228159085772916,0.0402899534029757,4.58171669230956,5.29873086713037,-0.456859513943243,0.0722855285076349,12.6772661516332
1,0.95,33,92.4529531854884,NA,118.94905359293,0.5,116.862449986229,0.5,119.69177399595,0.5,121.039299343785,0.5,119.527514455747,0.5,119.647181834512,0.35,120.979445068327,0.4,119.439857685702,0.4,-0.0445921614370661,-0.0598542754575817,-0.0876567700451574,1.34752534783524,1.33226323381473,-0.164259540202067,-0.207324148810159,4.11699508209864
1,0.95,34,91.5623946549835,NA,120.822602499193,0.5,118.321151318352,0.5,121.303967967142,0.5,138.746341545945,0.5,123.432133130304,0.5,123.539675458994,0.4,139.365718468488,0.55,122.702332840666,0.4,2.23570749185221,0.619376922543552,-0.729800289637794,17.442373578803,15.8260430094944,2.12816516316229,-0.83734261832771,21.0445671501362
1,0.95,35,95.8401000574397,NA,124.728836868965,0.5,121.834181672858,0.5,126.071528727476,0.5,146.63885404161,0.5,126.946630170728,0.5,127.679117836274,0.4,144.863564212617,0.5,126.876504208144,0.4,1.6075891087975,-1.77528982899338,-0.0701259625838446,20.5673253141336,17.1844463763427,0.875101443251111,-0.802613628130231,23.0293825397588
1,0.95,36,94.2236076988015,NA,118.978558837429,0.5,116.500423811989,0.5,121.115083075451,0.5,123.294421055905,0.5,119.904333304293,0.5,121.373110243572,0.4,123.367642080908,0.4,119.977083103314,0.4,0.258027168120648,0.0732210250036189,0.0727497990209827,2.17933798045352,1.9945318373365,-1.21074977115855,-1.39602714025821,6.86721826891916
1,0.95,37,88.7988510613502,NA,115.472655398898,0.5,110.343599712252,0.5,114.425920319572,0.5,117.113510083096,0.5,115.637719863837,0.5,115.981916145878,0.45,117.172063844035,0.4,115.367414153373,0.4,1.55599582630647,0.0585537609390343,-0.270305710463887,2.6875897635244,1.19014769815696,1.21179954426522,-0.61450199250514,6.82846413178294
1,0.95,38,90.4767978542671,NA,114.470573673772,0.5,109.865804976613,0.5,115.919065311728,0.5,115.412618252007,0.5,115.182592873903,0.5,115.779226876612,0.4,116.293102295214,0.4,115.420609921868,0.4,-0.139838435116133,0.88048404320665,0.238017047965684,-0.506447059721012,0.513875418601771,-0.73647243782581,-0.358616954743994,6.42729731860089
1,0.95,39,84.624755145556,NA,109.548331552293,0.5,106.457513599692,0.5,110.417369249519,0.5,113.960941611793,0.5,109.125088033112,0.5,110.362130998979,0.4,113.867201938899,0.4,109.685424223237,0.4,-0.0552382505398725,-0.0937396728930793,0.560336190125,3.54357236227365,3.50507093992044,-1.29228121640656,-0.676706775741692,7.40968833920766
1,0.95,40,90.5144391291801,NA,116.096437394581,0.5,112.670159715385,0.5,117.038636124129,0.5,119.983812948702,0.5,116.647816577794,0.5,117.11405573219,0.4,120.636748910139,0.4,117.679351180494,0.4,0.0754196080607983,0.652935961436583,1.03153460269924,2.9451768245728,3.52269317794858,-0.39081954633501,0.565295448303431,7.96658919475367
1,0.95,41,92.6963144706907,NA,125.294648857568,0.5,124.659012605632,0.5,125.722808483879,0.5,135.389028019294,0.5,124.627419149169,0.5,124.491828184183,0.4,135.517034212877,0.45,125.715434888577,0.4,-1.23098029969645,0.128006193582905,1.08801573940806,9.66621953541508,11.0252060286944,-1.09538933471083,1.22360670439369,10.8580216072451
1,0.95,42,92.2296810237149,NA,125.367884520065,0.5,122.399027126089,0.5,127.996876433287,0.5,134.216697757607,0.5,127.306182415375,0.5,127.425550748144,0.4,134.263846844899,0.45,127.047393976347,0.4,-0.571325685143336,0.0471490872915865,-0.258788439027356,6.21982132432005,6.83829609675497,-0.690694017912733,-0.378156771796753,11.8648197188097
1,0.95,43,88.8782271075106,NA,114.831186291711,0.5,112.594399694259,0.5,115.636368385148,0.5,118.104816840562,0.5,114.870631838264,0.5,116.699961800034,0.4,118.664091318532,0.45,115.766640609891,0.4,1.06359341488589,0.559274477970376,0.896008771627507,2.46844845541354,1.96412951849803,-0.765736546884654,-0.933321190143033,6.06969162427283
1,0.95,44,91.7825407948364,NA,115.146721805653,0.5,110.756780111261,0.5,117.270554967114,0.5,130.883466203184,0.5,116.329670427858,0.5,117.181197065069,0.4,130.281887088627,0.45,118.424351964687,0.4,-0.0893579020446822,-0.601579114557268,2.09468153682958,13.6129112360703,13.1006900235578,-0.940884539256288,1.24315489961798,19.5251069773658
1,0.95,45,95.7780946623764,NA,119.899729077886,0.5,115.351225189386,0.5,121.955822030181,0.5,162.337179211612,0.5,120.06617485514,0.5,122.995630607625,0.4,145.520300229503,0.55,121.534102958964,0.4,1.03980857744341,-16.8168789821087,1.46792810382402,40.3813571814305,22.5246696218784,-1.88964717504163,-1.46152764866102,30.1690750401169
1,0.95,46,90.0334443872856,NA,117.644549047083,0.5,114.534314535256,0.5,119.681313202551,0.5,124.098488426841,0.5,119.11626220009,0.5,119.264975931536,0.4,125.117581015153,0.45,119.287645380373,0.4,-0.41633727101501,1.01909258831128,0.171383180283087,4.41717522429057,5.85260508361687,-0.565051002460748,0.0226694488373482,10.5832664798964
1,0.95,47,85.5287448514076,NA,114.252201064065,0.5,111.966626718031,0.5,115.329178473599,0.5,121.089739622547,0.5,114.521919572593,0.5,116.166970689624,0.4,121.234777257621,0.4,113.950219437827,0.4,0.837792216025392,0.145037635073436,-0.571700134765678,5.76056114894841,5.06780656799646,-0.807258901005767,-2.21675125179684,9.26815053958933
1,0.95,48,91.082546959511,NA,118.747409258762,0.5,114.790055195125,0.5,119.034031751244,0.5,127.749983667083,0.5,118.227202139487,0.5,120.506647443067,0.4,127.760090660464,0.45,119.087428880423,0.4,1.47261569182292,0.0101069933805746,0.860226740935147,8.71595191583914,7.25344321739679,-0.80682961175674,-1.41921856264452,12.9700354653386
1,0.95,49,90.4319316941373,NA,117.700332261782,0.5,114.02370405673,0.5,120.753259139934,0.5,128.054525158264,0.5,119.236960659737,0.5,121.742939736043,0.4,128.191428469638,0.45,120.546504561754,0.4,0.989680596109707,0.136903311373374,1.30954390201762,7.30126601833057,6.44848873359423,-1.51629848019685,-1.19643517428894,14.1677244129071
1,0.95,50,86.2656537543993,NA,110.446055922108,0.5,105.121164296556,0.5,111.817758960102,0.5,113.589637034627,0.5,111.949922696437,0.5,112.253046145211,0.4,113.846778039263,0.4,111.630947980001,0.4,0.435287185108706,0.257141004635713,-0.318974716436202,1.77187807452503,1.59373189405204,0.132163736335485,-0.622098165209422,8.72561374270711
5,0.95,1,88.2658210382565,NA,116.349439557045,0.5,113.21063126312,0.5,117.343476834685,0.5,115.902395703649,0.5,116.729007743905,0.5,117.051364283413,0.4,116.125265184867,0.4,116.816296144546,0.4,-0.29211255127143,0.222869481218325,0.0872884006407446,-1.44108113103599,-0.926099098546231,-0.61446909077992,-0.235068138867746,2.91463392174742
5,0.95,2,94.5268856764112,NA,123.221118322794,0.5,120.456649214762,0.5,123.303676681555,0.5,124.854185242725,0.5,124.114458905212,0.5,124.617324445112,0.4,125.190152714442,0.4,124.679960941072,0.4,1.31364776355694,0.335967471716657,0.565502035860277,1.55050856117022,0.572828269329932,0.810782223656815,0.0626364959601489,4.73350349967946
5,0.95,3,86.3541578252522,NA,110.385766253294,0.5,103.440636378222,0.5,111.522738005137,0.5,111.106841855653,0.5,110.468431384328,0.5,111.722103010602,0.4,110.763923163047,0.4,110.439411699737,0.4,0.199365005464628,-0.342918692606744,-0.0290196845911765,-0.415896149484198,-0.95817984755557,-1.05430662080931,-1.28269131086512,7.32328678482489
5,0.95,4,97.6225801297228,NA,127.643568823336,0.5,127.415787971591,0.5,127.261518024503,0.5,128.834180889277,0.5,128.263099295301,0.5,127.21729026267,0.45,128.003346174076,0.4,128.365744379053,0.4,-0.0442277618329712,-0.830834715200552,0.102645083751725,1.57266286477335,0.786055911405768,1.00158127079797,1.14845411638267,0.587558202484956
5,0.95,5,94.4480096336584,NA,119.850662265954,0.5,117.465779305915,0.5,121.669228788819,0.5,122.703391544223,0.5,122.043962135045,0.5,121.948454871278,0.4,123.352976924238,0.4,120.298254370202,0.4,0.279226082458706,0.649585380014415,-1.74570776484245,1.03416275540441,1.40452205296012,0.37473334622571,-1.65020050107545,5.88719761832286
5,0.95,6,102.723047841373,NA,133.339022316023,0.5,133.574125247879,0.5,135.843418224199,0.5,135.051090779071,0.5,134.352357851712,0.5,134.561472842552,0.4,136.514423545826,0.4,134.488281319567,0.4,-1.28194538164644,1.46333276675529,0.135923467855065,-0.792327445127825,1.9529507032739,-1.49106037248649,-0.0731915229849847,2.94029829794746
5,0.95,7,89.7624138017381,NA,121.181126508513,0.5,119.639581403429,0.5,123.950454592336,0.5,129.550918563191,0.5,123.055221228422,0.5,124.297152034613,0.4,130.132725003326,0.45,124.280600779249,0.4,0.346697442276621,0.581806440135153,1.22537955082713,5.60046397085524,5.83557296871378,-0.895233363913718,-0.0165512553632112,10.4931435998976
5,0.95,8,87.0618666114523,NA,115.156656761188,0.5,113.292022956131,0.5,115.561598611136,0.5,116.589748690022,0.5,114.295558277929,0.5,115.502293414875,0.4,116.029020829625,0.45,115.316277578071,0.4,-0.0593051962604676,-0.560727860396966,1.02071930014171,1.02815007888653,0.526727414750027,-1.26604033320682,-0.186015836804643,2.73699787349463
5,0.95,9,88.22919247162,NA,118.237861279937,0.5,114.653962633897,0.5,121.611349658651,0.5,122.367419142757,0.5,119.74568716337,0.5,122.033515546517,0.4,120.693193526634,0.4,121.941762887061,0.4,0.422165887866299,-1.67422561612291,2.19607572369179,0.756069484106376,-1.34032201988283,-1.86566249528133,-0.0917526594558353,6.039230892737
5,0.95,10,78.9956328503657,NA,105.946055304439,0.5,102.225996766239,0.5,106.301954621698,0.5,106.36018250723,0.5,106.113974026363,0.5,106.518214436131,0.4,106.56462882368,0.4,106.8728885542,0.4,0.216259814433442,0.204446316449932,0.758914527837192,0.0582278855321618,0.0464143875486513,-0.187980595334864,0.354674118068885,4.33863205744093
5,0.95,11,76.9549860992773,NA,102.796897740098,0.5,96.9784685619745,0.5,102.498275695527,0.5,101.806732304056,0.5,102.010490620512,0.5,102.423674647265,0.4,101.716919131107,0.4,102.195427419331,0.4,-0.0746010482614707,-0.0898131729496043,0.184936798819365,-0.691543391470347,-0.706755516158481,-0.487785075014628,-0.228247227933792,4.73845056913224
5,0.95,12,84.9102197909444,NA,111.40802988419,0.5,107.634950598479,0.5,112.688363496858,0.5,114.926162566524,0.5,112.252446113787,0.5,113.005401724439,0.4,114.344483063098,0.4,113.04968595393,0.4,0.31703822758098,-0.581679503425818,0.797239840142794,2.23779906966587,1.33908133865907,-0.435917383071214,0.0442842294906001,6.70953246461873
5,0.95,13,89.2794454552676,NA,116.452722137761,0.5,112.935587195353,0.5,117.691758759227,0.5,117.299883891577,0.5,117.12982859798,0.5,118.648133244363,0.4,117.731233988492,0.45,117.8190745489,0.4,0.956374485136422,0.431350096914926,0.6892459509193,-0.391874867649491,-0.916899255870987,-0.561930161246238,-0.82905869546336,4.7956467931388
5,0.95,14,89.1409595868278,NA,119.355405959557,0.5,114.756419732996,0.5,118.978206123988,0.5,120.123240516235,0.5,119.399588439668,0.5,119.971673453589,0.4,121.140208804738,0.4,118.642491483605,0.4,0.993467329600847,1.01696828850298,-0.75709695606254,1.14503439224679,1.16853535114892,0.421382315679708,-1.32918196998368,6.38378907174223
5,0.95,15,104.61586902368,NA,129.607905890103,0.5,125.950597645227,0.5,130.366272604379,0.5,129.046514291108,0.5,130.130799688537,0.5,129.463378091313,0.35,129.26761480163,0.4,130.14368078784,0.4,-0.902894513066656,0.22110051052249,0.0128810993030584,-1.31975831327159,-0.195763289682446,-0.235472915842649,0.680302696527065,3.31701715640308
5,0.95,16,94.462526557865,NA,121.846111173959,0.5,116.820574673036,0.5,122.285369567282,0.5,122.438451157739,0.5,121.867912957347,0.5,121.779085790817,0.35,122.254969586144,0.35,122.581824631721,0.4,-0.506283776465125,-0.183481571595323,0.713911674373946,0.153081590456978,0.47588379532678,-0.417456609934817,0.802738840904254,5.43439491310814
5,0.95,17,86.5999834273785,NA,116.549515355835,0.5,111.127352544105,0.5,117.114228809673,0.5,117.185398555813,0.5,116.990300336925,0.5,117.286934236894,0.4,117.94337409869,0.4,116.031208604895,0.4,0.172705427221061,0.757975542876494,-0.959091732029236,0.0711697461400576,0.656439861795491,-0.123928472748446,-1.25572563199874,6.81602155458435
5,0.95,18,87.4765686560624,NA,113.504417507434,0.5,111.18741013571,0.5,115.410095568155,0.5,115.780000950315,0.5,115.086465715645,0.5,115.152667341219,0.45,115.904735196492,0.45,117.237553986678,0.4,-0.25742822693536,0.124734246177653,2.15108827103299,0.369905382160084,0.752067855273097,-0.323629852509953,2.0848866454584,4.71732506078256
5,0.95,19,100.347042498307,NA,125.666191187423,0.5,121.996591062746,0.5,126.658954923341,0.5,126.601156581258,0.5,126.554148816084,0.5,128.256693174687,0.4,127.189130839381,0.4,126.808986894656,0.4,1.59773825134585,0.58797425812277,0.254838078571908,-0.057798342082819,-1.06756233530589,-0.104806107256721,-1.44770628003066,5.1925397766345
5,0.95,20,85.2987540481774,NA,112.930760632412,0.5,110.191961930668,0.5,114.615089800523,0.5,117.041217585621,0.5,114.521345746742,0.5,114.833112923663,0.4,117.273035468803,0.4,112.737152653912,0.4,0.218023123139645,0.231817883181733,-1.78419309283019,2.42612778509816,2.43992254514025,-0.093744053781009,-2.09596026975085,7.08107353813507
5,0.95,21,99.2859732921194,NA,126.151584231082,0.5,123.35910864599,0.5,129.117818401903,0.5,132.5545720548,0.5,128.085437724234,0.5,127.990648055107,0.4,131.377037938822,0.4,129.039458073336,0.4,-1.12717034679648,-1.17753411597798,0.95402034910137,3.43675365289718,3.38638988371568,-1.03238067766893,1.04881001822892,8.01792929283215
5,0.95,22,87.3840832131402,NA,115.108171489517,0.5,116.438605000966,0.5,117.597161700719,0.5,126.868819621256,0.5,116.948165893575,0.5,117.67303971843,0.4,126.81465458437,0.45,117.325480290417,0.4,0.0758780177108349,-0.05416503688528,0.377314396841967,9.27165792053646,9.14161486594034,-0.648995807144203,-0.347559428013071,10.3760495834042
5,0.95,23,98.8317721155403,NA,127.757642048282,0.5,127.008020505697,0.5,129.180956363641,0.5,135.020536735883,0.5,129.136310072971,0.5,128.908833105067,0.4,134.064385849977,0.4,129.654755277022,0.4,-0.272123258574055,-0.956150885905856,0.518445204050664,5.83958037224252,5.15555274491072,-0.0446462906695615,0.745922171955158,7.05636534428035
5,0.95,24,88.880548381235,NA,113.61121112859,0.5,109.652904334569,0.5,114.779257084501,0.5,114.836677446844,0.5,114.837763018611,0.5,115.556557279243,0.4,115.407261718995,0.4,114.322342784066,0.4,0.777300194741571,0.570584272151478,-0.51542023454455,0.0574203623426257,-0.149295560247467,0.058505934109462,-1.23421449517666,5.7543573844258
5,0.95,25,81.9611235729405,NA,109.802066036795,0.5,105.706290788438,0.5,110.383474311771,0.5,111.44302115035,0.5,109.301073684106,0.5,109.225861871732,0.4,110.934613358967,0.4,108.660291495795,0.4,-1.15761244003923,-0.508407791382353,-0.640782188311348,1.05954683857871,1.70875148723559,-1.08240062766509,-0.565570375937213,5.22832257052914
5,0.95,26,97.1502603802456,NA,126.168571254999,0.5,126.778607829356,0.499999999999999,128.279566821872,0.5,134.352635420776,0.5,128.195064397154,0.5,128.001289451943,0.4,135.16627489277,0.4,127.371053281099,0.4,-0.278277369929071,0.813639471994463,-0.824011116054706,6.07306859890403,7.16498544082756,-0.0845024247177548,-0.630236170843389,8.38766706341458
5,0.95,27,89.2059829941464,NA,114.181495374764,0.5,112.663076846691,0.5,115.421748974088,0.5,116.691384958036,0.5,115.921895741061,0.5,116.629677004244,0.4,117.03254117513,0.4,115.867208803708,0.4,1.20792803015524,0.341156217094294,-0.0546869373523151,1.26963598394725,0.402864170886303,0.500146766972293,-0.762468200535267,4.36946432843867
5,0.95,28,88.1861546490005,NA,114.918572961557,0.5,112.337434052879,0.5,116.384374140792,0.5,117.061045709776,0.5,115.309375838138,0.5,116.43073390547,0.4,116.158249628618,0.4,115.992874168765,0.4,0.0463597646780869,-0.902796081158442,0.683498330626804,0.67667156898392,-0.272484276852609,-1.07499830265445,-0.437859736705732,3.82081557573896
5,0.95,29,85.229692233658,NA,115.389068783653,0.5,114.766362849392,0.499999999999999,117.04058130091,0.5,115.672009436449,0.5,116.378260855777,0.5,116.21888468519,0.4,116.57094318068,0.4,117.984054693464,0.4,-0.82169661571983,0.898933744231655,1.60579383768714,-1.36857186446112,0.352058495490368,-0.66232044513329,1.76517000827369,1.80458033128834
5,0.95,30,84.077440863156,NA,109.711878836847,0.5,105.419451383185,0.5,112.064659589008,0.5,112.70078080701,0.5,112.153800185776,0.5,112.106055467799,0.4,113.241306488229,0.4,111.817939287978,0.4,0.041395878791306,0.540525681218483,-0.335860897797915,0.636121218002685,1.13525102042986,0.0891405967687859,-0.288116179820435,7.82185510504407
5,0.95,31,84.0095898708584,NA,110.048727054828,0.5,104.126664636933,0.5,110.454478135348,0.5,110.454459684209,0.5,109.752206893966,0.5,111.251887084202,0.4,111.556872448459,0.4,110.706174404485,0.4,0.797408948854368,1.10241276425036,0.95396751051905,-1.84511388994224e-05,0.304985364257092,-0.702271241381737,-0.545712679717056,7.43020781152637
5,0.95,32,92.8649955215508,NA,123.663233517405,0.5,117.661935027348,0.5,125.529325400898,0.5,126.18956663815,0.5,125.072465886955,0.5,125.04047031185,0.4,127.489049122011,0.45,125.112755840358,0.4,-0.488855089047902,1.29948248386071,0.0402899534029757,0.660241237252222,2.44857881016084,-0.456859513943243,0.0722855285076349,9.82711409466367
5,0.95,33,92.4529531854884,NA,118.94905359293,0.5,116.862449986229,0.5,119.69177399595,0.5,117.849219067023,0.5,119.527514455747,0.5,119.647181834512,0.35,117.112036202804,0.45,119.439857685702,0.4,-0.0445921614370661,-0.73718286421942,-0.0876567700451574,-1.84255492892645,-2.5351456317088,-0.164259540202067,-0.207324148810159,0.249586216575111
5,0.95,34,91.5623946549835,NA,120.822602499193,0.5,118.321151318352,0.5,121.303967967142,0.5,136.424519461796,0.5,123.432133130304,0.5,123.539675458994,0.4,135.371181376119,0.5,122.702332840666,0.4,2.23570749185221,-1.05333808567713,-0.729800289637794,15.1205514946547,11.8315059171253,2.12816516316229,-0.83734261832771,17.0500300577671
5,0.95,35,95.8401000574397,NA,124.728836868965,0.5,121.834181672858,0.5,126.071528727476,0.5,143.6642275162,0.5,126.946630170728,0.5,127.679117836274,0.4,141.118490851807,0.5,126.876504208144,0.4,1.6075891087975,-2.54573666439327,-0.0701259625838446,17.5926987887239,13.4393730155331,0.875101443251111,-0.802613628130231,19.2843091789492
5,0.95,36,94.2236076988015,NA,118.978558837429,0.5,116.500423811989,0.5,121.115083075451,0.5,119.760059557503,0.5,119.904333304293,0.5,121.373110243572,0.4,121.368521392365,0.4,119.977083103314,0.4,0.258027168120648,1.60846183486233,0.0727497990209827,-1.35502351794838,-0.00458885120670516,-1.21074977115855,-1.39602714025821,4.86809758037596
5,0.95,37,88.7988510613502,NA,115.472655398898,0.5,110.343599712252,0.5,114.425920319572,0.5,115.13979367956,0.5,115.637719863837,0.5,115.981916145878,0.45,114.933290533251,0.4,115.367414153373,0.4,1.55599582630647,-0.206503146309061,-0.270305710463887,0.713873359988384,-1.04862561262715,1.21179954426522,-0.61450199250514,4.58969082099883
5,0.95,38,90.4767978542671,NA,114.470573673772,0.5,109.865804976613,0.5,115.919065311728,0.5,114.965553167734,0.5,115.182592873903,0.5,115.779226876612,0.4,115.69171452126,0.4,115.420609921868,0.4,-0.139838435116133,0.726161353525796,0.238017047965684,-0.953512143994573,-0.0875123553526436,-0.73647243782581,-0.358616954743994,5.82590954464648
5,0.95,39,84.624755145556,NA,109.548331552293,0.5,106.457513599692,0.5,110.417369249519,0.5,110.473296274324,0.5,109.125088033112,0.5,110.362130998979,0.4,110.827681604972,0.4,109.685424223237,0.4,-0.0552382505398725,0.354385330647872,0.560336190125,0.0559270248052428,0.465550605992988,-1.29228121640656,-0.676706775741692,4.37016800528021
5,0.95,40,90.5144391291801,NA,116.096437394581,0.5,112.670159715385,0.5,117.038636124129,0.5,114.921449416483,0.5,116.647816577794,0.5,117.11405573219,0.4,115.754855976772,0.4,117.679351180494,0.4,0.0754196080607983,0.833406560288552,1.03153460269924,-2.11718670764603,-1.35919975541827,-0.39081954633501,0.565295448303431,3.08469626138681
5,0.95,41,92.6963144706907,NA,125.294648857568,0.5,124.659012605632,0.5,125.722808483879,0.5,126.507401739051,0.5,124.627419149169,0.5,124.491828184183,0.4,126.073214370228,0.4,125.715434888577,0.4,-1.23098029969645,-0.434187368823103,1.08801573940806,0.784593255171444,1.5813861860448,-1.09538933471083,1.22360670439369,1.41420176459542
5,0.95,42,92.2296810237149,NA,125.367884520065,0.5,122.399027126089,0.5,127.996876433287,0.5,128.100088035037,0.5,127.306182415375,0.5,127.425550748144,0.4,129.300155852861,0.4,127.047393976347,0.4,-0.571325685143336,1.20006781782331,-0.258788439027356,0.103211601749891,1.87460510471654,-0.690694017912733,-0.378156771796753,6.90112872677126
5,0.95,43,88.8782271075106,NA,114.831186291711,0.5,112.594399694259,0.5,115.636368385148,0.5,116.071995501463,0.5,114.870631838264,0.5,116.699961800034,0.4,117.182898420605,0.4,115.766640609891,0.4,1.06359341488589,1.11090291914223,0.896008771627507,0.435627116314492,0.48293662057084,-0.765736546884654,-0.933321190143033,4.58849872634565
5,0.95,44,91.7825407948364,NA,115.146721805653,0.5,110.756780111261,0.5,117.270554967114,0.5,129.474228029979,0.5,116.329670427858,0.5,117.181197065069,0.4,128.980019605926,0.45,118.424351964687,0.4,-0.0893579020446822,-0.494208424053369,2.09468153682958,12.2036730628654,11.7988225408567,-0.940884539256288,1.24315489961798,18.2232394946647
5,0.95,45,95.7780946623764,NA,119.899729077886,0.5,115.351225189386,0.5,121.955822030181,0.5,161.527293391772,0.5,120.06617485514,0.5,122.995630607625,0.4,148.367021961139,0.55,121.534102958964,0.4,1.03980857744341,-13.1602714306335,1.46792810382402,39.5714713615911,25.3713913535142,-1.88964717504163,-1.46152764866102,33.0157967717527
5,0.95,46,90.0334443872856,NA,117.644549047083,0.5,114.534314535256,0.5,119.681313202551,0.5,119.611173261651,0.5,119.11626220009,0.5,119.264975931536,0.4,119.830101025425,0.45,119.287645380373,0.4,-0.41633727101501,0.218927763773721,0.171383180283087,-0.0701399408996792,0.565125093889051,-0.565051002460748,0.0226694488373482,5.29578649016854
5,0.95,47,85.5287448514076,NA,114.252201064065,0.5,111.966626718031,0.5,115.329178473599,0.5,116.067633860206,0.5,114.521919572593,0.5,116.166970689624,0.4,114.941691830006,0.4,113.950219437827,0.4,0.837792216025392,-1.12594203019925,-0.571700134765678,0.738455386606773,-1.22527885961787,-0.807258901005767,-2.21675125179684,2.975065111975
5,0.95,48,91.082546959511,NA,118.747409258762,0.5,114.790055195125,0.5,119.034031751244,0.5,121.448813839563,0.5,118.227202139487,0.5,120.506647443067,0.4,121.469053111639,0.4,119.087428880423,0.4,1.47261569182292,0.0202392720760969,0.860226740935147,2.41478208831876,0.962405668571932,-0.80682961175674,-1.41921856264452,6.67899791651377
5,0.95,49,90.4319316941373,NA,117.700332261782,0.5,114.02370405673,0.5,120.753259139934,0.5,121.176596027635,0.5,119.236960659737,0.5,121.742939736043,0.4,121.718337216091,0.4,120.546504561754,0.4,0.989680596109707,0.54174118845603,1.30954390201762,0.423336887701367,-0.0246025199523103,-1.51629848019685,-1.19643517428894,7.69463315936054
5,0.95,50,86.2656537543993,NA,110.446055922108,0.5,105.121164296556,0.5,111.817758960102,0.5,112.474743103418,0.5,111.949922696437,0.5,112.253046145211,0.4,112.644257952617,0.4,111.630947980001,0.4,0.435287185108706,0.169514849198208,-0.318974716436202,0.656984143316549,0.391211807406052,0.132163736335485,-0.622098165209422,7.52309365606112
20,0.95,1,88.2658210382565,NA,116.349439557045,0.5,113.21063126312,0.5,117.343476834685,0.5,116.953451635451,0.5,116.729007743905,0.5,117.051364283413,0.4,116.185559073569,0.4,116.816296144546,0.4,-0.29211255127143,-0.767892561882064,0.0872884006407446,-0.390025199233548,-0.865805209844183,-0.61446909077992,-0.235068138867746,2.97492781044947
20,0.95,2,94.5268856764112,NA,123.221118322794,0.5,120.456649214762,0.5,123.303676681555,0.5,123.663095089951,0.5,124.114458905212,0.5,124.617324445112,0.4,124.474161447162,0.4,124.679960941072,0.4,1.31364776355694,0.811066357211061,0.565502035860277,0.359418408396095,-0.143162997949787,0.810782223656815,0.0626364959601489,4.01751223239974
20,0.95,3,86.3541578252522,NA,110.385766253294,0.5,103.440636378222,0.5,111.522738005137,0.5,110.977409417001,0.5,110.468431384328,0.5,111.722103010602,0.4,111.549831290622,0.45,110.439411699737,0.4,0.199365005464628,0.572421873620627,-0.0290196845911765,-0.545328588136229,-0.17227171998023,-1.05430662080931,-1.28269131086512,8.10919491240023
20,0.95,4,97.6225801297228,NA,127.643568823336,0.5,127.415787971591,0.5,127.261518024503,0.5,127.888665101234,0.5,128.263099295301,0.5,127.21729026267,0.45,126.790120936456,0.4,128.365744379053,0.4,-0.0442277618329712,-1.09854416477779,0.102645083751725,0.627147076730381,-0.42716932621444,1.00158127079797,1.14845411638267,-0.625667035135251
20,0.95,5,94.4480096336584,NA,119.850662265954,0.5,117.465779305915,0.5,121.669228788819,0.5,121.453588250761,0.5,122.043962135045,0.5,121.948454871278,0.4,122.986695101494,0.4,120.298254370202,0.4,0.279226082458706,1.53310685073254,-1.74570776484245,-0.21564053805767,1.03824023021616,0.37473334622571,-1.65020050107545,5.5209157955789
20,0.95,6,102.723047841373,NA,133.339022316023,0.5,133.574125247879,0.5,135.843418224199,0.5,134.181550618285,0.5,134.352357851712,0.5,134.561472842552,0.4,135.100247181692,0.4,134.488281319567,0.4,-1.28194538164644,0.918696563406314,0.135923467855065,-1.66186760591316,0.538774339139593,-1.49106037248649,-0.0731915229849847,1.52612193381316
20,0.95,7,89.7624138017381,NA,121.181126508513,0.5,119.639581403429,0.5,123.950454592336,0.5,123.857896441485,0.5,123.055221228422,0.5,124.297152034613,0.4,124.206499619011,0.4,124.280600779249,0.4,0.346697442276621,0.348603177525831,1.22537955082713,-0.0925581508506355,-0.0906524156014257,-0.895233363913718,-0.0165512553632112,4.56691821558243
20,0.95,8,87.0618666114523,NA,115.156656761188,0.5,113.292022956131,0.5,115.561598611136,0.5,115.645563845262,0.5,114.295558277929,0.5,115.502293414875,0.4,115.204184471336,0.4,115.316277578071,0.4,-0.0593051962604676,-0.441379373925699,1.02071930014171,0.083965234126012,-0.298108943539219,-1.26604033320682,-0.186015836804643,1.91216151520538
20,0.95,9,88.22919247162,NA,118.237861279937,0.5,114.653962633897,0.5,121.611349658651,0.5,122.175152175795,0.5,119.74568716337,0.5,122.033515546517,0.4,120.540014050112,0.4,121.941762887061,0.4,0.422165887866299,-1.63513812568301,2.19607572369179,0.563802517144509,-1.4935014964048,-1.86566249528133,-0.0917526594558353,5.88605141621503
20,0.95,10,78.9956328503657,NA,105.946055304439,0.5,102.225996766239,0.5,106.301954621698,0.5,105.975675815818,0.5,106.113974026363,0.5,106.518214436131,0.4,106.400116498046,0.4,106.8728885542,0.4,0.216259814433442,0.424440682228592,0.758914527837192,-0.326278805880008,-0.118097938084858,-0.187980595334864,0.354674118068885,4.17411973180742
20,0.95,11,76.9549860992773,NA,102.796897740098,0.5,96.9784685619745,0.5,102.498275695527,0.5,102.203535142818,0.5,102.010490620512,0.5,102.423674647265,0.4,101.795087035966,0.4,102.195427419331,0.4,-0.0746010482614707,-0.408448106852219,0.184936798819365,-0.294740552708646,-0.628587611299395,-0.487785075014628,-0.228247227933792,4.81661847399133
20,0.95,12,84.9102197909444,NA,111.40802988419,0.5,107.634950598479,0.5,112.688363496858,0.5,114.104214276505,0.5,112.252446113787,0.5,113.005401724439,0.4,113.087555353033,0.4,113.04968595393,0.4,0.31703822758098,-1.01665892347158,0.797239840142794,1.41585077964655,0.0821536285939857,-0.435917383071214,0.0442842294906001,5.45260475455365
20,0.95,13,89.2794454552676,NA,116.452722137761,0.5,112.935587195353,0.5,117.691758759227,0.5,118.246835771993,0.5,117.12982859798,0.5,118.648133244363,0.4,118.123897813123,0.45,117.8190745489,0.4,0.956374485136422,-0.122937958870182,0.6892459509193,0.555077012766361,-0.524235431240243,-0.561930161246238,-0.82905869546336,5.18831061776955
20,0.95,14,89.1409595868278,NA,119.355405959557,0.5,114.756419732996,0.5,118.978206123988,0.5,117.905685520801,0.5,119.399588439668,0.5,119.971673453589,0.4,120.776823708666,0.4,118.642491483605,0.4,0.993467329600847,2.87113818786433,-0.75709695606254,-1.07252060318653,0.805150255076953,0.421382315679708,-1.32918196998368,6.02040397567026
20,0.95,15,104.61586902368,NA,129.607905890103,0.5,125.950597645227,0.5,130.366272604379,0.5,129.086593948306,0.5,130.130799688537,0.5,129.463378091313,0.35,129.737032267375,0.35,130.14368078784,0.4,-0.902894513066656,0.650438319069508,0.0128810993030584,-1.27967865607346,0.273654176062706,-0.235472915842649,0.680302696527065,3.78643462214824
20,0.95,16,94.462526557865,NA,121.846111173959,0.5,116.820574673036,0.5,122.285369567282,0.5,122.503677206248,0.5,121.867912957347,0.5,121.779085790817,0.35,122.850905392995,0.35,122.581824631721,0.4,-0.506283776465125,0.347228186747287,0.713911674373946,0.21830763896584,1.07181960217825,-0.417456609934817,0.802738840904254,6.03033071995961
20,0.95,17,86.5999834273785,NA,116.549515355835,0.5,111.127352544105,0.5,117.114228809673,0.5,117.028945600077,0.5,116.990300336925,0.5,117.286934236894,0.4,118.424118336909,0.4,116.031208604895,0.4,0.172705427221061,1.39517273683211,-0.959091732029236,-0.0852832095963834,1.13718410001466,-0.123928472748446,-1.25572563199874,7.29676579280353
20,0.95,18,87.4765686560624,NA,113.504417507434,0.5,111.18741013571,0.5,115.410095568155,0.5,114.884648132354,0.5,115.086465715645,0.5,115.152667341219,0.45,115.276878767404,0.45,117.237553986678,0.4,-0.25742822693536,0.392230635049955,2.15108827103299,-0.525447435800302,0.124211426185013,-0.323629852509953,2.0848866454584,4.08946863169447
20,0.95,19,100.347042498307,NA,125.666191187423,0.5,121.996591062746,0.5,126.658954923341,0.5,126.659347820872,0.5,126.554148816084,0.5,128.256693174687,0.4,127.1458159653,0.4,126.808986894656,0.4,1.59773825134585,0.486468144428216,0.254838078571908,0.000392897531455105,-1.11087720938617,-0.104806107256721,-1.44770628003066,5.14922490255422
20,0.95,20,85.2987540481774,NA,112.930760632412,0.5,110.191961930668,0.5,114.615089800523,0.5,115.803156138302,0.5,114.521345746742,0.5,114.833112923663,0.4,116.068941983017,0.4,112.737152653912,0.4,0.218023123139645,0.265785844715111,-1.78419309283019,1.18806633777865,1.23582905935412,-0.093744053781009,-2.09596026975085,5.87698005234894
20,0.95,21,99.2859732921194,NA,126.151584231082,0.5,123.35910864599,0.5,129.117818401903,0.5,130.028465043818,0.5,128.085437724234,0.5,127.990648055107,0.4,129.062935169679,0.4,129.039458073336,0.4,-1.12717034679648,-0.965529874138866,0.95402034910137,0.910646641915065,1.07228711457267,-1.03238067766893,1.04881001822892,5.70382652368914
20,0.95,22,87.3840832131402,NA,115.108171489517,0.5,116.438605000966,0.5,117.597161700719,0.5,118.490574924149,0.5,116.948165893575,0.5,117.67303971843,0.4,118.632933699449,0.4,117.325480290417,0.4,0.0758780177108349,0.142358775299698,0.377314396841967,0.893413223429832,0.959893981018695,-0.648995807144203,-0.347559428013071,2.19432869848252
20,0.95,23,98.8317721155403,NA,127.757642048282,0.5,127.008020505697,0.5,129.180956363641,0.5,129.94643902888,0.5,129.136310072971,0.5,128.908833105067,0.4,130.453387820723,0.4,129.654755277022,0.4,-0.272123258574055,0.506948791843172,0.518445204050664,0.765482665239261,1.54455471565649,-0.0446462906695615,0.745922171955158,3.44536731502612
20,0.95,24,88.880548381235,NA,113.61121112859,0.5,109.652904334569,0.5,114.779257084501,0.5,114.596385039586,0.5,114.837763018611,0.5,115.556557279243,0.4,115.378189414493,0.4,114.322342784066,0.4,0.777300194741571,0.781804374907011,-0.51542023454455,-0.182872044914774,-0.178367864749333,0.058505934109462,-1.23421449517666,5.72528507992394
20,0.95,25,81.9611235729405,NA,109.802066036795,0.5,105.706290788438,0.5,110.383474311771,0.5,109.837260668633,0.5,109.301073684106,0.5,109.225861871732,0.4,109.488617656811,0.4,108.660291495795,0.4,-1.15761244003923,-0.348643011822219,-0.640782188311348,-0.546213643138003,0.262755785079008,-1.08240062766509,-0.565570375937213,3.78232686837256
20,0.95,26,97.1502603802456,NA,126.168571254999,0.5,126.778607829356,0.499999999999999,128.279566821872,0.5,128.727791161435,0.5,128.195064397154,0.5,128.001289451943,0.4,128.167161607626,0.35,127.371053281099,0.4,-0.278277369929071,-0.560629553809548,-0.824011116054706,0.448224339563524,0.165872155683047,-0.0845024247177548,-0.630236170843389,1.38855377827007
20,0.95,27,89.2059829941464,NA,114.181495374764,0.5,112.663076846691,0.5,115.421748974088,0.5,116.170905457779,0.5,115.921895741061,0.5,116.629677004244,0.4,116.746746557192,0.4,115.867208803708,0.4,1.20792803015524,0.575841099412912,-0.0546869373523151,0.749156483690982,0.117069552948649,0.500146766972293,-0.762468200535267,4.08366971050101
20,0.95,28,88.1861546490005,NA,114.918572961557,0.5,112.337434052879,0.5,116.384374140792,0.5,116.742974648259,0.5,115.309375838138,0.5,116.43073390547,0.4,116.348581067818,0.4,115.992874168765,0.4,0.0463597646780869,-0.394393580440763,0.683498330626804,0.35860050746652,-0.0821528376523304,-1.07499830265445,-0.437859736705732,4.01114701493924
20,0.95,29,85.229692233658,NA,115.389068783653,0.5,114.766362849392,0.499999999999999,117.04058130091,0.5,115.255721281571,0.5,116.378260855777,0.5,116.21888468519,0.4,116.331862180772,0.4,117.984054693464,0.4,-0.82169661571983,1.07614089920061,1.60579383768714,-1.78486001933895,0.11297749558149,-0.66232044513329,1.76517000827369,1.56549933137946
20,0.95,30,84.077440863156,NA,109.711878836847,0.5,105.419451383185,0.5,112.064659589008,0.5,112.373446483096,0.5,112.153800185776,0.5,112.106055467799,0.4,112.646092684601,0.4,111.817939287978,0.4,0.041395878791306,0.272646201504756,-0.335860897797915,0.308786894088854,0.540037216802304,0.0891405967687859,-0.288116179820435,7.22664130141651
20,0.95,31,84.0095898708584,NA,110.048727054828,0.5,104.126664636933,0.5,110.454478135348,0.5,110.316001490772,0.5,109.752206893966,0.5,111.251887084202,0.4,111.260486644932,0.4,110.706174404485,0.4,0.797408948854368,0.944485154159921,0.95396751051905,-0.138476644575121,0.00859956073043122,-0.702271241381737,-0.545712679717056,7.13382200799971
20,0.95,32,92.8649955215508,NA,123.663233517405,0.5,117.661935027348,0.5,125.529325400898,0.5,124.715028288811,0.5,125.072465886955,0.5,125.04047031185,0.4,125.951377399445,0.4,125.112755840358,0.4,-0.488855089047902,1.23634911063368,0.0402899534029757,-0.814297112086891,0.910907087594694,-0.456859513943243,0.0722855285076349,8.28944237209753
20,0.95,33,92.4529531854884,NA,118.94905359293,0.5,116.862449986229,0.5,119.69177399595,0.5,119.145042141758,0.5,119.527514455747,0.5,119.647181834512,0.35,118.738893336962,0.35,119.439857685702,0.4,-0.0445921614370661,-0.406148804795592,-0.0876567700451574,-0.54673185419206,-0.908288497550586,-0.164259540202067,-0.207324148810159,1.87644335073333
20,0.95,34,91.5623946549835,NA,120.822602499193,0.5,118.321151318352,0.5,121.303967967142,0.5,125.063476107669,0.5,123.432133130304,0.5,123.539675458994,0.4,122.84756929822,0.4,122.702332840666,0.4,2.23570749185221,-2.21590680944909,-0.729800289637794,3.75950814052764,-0.692106160773662,2.12816516316229,-0.83734261832771,4.52641797986814
20,0.95,35,95.8401000574397,NA,124.728836868965,0.5,121.834181672858,0.5,126.071528727476,0.5,132.614685209947,0.5,126.946630170728,0.5,127.679117836274,0.4,130.283946325726,0.4,126.876504208144,0.4,1.6075891087975,-2.33073888422183,-0.0701259625838446,6.54315648247105,2.60482848945172,0.875101443251111,-0.802613628130231,8.44976465286784
20,0.95,36,94.2236076988015,NA,118.978558837429,0.5,116.500423811989,0.5,121.115083075451,0.5,120.168884658913,0.5,119.904333304293,0.5,121.373110243572,0.4,121.332985535003,0.4,119.977083103314,0.4,0.258027168120648,1.16410087608979,0.0727497990209827,-0.946198416538294,-0.0401247085691523,-1.21074977115855,-1.39602714025821,4.83256172301351
20,0.95,37,88.7988510613502,NA,115.472655398898,0.5,110.343599712252,0.5,114.425920319572,0.5,112.496126215587,0.5,115.637719863837,0.5,115.981916145878,0.45,114.406126562497,0.45,115.367414153373,0.4,1.55599582630647,1.91000034691039,-0.270305710463887,-1.92979410398482,-1.5757895833809,1.21179954426522,-0.61450199250514,4.06252685024508
20,0.95,38,90.4767978542671,NA,114.470573673772,0.5,109.865804976613,0.5,115.919065311728,0.5,115.70663390452,0.5,115.182592873903,0.5,115.779226876612,0.4,116.00173554134,0.4,115.420609921868,0.4,-0.139838435116133,0.295101636820363,0.238017047965684,-0.2124314072083,0.222508664728196,-0.73647243782581,-0.358616954743994,6.13593056472732
20,0.95,39,84.624755145556,NA,109.548331552293,0.5,106.457513599692,0.5,110.417369249519,0.5,110.568152474839,0.5,109.125088033112,0.5,110.362130998979,0.4,110.394565780685,0.4,109.685424223237,0.4,-0.0552382505398725,-0.173586694153926,0.560336190125,0.150783225319969,0.0324347817059163,-1.29228121640656,-0.676706775741692,3.93705218099313
20,0.95,40,90.5144391291801,NA,116.096437394581,0.5,112.670159715385,0.5,117.038636124129,0.5,115.564535938589,0.5,116.647816577794,0.5,117.11405573219,0.4,115.183964896458,0.45,117.679351180494,0.4,0.0754196080607983,-0.38057104213101,1.03153460269924,-1.47410018554021,-1.93009083573202,-0.39081954633501,0.565295448303431,2.51380518107307
20,0.95,41,92.6963144706907,NA,125.294648857568,0.5,124.659012605632,0.5,125.722808483879,0.5,124.682914631672,0.5,124.627419149169,0.5,124.491828184183,0.4,126.465104782997,0.4,125.715434888577,0.4,-1.23098029969645,1.782190151325,1.08801573940806,-1.03989385220709,1.97327659881437,-1.09538933471083,1.22360670439369,1.80609217736499
20,0.95,42,92.2296810237149,NA,125.367884520065,0.5,122.399027126089,0.5,127.996876433287,0.5,126.276457695824,0.5,127.306182415375,0.5,127.425550748144,0.4,128.724174836867,0.4,127.047393976347,0.4,-0.571325685143336,2.44771714104306,-0.258788439027356,-1.72041873746376,1.29862408872263,-0.690694017912733,-0.378156771796753,6.32514771077736
20,0.95,43,88.8782271075106,NA,114.831186291711,0.5,112.594399694259,0.5,115.636368385148,0.5,115.39885460423,0.5,114.870631838264,0.5,116.699961800034,0.4,116.570359499496,0.4,115.766640609891,0.4,1.06359341488589,1.17150489526516,0.896008771627507,-0.237513780917766,-0.129602300538494,-0.765736546884654,-0.933321190143033,3.97595980523631
20,0.95,44,91.7825407948364,NA,115.146721805653,0.5,110.756780111261,0.5,117.270554967114,0.5,116.770848532051,0.5,116.329670427858,0.5,117.181197065069,0.4,118.013291648917,0.4,118.424351964687,0.4,-0.0893579020446822,1.24244311686653,2.09468153682958,-0.499706435063018,0.832094583848189,-0.940884539256288,1.24315489961798,7.25651153765618
20,0.95,45,95.7780946623764,NA,119.899729077886,0.5,115.351225189386,0.5,121.955822030181,0.5,158.387887364078,0.5,120.06617485514,0.5,122.995630607625,0.4,145.167947211537,0.55,121.534102958964,0.4,1.03980857744341,-13.2199401525404,1.46792810382402,36.4320653338964,22.1723166039126,-1.88964717504163,-1.46152764866102,29.8167220221511
20,0.95,46,90.0334443872856,NA,117.644549047083,0.5,114.534314535256,0.5,119.681313202551,0.5,118.932501157828,0.5,119.11626220009,0.5,119.264975931536,0.4,119.226932400404,0.4,119.287645380373,0.4,-0.41633727101501,0.294431242575925,0.171383180283087,-0.748812044723039,-0.0380435311321037,-0.565051002460748,0.0226694488373482,4.69261786514738
20,0.95,47,85.5287448514076,NA,114.252201064065,0.5,111.966626718031,0.5,115.329178473599,0.5,115.575641762287,0.5,114.521919572593,0.5,116.166970689624,0.4,115.637067434005,0.4,113.950219437827,0.4,0.837792216025392,0.0614256717176573,-0.571700134765678,0.246463288688517,-0.529903255619217,-0.807258901005767,-2.21675125179684,3.67044071597365
20,0.95,48,91.082546959511,NA,118.747409258762,0.5,114.790055195125,0.5,119.034031751244,0.5,118.935943730603,0.5,118.227202139487,0.5,120.506647443067,0.4,120.06910914855,0.4,119.087428880423,0.4,1.47261569182292,1.13316541794697,0.860226740935147,-0.0980880206407875,-0.437538294516742,-0.80682961175674,-1.41921856264452,5.27905395342509
20,0.95,49,90.4319316941373,NA,117.700332261782,0.5,114.02370405673,0.5,120.753259139934,0.5,121.184644073344,0.5,119.236960659737,0.5,121.742939736043,0.4,120.837301662997,0.4,120.546504561754,0.4,0.989680596109707,-0.347342410346599,1.30954390201762,0.431384933410072,-0.905638073046234,-1.51629848019685,-1.19643517428894,6.81359760626661
20,0.95,50,86.2656537543993,NA,110.446055922108,0.5,105.121164296556,0.5,111.817758960102,0.5,112.096650530443,0.5,111.949922696437,0.5,112.253046145211,0.4,112.892141228141,0.4,111.630947980001,0.4,0.435287185108706,0.795490697697105,-0.318974716436202,0.278891570341528,0.639095082929927,0.132163736335485,-0.622098165209422,7.770976931585
