"tau_k","epsilon","seed","out_S1","alpha_S1","out_S2","alpha_S2","out_S3","alpha_S3","out_S4","alpha_S4","out_S5","alpha_S5","out_S6","alpha_S6","out_S7","alpha_S7","out_S8","alpha_S8","out_S9","alpha_S9","gini_g1_S5","gini_g1_S8","fwd_vs_myo_P","fwd_vs_myo_PG","fwd_vs_myo_PS","signal_myo","signal_fwd","seed_myo","seed_fwd","optimal_vs_naive"
0.1,0.05,1,80.8762001017361,NA,102.944486107623,0.5,100.579795196235,0.5,103.941325383841,0.5,110.313359997985,0.5,103.284978518592,0.5,103.225887243673,0.5,110.21295223903,0.5,103.481610459421,0.5,0.375384615384615,0.389230769230769,-0.715438140167549,-0.100407758955214,0.19663194082861,6.37203461414421,6.98706499535655,-0.656346865248807,0.255723215747352,9.63315704279441
0.1,0.05,2,86.2327020234782,NA,109.102028565489,0.5,107.247752183403,0.5,109.31976904258,0.5,117.738683613433,0.5,110.111095354377,0.5,110.140117740226,0.5,117.758399954886,0.5,110.116287831793,0.5,0.396,0.42,0.82034869764594,0.0197163414529484,0.00519247741578965,8.41891457085325,7.61828221466025,0.791326311797121,-0.0238299084330293,10.5106477714834
0.1,0.05,3,77.2388420402395,NA,95.5016475073475,0.5,89.9771984803972,0.5,96.4391551197968,0.5,99.6378585078295,0.5,95.5025254078651,0.5,96.2434071613514,0.5,99.4960498748993,0.5,95.2693580577681,0.5,0.2575,0.254545454545455,-0.195747958445423,-0.141808632930179,-0.233167350097006,3.1987033880327,3.25264271354794,-0.936629711931758,-0.97404910358334,9.51885139450211
0.1,0.05,4,89.2209948742652,NA,113.563590208087,0.5,114.171837755431,0.5,112.965811823327,0.5,127.649136894215,0.5,114.125526850539,0.5,113.101644940785,0.5,126.960389432529,0.5,113.563639421063,0.5,0.427368421052632,0.396,0.135833117458759,-0.688747461686205,-0.561887429475959,14.6833250708888,13.8587444917438,1.15971502721244,0.461994480277724,12.7885516770985
0.1,0.05,5,84.402243412702,NA,104.255502580119,0.5,102.472791923406,0.5,105.854955342027,0.5,111.518454338027,0.5,106.248741700641,0.5,105.456044901274,0.5,111.518357879879,0.5,105.449180086018,0.5,0.365,0.349565217391304,-0.398910440753212,-9.64581485476401e-05,-0.799561614623286,5.66349899600021,6.06231297860488,0.393786358614506,-0.00686481525556815,9.04556595647243
0.1,0.05,6,94.2149357834896,NA,119.036991118294,0.5,119.718709017242,0.5,121.682069686479,0.5,129.509713018672,0.5,120.154449739185,0.5,120.679505182034,0.5,129.543728629345,0.5,120.432000868861,0.5,0.396190476190476,0.371428571428571,-1.00256450444471,0.0340156106732081,0.277551129676056,7.82764333219336,8.86422344731128,-1.52761994729326,-0.247504313172499,9.82501961210268
0.1,0.05,7,83.1432460778453,NA,108.912600906294,0.5,108.325509879445,0.5,111.812659555466,0.5,127.493250964569,0.5,111.024871142831,0.5,111.568853577292,0.5,127.706082288958,0.5,112.311097902655,0.5,0.446153846153846,0.466666666666667,-0.243805978173995,0.212831324389725,1.28622675982375,15.680591409103,16.1372287116667,-0.787788412634427,0.742244325363316,19.3805724095131
0.1,0.05,8,78.9870813260794,NA,101.423096593152,0.5,100.19307770761,0.5,101.645364011443,0.5,109.993683012722,0.5,100.61779180512,0.5,101.391446696382,0.5,110.123843666717,0.5,101.097177800993,0.5,0.380869565217391,0.38,-0.253917315061244,0.130160653994736,0.479385995872804,8.34831900127841,8.73239697033439,-1.02757220632375,-0.294268895389706,9.93076595910711
0.1,0.05,9,79.9172349458268,NA,104.59464932913,0.5,101.747522273535,0.5,107.690667498025,0.5,119.295474912124,0.5,105.957245168814,0.5,107.540178573499,0.5,119.133616083284,0.5,108.236145436058,0.5,0.385,0.3875,-0.150488924525717,-0.161858828840536,2.27890026724378,11.6048074140991,11.5934375097843,-1.73342232921132,0.69596686255818,17.3860938097491
0.1,0.05,10,72.2159777452903,NA,93.071901686548,0.5,90.1810915141627,0.5,93.465394927294,0.5,96.5896286596403,0.5,93.3022856531301,0.5,93.1404940038805,0.5,96.6145620635016,0.5,93.6064683267701,0.5,0.25875,0.283870967741936,-0.324900923413452,0.0249334038612687,0.304182673640028,3.12423373234631,3.47406805962103,-0.163109274163901,0.465974322889579,6.43347054933884
0.1,0.05,11,70.2987911402309,NA,90.0143303376112,0.5,85.1979622294876,0.5,89.6887727628844,0.5,92.7181789335926,0.5,89.3268168905104,0.5,89.558608590408,0.5,93.0414177306326,0.5,88.8379879895766,0.5,0.242222222222222,0.269411764705882,-0.130164172476356,0.32323879703992,-0.488828900933811,3.02940617070826,3.48280914022453,-0.361955872373983,-0.720620600831438,7.84345550114493
0.1,0.05,12,77.0726133508961,NA,97.6990954018201,0.5,94.8338171737927,0.5,98.861400910721,0.5,104.14439746808,0.5,98.4776198976154,0.5,99.075766681903,0.5,104.158649274506,0.5,98.8424627449294,0.5,0.361538461538461,0.344615384615385,0.214365771182074,0.01425180642633,0.364842847313952,5.2829965573586,5.08288259260286,-0.383781013105519,-0.233303936973641,9.32483210071321
0.1,0.05,13,80.5024922217724,NA,101.868377157041,0.5,99.1135007694867,0.5,102.923520079241,0.5,107.706235915607,0.5,102.368421860081,0.5,103.268196615366,0.5,107.779690155323,0.5,102.780880768425,0.5,0.338461538461538,0.334814814814815,0.344676536124481,0.0734542397165967,0.412458908343567,4.78271583636541,4.51149353995753,-0.55509821916003,-0.487315846940945,8.66618938583676
0.1,0.05,14,82.4390598987508,NA,106.636483803232,0.5,102.715487590288,0.5,106.423074977131,0.5,113.493065956303,0.5,106.777320963642,0.5,106.572294145653,0.5,113.702313010554,0.5,106.502009785457,0.5,0.380869565217391,0.383333333333333,0.14921916852208,0.209247054251691,-0.275311178185547,7.06999097917152,7.13001886490113,0.354245986511287,-0.0702843601963394,10.9868254202662
0.1,0.05,15,93.7423487076798,NA,113.033122599378,0.5,110.249027202997,0.5,113.694091783805,0.5,120.532626002091,0.5,113.694054717028,0.5,113.180329722785,0.5,120.702655725046,0.5,113.513708344106,0.5,0.419130434782609,0.412173913043478,-0.513762061019705,0.170029722954695,-0.180346372921733,6.83853421828621,7.52232600226061,-3.70667771107946e-05,0.333378621320861,10.4536285220485
0.1,0.05,16,85.7211560027588,NA,107.237325876592,0.5,102.955197955252,0.5,107.673290498362,0.5,114.520592331295,0.5,107.201096005461,0.5,107.022081565442,0.5,114.52719813346,0.5,107.71972814365,0.5,0.369090909090909,0.377391304347826,-0.651208932920753,0.00660580216559481,0.518632138188735,6.84730183293226,7.50511656801861,-0.47219449290148,0.697646578208008,11.5720001782085
0.1,0.05,17,79.583660613657,NA,103.609530635166,0.5,99.1792978989213,0.5,104.149936974621,0.5,110.369190167874,0.5,104.083244444324,0.5,103.988189834759,0.5,110.451083186118,0.5,103.708855937529,0.5,0.346086956521739,0.345,-0.161747139861575,0.0818930182442728,-0.374388506794844,6.21925319325305,6.4628933513589,-0.0666925302968338,-0.279333897230103,11.2717852871968
0.1,0.05,18,78.8403184356226,NA,99.1817944914993,0.5,97.7543879858915,0.5,100.825974881195,0.5,109.07704519895,0.5,100.61329209596,0.5,100.553405991716,0.5,109.01157252808,0.5,102.136735514575,0.5,0.455238095238095,0.484,-0.272568889478535,-0.0654726708693261,1.52344341861509,8.2510703177548,8.458166536364,-0.21268278523516,1.58332952285846,11.2571845421889
0.1,0.05,19,89.6943062734284,NA,109.12869645273,0.5,105.942820063092,0.5,110.195797268952,0.5,112.720998161597,0.5,109.870958407018,0.5,110.876233885379,0.5,112.664517232882,0.5,110.395425405493,0.5,0.309333333333333,0.301333333333333,0.680436616426945,-0.0564809287152457,0.52446699847539,2.52520089264516,1.78828334750297,-0.324838861934595,-0.48080847988615,6.72169716978995
0.1,0.05,20,77.3480020129813,NA,99.3082920709933,0.5,97.241743693501,0.5,100.857644641224,0.5,110.465548542535,0.5,100.798082389641,0.5,100.628880182118,0.5,110.478920421757,0.5,99.3598399425721,0.5,0.449090909090909,0.445454545454546,-0.22876445910596,0.0133718792224329,-1.43824244706875,9.60790390131109,9.85004023963948,-0.0595622515829177,-1.2690402395457,13.2371767282563
0.1,0.05,21,89.1380992545682,NA,110.461173536994,0.5,108.297493321367,0.5,113.164522868335,0.5,120.847452010083,0.5,112.355640730488,0.5,111.675226627499,0.5,120.814085154298,0.5,112.804712409792,0.5,0.398,0.394545454545455,-1.48929624083615,-0.0333668557847773,0.449071679304552,7.68292914174782,9.1388585267992,-0.808882137847021,1.12948578229368,12.5165918329304
0.1,0.05,22,79.3897746574638,NA,101.377821506122,0.5,103.526772323016,0.5,103.917925760758,0.5,118.528410055374,0.5,103.346853886378,0.5,104.250450946684,0.5,118.464980166762,0.5,102.711351160381,0.5,0.542857142857143,0.54,0.332525185925988,-0.0634298886112248,-0.635502725996574,14.6104842946152,14.214529220078,-0.571071874380692,-1.53909978630325,14.9382078437465
0.1,0.05,23,90.3236222116668,NA,113.43460426168,0.5,113.428923614763,0.5,114.778752698667,0.5,124.392594343167,0.5,114.73776967031,0.5,113.934865127492,0.5,124.515553486727,0.5,114.12558376493,0.5,0.466666666666667,0.494,-0.843887571175202,0.122959143560166,-0.612185905380073,9.6138416445,10.5806883592354,-0.0409830283570614,0.190718637438067,11.0866298719636
0.1,0.05,24,78.967425697543,NA,97.8891881413786,0.5,94.5912628696347,0.5,98.9020737328663,0.5,102.190106109564,0.5,98.9930265723971,0.5,98.8180192319297,0.5,102.195833833368,0.5,97.8374257276622,0.5,0.29125,0.327741935483871,-0.0840545009366167,0.00572772380363062,-1.15560084473496,3.28803237669796,3.3778146014382,0.0909528395308428,-0.980593504267503,7.60457096373314
0.1,0.05,25,75.2023872742758,NA,97.0484845242806,0.5,94.1165209559222,0.5,97.7276850991593,0.5,107.340999370892,0.5,96.61089549243,0.5,97.1241212039948,0.5,106.977031077347,0.5,95.1269588072743,0.5,0.494736842105263,0.452727272727273,-0.603563895164513,-0.363968293544403,-1.48393668515567,9.61331427173235,9.85290987335246,-1.11678960672928,-1.99716239672044,12.8605101214251
0.1,0.05,26,88.8197333656339,NA,112.030582047785,0.5,113.453018121161,0.499999999999999,114.090892736579,0.5,129.332881969077,0.5,114.236953287049,0.5,113.512258354183,0.5,129.218122344128,0.5,113.074196466253,0.5,0.568571428571429,0.554666666666667,-0.578634382395748,-0.114759624948931,-1.16275682079564,15.2419892324982,15.705863989945,0.146060550469755,-0.438061887930132,15.7651042229673
0.1,0.05,27,79.811348768496,NA,99.2068329930358,0.5,98.2220025700302,0.5,100.287921065003,0.5,108.933814580222,0.5,100.853924273931,0.5,100.97219493756,0.5,108.877554622857,0.5,101.191340713254,0.5,0.443809523809524,0.452,0.684273872556247,-0.056259957364631,0.337416439322851,8.64589351521832,7.90535968529744,0.566003208927654,0.219145775694258,10.6555520528269
0.1,0.05,28,79.5536766294286,NA,100.474499239686,0.5,98.5561233874466,0.5,101.71226588552,0.5,106.27416202682,0.5,100.700043629061,0.5,101.673525491053,0.5,106.10421614525,0.5,100.457420021867,0.5,0.3344,0.336,-0.0387403944662026,-0.169945881569475,-0.242623607193835,4.56189614130028,4.43069065419701,-1.01222225645911,-1.21610546918674,7.54809275780383
0.1,0.05,29,78.6896869408257,NA,102.941481537157,0.5,103.153665153335,0.499999999999999,104.780924996993,0.5,114.841192003565,0.5,104.181207386028,0.5,104.38617711943,0.5,114.899975859018,0.5,105.930131951609,0.5,0.463529411764706,0.457777777777778,-0.394747877563177,0.0587838554524609,1.74892456558108,10.0602670065721,10.5137987395877,-0.599717610965158,1.5439548321791,11.746310705683
0.1,0.05,30,75.2368945876496,NA,95.1612548812741,0.5,91.8471151379588,0.5,97.1657503114822,0.5,100.698701199462,0.5,97.3460618607429,0.5,97.1811695735407,0.5,100.766678555105,0.5,96.9486398475209,0.5,0.366153846153846,0.3728,0.0154192620585718,0.0679773556428245,-0.397422013222055,3.53295088798028,3.58550898156453,0.18031154926075,-0.232529726019877,8.91956341714651
0.1,0.05,31,76.1751429389553,NA,96.1809200516852,0.5,91.6772450228167,0.5,96.6452805355602,0.5,100.075227831618,0.5,95.8834646637537,0.5,97.0015834516031,0.5,100.156234905363,0.5,96.4249799302579,0.5,0.298064516129032,0.298064516129032,0.356302916042878,0.0810070737452975,0.54151526650422,3.42994729605769,3.15465145376011,-0.761815871806576,-0.576603521345234,8.4789898825465
0.1,0.05,32,84.9729193418102,NA,109.886266539943,0.5,104.662389169872,0.5,111.609491443232,0.5,118.019463191607,0.5,111.312897191158,0.5,110.405868509707,0.5,117.808957287729,0.5,110.888152745104,0.5,0.420869565217391,0.392,-1.2036229335243,-0.210505903878072,-0.424744446054191,6.40997174837571,7.40308877802194,-0.29659425207312,0.482284235396989,13.1465681178568
0.1,0.05,33,83.6404955273909,NA,104.17050142144,0.5,102.76614517487,0.5,104.89413653704,0.5,109.18957665388,0.5,104.803043287152,0.5,104.320487832961,0.5,109.310836758822,0.5,103.471460124168,0.5,0.342857142857143,0.334814814814815,-0.573648704079318,0.121260104942536,-1.33158316298429,4.29544011683956,4.99034892586141,-0.0910932498879191,-0.849027708792889,6.5446915839522
0.1,0.05,34,83.5952684145193,NA,107.17397103211,0.5,105.694701678398,0.5,107.469718241635,0.5,127.756501498742,0.5,109.77844855545,0.5,108.5834024387,0.5,128.440627402109,0.5,109.915816213781,0.5,0.472941176470588,0.621818181818182,1.11368419706473,0.684125903367075,0.137367658331556,20.2867832571072,19.8572249634095,2.30873031381466,1.33241377508149,22.7459257237112
0.1,0.05,35,87.3030556098573,NA,110.418365463654,0.5,108.392680352727,0.5,111.655708861486,0.5,134.763810865632,0.5,112.634127809441,0.5,114.712730669332,0.5,133.151131693551,0.5,112.558454082268,0.5,0.492631578947369,0.58,3.05702180784643,-1.61267917208113,-0.075673727172898,23.1081020041461,18.4384010242186,0.978418947954623,-2.1542765870647,24.7584513408239
0.1,0.05,36,84.5777720588481,NA,103.449474203329,0.5,101.994362226608,0.5,105.376933722424,0.5,107.536138526821,0.5,104.247958039058,0.5,105.741829790758,0.5,107.895803778336,0.5,104.046451687092,0.5,0.343703703703704,0.332413793103448,0.364896068334247,0.359665251514869,-0.201506351966017,2.1592048043973,2.15397398757793,-1.12897568336602,-1.69537810366629,5.90144155172828
0.1,0.05,37,80.5316516285945,NA,101.19891135015,0.5,97.0259938591517,0.5,100.215070969152,0.5,104.481590502535,0.5,101.300005284428,0.5,101.199193701054,0.5,104.567557568021,0.5,100.52021749047,0.5,0.268387096774193,0.254193548387097,0.984122731901735,0.0859670654855336,-0.779787793958505,4.26651953338288,3.36836386696667,1.08493431527607,-0.678976210584167,7.54156370886901
0.1,0.05,38,80.8195672549004,NA,98.9699231128938,0.5,95.2882805728902,0.5,100.251612808878,0.5,102.649451173041,0.5,99.6153213242445,0.5,100.232609087749,0.5,102.478019170268,0.5,100.092822409158,0.5,0.259354838709677,0.2475,-0.0190037211291667,-0.171432002773557,0.477501084913882,2.39783836416342,2.24541008251903,-0.636291484633162,-0.139786678590113,7.18973859737736
0.1,0.05,39,76.0452339785991,NA,95.0828471274771,0.5,92.676775137258,0.5,95.9800190388476,0.5,99.7458086587393,0.5,94.8441876349679,0.5,95.6300417463291,0.5,99.6847887572101,0.5,94.8493241185767,0.5,0.32,0.294545454545455,-0.349977292518503,-0.0610199015291784,0.00513648360876573,3.76578961989163,4.05474701088096,-1.13583140387972,-0.780717627752452,7.00801361995205
0.1,0.05,40,81.8217749508913,NA,101.563039545396,0.5,98.785535875833,0.5,102.456546054509,0.5,108.320591305559,0.5,102.121583786259,0.5,101.784019686288,0.5,108.446202165476,0.5,102.298069081456,0.5,0.382608695652174,0.394782608695652,-0.672526368220659,0.125610859916819,0.176485295196628,5.86404525105029,6.66218247918776,-0.334962268249498,0.514049395167788,9.66066628964289
0.1,0.05,41,85.8914215791789,NA,112.734394457851,0.5,112.836518998187,0.5,113.317707866132,0.5,124.813133286623,0.5,112.093626181519,0.5,112.269092737209,0.5,125.025500427347,0.5,114.040354418953,0.5,0.43764705882353,0.43578947368421,-1.04861512892333,0.212367140724183,1.94672823743355,11.495425420491,12.7564076901386,-1.22408168461293,1.77126168174395,12.18898142916
0.1,0.05,42,85.7066491243208,NA,113.060352749038,0.5,110.677229505623,0.5,115.672513346833,0.5,123.419786546479,0.5,114.915557794507,0.5,114.607899969399,0.5,123.54666232789,0.5,114.76446643806,0.5,0.338947368421053,0.332,-1.06461337743411,0.126875781411485,-0.151091356446656,7.74727319964559,8.93876235849119,-0.756955552326176,0.156566468661282,12.8694328222669
0.1,0.05,43,80.9381893469591,NA,100.910213527615,0.5,99.3840212875517,0.5,101.641305470067,0.5,105.576968970393,0.5,100.937178087949,0.5,101.764661320983,0.5,105.627170289858,0.5,101.228341915219,0.5,0.422608695652174,0.354285714285714,0.123355850915416,0.0502013194653017,0.291163827269372,3.9356635003258,3.86250896887569,-0.704127382118173,-0.536319405764218,6.24314900230684
0.1,0.05,44,81.6002862016079,NA,99.2609998487606,0.5,95.8850051534254,0.5,101.18341407956,0.5,116.585482569638,0.5,100.229963333258,0.5,99.9586838548804,0.5,116.738008217655,0.5,101.669650362672,0.5,0.527619047619048,0.493913043478261,-1.22473022467945,0.152525648016834,1.4396870294145,15.4020684900781,16.7793243627744,-0.953450746301954,1.71096650779199,20.8530030642294
0.1,0.05,45,85.4158529988797,NA,103.864652891138,0.5,100.195672574655,0.5,105.891049366796,0.5,148.677219889535,0.5,103.935256499859,0.5,105.322222079867,0.5,135.485522377734,0.5,105.204152786893,0.5,0.6,0.645,-0.568827286929036,-13.191697511801,1.26889628703434,42.7861705227388,30.1633002978669,-1.95579286693706,-0.118069292973686,35.2898498030789
0.1,0.05,46,81.9046293939003,NA,103.774271754532,0.5,101.617373665411,0.5,105.591255167536,0.5,113.190388716485,0.5,105.15690193695,0.5,104.744776680818,0.5,113.185554974527,0.5,105.422368825077,0.5,0.448421052631579,0.455555555555555,-0.846478486718624,-0.00483374195800934,0.265466888127605,7.59913354894842,8.44077829370903,-0.434353230586552,0.677592144259677,11.5681813091151
0.1,0.05,47,77.8995364276236,NA,100.757910315233,0.5,99.4223438919467,0.5,101.826053743318,0.5,109.373425237161,0.5,101.113022270018,0.5,102.442618637952,0.5,109.25013959032,0.5,100.496641927497,0.5,0.418181818181818,0.393333333333333,0.61656489463401,-0.12328564684104,-0.616380342521097,7.54737149384253,6.80752095236748,-0.713031473299935,-1.94597671045504,9.82779569837294
0.1,0.05,48,83.0054306112622,NA,104.789143883946,0.5,101.612508834071,0.5,105.298778317541,0.5,115.037762556443,0.5,104.623787621686,0.5,106.677759532564,0.5,114.999848426532,0.5,105.303030635869,0.5,0.48,0.451428571428571,1.37898121502323,-0.0379141299112575,0.679243014182859,9.73898423890275,8.32208889396826,-0.674990695855001,-1.37472889669537,13.3873395924611
0.1,0.05,49,81.74595058514,NA,103.376328945938,0.5,100.685985453278,0.5,106.357700081394,0.5,114.854280537847,0.5,104.836573599104,0.5,106.94650785025,0.5,115.103871079773,0.5,105.536773065147,0.5,0.424,0.437894736842105,0.588807768856626,0.249590541925272,0.700199466042903,8.49658045645387,8.15736322952252,-1.52112648228913,-1.40973478510286,14.417885626495
0.1,0.05,50,76.8263509794977,NA,95.2182844073379,0.5,91.1262133693777,0.5,96.3625154144017,0.5,98.7811900222099,0.5,96.4616377450528,0.5,96.2969146157945,0.5,98.6549722601777,0.5,96.4078797377217,0.5,0.254117647058824,0.238857142857143,-0.0656007986071359,-0.126217762032127,-0.0537580073311403,2.41867460780817,2.35805764438318,0.0991223306511557,0.110965121927151,7.52875889079999
1,0.05,1,80.8762001017361,NA,102.944486107623,0.5,100.579795196235,0.5,103.941325383841,0.5,107.970172116924,0.5,103.284978518592,0.5,103.225887243673,0.5,107.618530196663,0.5,103.481610459421,0.5,0.333333333333333,0.358620689655172,-0.715438140167549,-0.351641920261486,0.19663194082861,4.02884673308323,4.39264295298929,-0.656346865248807,0.255723215747352,7.03873500042715
1,0.05,2,86.2327020234782,NA,109.102028565489,0.5,107.247752183403,0.5,109.31976904258,0.5,115.336192315641,0.5,110.111095354377,0.5,110.140117740226,0.5,115.518581594592,0.5,110.116287831793,0.5,0.371851851851852,0.371428571428571,0.82034869764594,0.182389278951092,0.00519247741578965,6.01642327306038,5.37846385436553,0.791326311797121,-0.0238299084330293,8.27082941118873
1,0.05,3,77.2388420402395,NA,95.5016475073475,0.5,89.9771984803972,0.5,96.4391551197968,0.5,97.3486363487533,0.5,95.5025254078651,0.5,96.2434071613514,0.5,97.4889205387368,0.5,95.2693580577681,0.5,0.145714285714286,0.143809523809524,-0.195747958445423,0.140284189983504,-0.233167350097006,0.909481228956437,1.24551337738536,-0.936629711931758,-0.97404910358334,7.51172205833953
1,0.05,4,89.2209948742652,NA,113.563590208087,0.5,114.171837755431,0.5,112.965811823327,0.5,124.947066944264,0.5,114.125526850539,0.5,113.101644940785,0.5,124.922850171216,0.5,113.563639421063,0.5,0.471304347826087,0.4384,0.135833117458759,-0.0242167730482805,-0.561887429475959,11.9812551209379,11.8212052304308,1.15971502721244,0.461994480277724,10.7510124157855
1,0.05,5,84.402243412702,NA,104.255502580119,0.5,102.472791923406,0.5,105.854955342027,0.5,109.952681216776,0.5,106.248741700641,0.5,105.456044901274,0.5,109.741717000756,0.5,105.449180086018,0.5,0.270588235294118,0.270588235294118,-0.398910440753212,-0.210964216019875,-0.799561614623286,4.09772587474941,4.28567209948275,0.393786358614506,-0.00686481525556815,7.2689250773503
1,0.05,6,94.2149357834896,NA,119.036991118294,0.5,119.718709017242,0.5,121.682069686479,0.5,127.520507682556,0.5,120.154449739185,0.5,120.679505182034,0.5,127.380436594687,0.5,120.432000868861,0.5,0.3824,0.42,-1.00256450444471,-0.140071087869501,0.277551129676056,5.8384379960778,6.70093141265301,-1.52761994729326,-0.247504313172499,7.66172757744441
1,0.05,7,83.1432460778453,NA,108.912600906294,0.5,108.325509879445,0.5,111.812659555466,0.5,127.605049996994,0.5,111.024871142831,0.5,111.568853577292,0.5,127.62246150473,0.5,112.311097902655,0.5,0.408,0.428,-0.243805978173995,0.0174115077362984,1.28622675982375,15.792390441528,16.0536079274383,-0.787788412634427,0.742244325363316,19.2969516252847
1,0.05,8,78.9870813260794,NA,101.423096593152,0.5,100.19307770761,0.5,101.645364011443,0.5,106.958356700049,0.5,100.61779180512,0.5,101.391446696382,0.5,106.792545720082,0.5,101.097177800993,0.5,0.31375,0.301818181818182,-0.253917315061244,-0.165810979967134,0.479385995872804,5.3129926886055,5.40109902369962,-1.02757220632375,-0.294268895389706,6.59946801247233
1,0.05,9,79.9172349458268,NA,104.59464932913,0.5,101.747522273535,0.5,107.690667498025,0.5,116.641580486369,0.5,105.957245168814,0.5,107.540178573499,0.5,116.4098568117,0.5,108.236145436058,0.5,0.418333333333333,0.4064,-0.150488924525717,-0.231723674668189,2.27890026724378,8.9509129883435,8.86967823820103,-1.73342232921132,0.69596686255818,14.6623345381658
1,0.05,10,72.2159777452903,NA,93.071901686548,0.5,90.1810915141627,0.5,93.465394927294,0.5,94.9435191469257,0.5,93.3022856531301,0.5,93.1404940038805,0.5,95.1502313150462,0.5,93.6064683267701,0.5,0.168780487804878,0.168780487804878,-0.324900923413452,0.206712168120504,0.304182673640028,1.4781242196317,2.00973731116565,-0.163109274163901,0.465974322889579,4.96913980088345
1,0.05,11,70.2987911402309,NA,90.0143303376112,0.5,85.1979622294876,0.5,89.6887727628844,0.5,90.6606926457972,0.5,89.3268168905104,0.5,89.558608590408,0.5,90.5583141659933,0.5,88.8379879895766,0.5,0.130232558139535,0.145714285714286,-0.130164172476356,-0.10237847980396,-0.488828900933811,0.971919882912843,0.999705575585239,-0.361955872373983,-0.720620600831438,5.36035193650564
1,0.05,12,77.0726133508961,NA,97.6990954018201,0.5,94.8338171737927,0.5,98.861400910721,0.5,102.000306622,0.5,98.4776198976154,0.5,99.075766681903,0.5,102.108411644425,0.5,98.8424627449294,0.5,0.301176470588235,0.298823529411765,0.214365771182074,0.108105022424837,0.364842847313952,3.13890571127938,3.03264496252214,-0.383781013105519,-0.233303936973641,7.27459447063249
1,0.05,13,80.5024922217724,NA,101.868377157041,0.5,99.1135007694867,0.5,102.923520079241,0.5,105.811129076802,0.5,102.368421860081,0.5,103.268196615366,0.5,105.415200091066,0.5,102.780880768425,0.5,0.265142857142857,0.28969696969697,0.344676536124481,-0.395928985735949,0.412458908343567,2.88760899756033,2.1470034756999,-0.55509821916003,-0.487315846940945,6.30169932157914
1,0.05,14,82.4390598987508,NA,106.636483803232,0.5,102.715487590288,0.5,106.423074977131,0.5,111.281573754037,0.5,106.777320963642,0.5,106.572294145653,0.5,111.519268522324,0.5,106.502009785457,0.5,0.332903225806452,0.346666666666666,0.14921916852208,0.237694768287511,-0.275311178185547,4.8584987769058,4.94697437667124,0.354245986511287,-0.0702843601963394,8.80378093203635
1,0.05,15,93.7423487076798,NA,113.033122599378,0.5,110.249027202997,0.5,113.694091783805,0.5,118.095221873458,0.5,113.694054717028,0.5,113.180329722785,0.5,118.106555725275,0.5,113.513708344106,0.5,0.294545454545455,0.31125,-0.513762061019705,0.011333851817426,-0.180346372921733,4.4011300896528,4.92622600248993,-3.70667771107946e-05,0.333378621320861,7.85752852227782
1,0.05,16,85.7211560027588,NA,107.237325876592,0.5,102.955197955252,0.5,107.673290498362,0.5,112.27070796896,0.5,107.201096005461,0.5,107.022081565442,0.5,111.700468113854,0.5,107.71972814365,0.5,0.299393939393939,0.272,-0.651208932920753,-0.570239855105825,0.518632138188735,4.59741747059755,4.67838654841248,-0.47219449290148,0.697646578208008,8.7452701586024
1,0.05,17,79.583660613657,NA,103.609530635166,0.5,99.1792978989213,0.5,104.149936974621,0.5,107.670795579268,0.5,104.083244444324,0.5,103.988189834759,0.5,107.950499375515,0.5,103.708855937529,0.5,0.258064516129032,0.268387096774193,-0.161747139861575,0.279703796247176,-0.374388506794844,3.5208586046471,3.96230954075585,-0.0666925302968338,-0.279333897230103,8.77120147659376
1,0.05,18,78.8403184356226,NA,99.1817944914993,0.5,97.7543879858915,0.5,100.825974881195,0.5,106.75217540599,0.5,100.61329209596,0.5,100.553405991716,0.5,106.823571163126,0.5,102.136735514575,0.5,0.33,0.3325,-0.272568889478535,0.0713957571355763,1.52344341861509,5.92620052479528,6.27016517140939,-0.21268278523516,1.58332952285846,9.06918317723431
1,0.05,19,89.6943062734284,NA,109.12869645273,0.5,105.942820063092,0.5,110.195797268952,0.5,111.47965018483,0.5,109.870958407018,0.5,110.876233885379,0.5,111.390623581109,0.5,110.395425405493,0.5,0.236666666666667,0.225945945945946,0.680436616426945,-0.0890266037213792,0.52446699847539,1.28385291587783,0.514389695729506,-0.324838861934595,-0.48080847988615,5.44780351801649
1,0.05,20,77.3480020129813,NA,99.3082920709933,0.5,97.241743693501,0.5,100.857644641224,0.5,108.742189899253,0.5,100.798082389641,0.5,100.628880182118,0.5,108.812543798223,0.5,99.3598399425721,0.5,0.4528,0.369655172413793,-0.22876445910596,0.0703538989702963,-1.43824244706875,7.88454525802877,8.18366361610502,-0.0595622515829177,-1.2690402395457,11.5708001047218
1,0.05,21,89.1380992545682,NA,110.461173536994,0.5,108.297493321367,0.5,113.164522868335,0.5,119.238978865594,0.5,112.355640730488,0.5,111.675226627499,0.5,119.120472285207,0.5,112.804712409792,0.5,0.4304,0.436666666666667,-1.48929624083615,-0.11850658038648,0.449071679304552,6.07445599725895,7.44524565770863,-0.808882137847021,1.12948578229368,10.8229789638398
1,0.05,22,79.3897746574638,NA,101.377821506122,0.5,103.526772323016,0.5,103.917925760758,0.5,117.364263741496,0.5,103.346853886378,0.5,104.250450946684,0.5,117.021354473672,0.5,102.711351160381,0.5,0.554666666666667,0.568571428571429,0.332525185925988,-0.342909267824211,-0.635502725996574,13.4463379807376,12.7709035269874,-0.571071874380692,-1.53909978630325,13.4945821506559
1,0.05,23,90.3236222116668,NA,113.43460426168,0.5,113.428923614763,0.5,114.778752698667,0.5,123.268369047313,0.5,114.73776967031,0.5,113.934865127492,0.5,123.15814409165,0.5,114.12558376493,0.5,0.485454545454546,0.512,-0.843887571175202,-0.110224955663668,-0.612185905380073,8.48961634864662,9.22327896415815,-0.0409830283570614,0.190718637438067,9.72922047688638
1,0.05,24,78.967425697543,NA,97.8891881413786,0.5,94.5912628696347,0.5,98.9020737328663,0.5,101.321423760593,0.5,98.9930265723971,0.5,98.8180192319297,0.5,101.426473847194,0.5,97.8374257276622,0.5,0.210526315789474,0.214736842105263,-0.0840545009366167,0.105050086601551,-1.15560084473496,2.41935002772648,2.60845461526465,0.0909528395308428,-0.980593504267503,6.83521097755958
1,0.05,25,75.2023872742758,NA,97.0484845242806,0.5,94.1165209559222,0.5,97.7276850991593,0.5,105.95690372846,0.5,96.61089549243,0.5,97.1241212039948,0.5,105.975377486566,0.5,95.1269588072743,0.5,0.419259259259259,0.350967741935484,-0.603563895164513,0.0184737581061682,-1.48393668515567,8.22921862930063,8.85125628257131,-1.11678960672928,-1.99716239672044,11.8588565306439
1,0.05,26,88.8197333656339,NA,112.030582047785,0.5,113.453018121161,0.499999999999999,114.090892736579,0.5,127.68841131889,0.5,114.236953287049,0.5,113.512258354183,0.5,127.730659976078,0.5,113.074196466253,0.5,0.581538461538462,0.568571428571429,-0.578634382395748,0.042248657187443,-1.16275682079564,13.5975185823116,14.2184016218948,0.146060550469755,-0.438061887930132,14.2776418549171
1,0.05,27,79.811348768496,NA,99.2068329930358,0.5,98.2220025700302,0.5,100.287921065003,0.5,107.504082262827,0.5,100.853924273931,0.5,100.97219493756,0.5,107.611872445387,0.5,101.191340713254,0.5,0.336,0.350344827586207,0.684273872556247,0.10779018255937,0.337416439322851,7.21616119782404,6.63967750782716,0.566003208927654,0.219145775694258,9.38986987535665
1,0.05,28,79.5536766294286,NA,100.474499239686,0.5,98.5561233874466,0.5,101.71226588552,0.5,104.069756939172,0.5,100.700043629061,0.5,101.673525491053,0.5,104.321813247528,0.5,100.457420021867,0.5,0.208421052631579,0.219459459459459,-0.0387403944662026,0.252056308355648,-0.242623607193835,2.35749105365265,2.6482877564745,-1.01222225645911,-1.21610546918674,5.76568986008132
1,0.05,29,78.6896869408257,NA,102.941481537157,0.5,103.153665153335,0.499999999999999,104.780924996993,0.5,112.184276663307,0.5,104.181207386028,0.5,104.38617711943,0.5,112.431836974523,0.5,105.930131951609,0.5,0.4016,0.413333333333333,-0.394747877563177,0.247560311215778,1.74892456558108,7.40335166631398,8.04565985509294,-0.599717610965158,1.5439548321791,9.27817182118822
1,0.05,30,75.2368945876496,NA,95.1612548812741,0.5,91.8471151379588,0.5,97.1657503114822,0.5,98.9057857773462,0.5,97.3460618607429,0.5,97.1811695735407,0.5,99.0183165107224,0.5,96.9486398475209,0.5,0.254444444444444,0.254444444444444,0.0154192620585718,0.112530733376218,-0.397422013222055,1.74003546586398,1.83714693718163,0.18031154926075,-0.232529726019877,7.1712013727636
1,0.05,31,76.1751429389553,NA,96.1809200516852,0.5,91.6772450228167,0.5,96.6452805355602,0.5,98.6656269915408,0.5,95.8834646637537,0.5,97.0015834516031,0.5,99.0081432972501,0.5,96.4249799302579,0.5,0.207368421052631,0.218378378378378,0.356302916042878,0.342516305709367,0.54151526650422,2.02034645598052,2.006559845647,-0.761815871806576,-0.576603521345234,7.3308982744334
1,0.05,32,84.9729193418102,NA,109.886266539943,0.5,104.662389169872,0.5,111.609491443232,0.5,116.204933776532,0.5,111.312897191158,0.5,110.405868509707,0.5,116.482001077807,0.5,110.888152745104,0.5,0.406153846153846,0.406153846153846,-1.2036229335243,0.277067301274954,-0.424744446054191,4.5954423333003,6.07613256809955,-0.29659425207312,0.482284235396989,11.8196119079344
1,0.05,33,83.6404955273909,NA,104.17050142144,0.5,102.76614517487,0.5,104.89413653704,0.5,106.224429152315,0.5,104.803043287152,0.5,104.320487832961,0.5,105.858255783535,0.5,103.471460124168,0.5,0.30375,0.294545454545455,-0.573648704079318,-0.366173368779769,-1.33158316298429,1.33029261527471,1.53776795057426,-0.0910932498879191,-0.849027708792889,3.09211060866505
1,0.05,34,83.5952684145193,NA,107.17397103211,0.5,105.694701678398,0.5,107.469718241635,0.5,125.870113615809,0.5,109.77844855545,0.5,108.5834024387,0.5,126.839867136138,0.5,109.915816213781,0.5,0.522105263157895,0.631111111111111,1.11368419706473,0.969753520328894,0.137367658331556,18.4003953741739,18.2564646974381,2.30873031381466,1.33241377508149,21.1451654577397
1,0.05,35,87.3030556098573,NA,110.418365463654,0.5,108.392680352727,0.5,111.655708861486,0.5,134.049049342195,0.5,112.634127809441,0.5,114.712730669332,0.5,131.865277364779,0.5,112.558454082268,0.5,0.488421052631579,0.6,3.05702180784643,-2.18377197741555,-0.075673727172898,22.3933404807087,17.1525466954467,0.978418947954623,-2.1542765870647,23.472597012052
1,0.05,36,84.5777720588481,NA,103.449474203329,0.5,101.994362226608,0.5,105.376933722424,0.5,107.416007045037,0.5,104.247958039058,0.5,105.741829790758,0.5,107.459415038063,0.5,104.046451687092,0.5,0.236666666666667,0.218378378378378,0.364896068334247,0.0434079930257383,-0.201506351966017,2.03907332261265,1.71758524730414,-1.12897568336602,-1.69537810366629,5.4650528114545
1,0.05,37,80.5316516285945,NA,101.19891135015,0.5,97.0259938591517,0.5,100.215070969152,0.5,102.636374939329,0.5,101.300005284428,0.5,101.199193701054,0.5,102.551344108173,0.5,100.52021749047,0.5,0.167,0.177435897435898,0.984122731901735,-0.0850308311553789,-0.779787793958505,2.42130397017651,1.3521504071194,1.08493431527607,-0.678976210584167,5.52535024902173
1,0.05,38,80.8195672549004,NA,98.9699231128938,0.5,95.2882805728902,0.5,100.251612808878,0.5,99.7123309318734,0.5,99.6153213242445,0.5,100.232609087749,0.5,100.188462850145,0.5,100.092822409158,0.5,0.12952380952381,0.140487804878049,-0.0190037211291667,0.476131918271506,0.477501084913882,-0.539281877004314,-0.0441462376036412,-0.636291484633162,-0.139786678590113,4.90018227725469
1,0.05,39,76.0452339785991,NA,95.0828471274771,0.5,92.676775137258,0.5,95.9800190388476,0.5,99.2272989179358,0.5,94.8441876349679,0.5,95.6300417463291,0.5,99.3725472696136,0.5,94.8493241185767,0.5,0.227368421052631,0.227368421052631,-0.349977292518503,0.145248351677864,0.00513648360876573,3.24727987908813,3.74250552328449,-1.13583140387972,-0.780717627752452,6.69577213235559
1,0.05,40,81.8217749508913,NA,101.563039545396,0.5,98.785535875833,0.5,102.456546054509,0.5,105.419498268067,0.5,102.121583786259,0.5,101.784019686288,0.5,105.463225419357,0.5,102.298069081456,0.5,0.323870967741936,0.32,-0.672526368220659,0.043727151289886,0.176485295196628,2.96295221355835,3.6792057330689,-0.334962268249498,0.514049395167788,6.67768954352402
1,0.05,41,85.8914215791789,NA,112.734394457851,0.5,112.836518998187,0.5,113.317707866132,0.5,122.990278578236,0.5,112.093626181519,0.5,112.269092737209,0.5,123.315646507231,0.5,114.040354418953,0.5,0.446315789473684,0.44,-1.04861512892333,0.325367928995149,1.94672823743355,9.67257071210398,11.0465537700225,-1.22408168461293,1.77126168174395,10.4791275090439
1,0.05,42,85.7066491243208,NA,113.060352749038,0.5,110.677229505623,0.5,115.672513346833,0.5,121.941746432883,0.5,114.915557794507,0.5,114.607899969399,0.5,121.718950244019,0.5,114.76446643806,0.5,0.402,0.396190476190476,-1.06461337743411,-0.222796188863839,-0.151091356446656,6.26923308605022,7.1110502746205,-0.756955552326176,0.156566468661282,11.0417207383962
1,0.05,43,80.9381893469591,NA,100.910213527615,0.5,99.3840212875517,0.5,101.641305470067,0.5,103.900857141546,0.5,100.937178087949,0.5,101.764661320983,0.5,104.020777159626,0.5,101.228341915219,0.5,0.303030303030303,0.31125,0.123355850915416,0.119920018080506,0.291163827269372,2.25955167147825,2.25611583864334,-0.704127382118173,-0.536319405764218,4.63675587207449
1,0.05,44,81.6002862016079,NA,99.2609998487606,0.5,95.8850051534254,0.5,101.18341407956,0.5,115.169108012037,0.5,100.229963333258,0.5,99.9586838548804,0.5,115.372720479653,0.5,101.669650362672,0.5,0.422857142857143,0.415714285714286,-1.22473022467945,0.203612467616153,1.4396870294145,13.985693932477,15.4140366247726,-0.953450746301954,1.71096650779199,19.4877153262276
1,0.05,45,85.4158529988797,NA,103.864652891138,0.5,100.195672574655,0.5,105.891049366796,0.5,149.390853580566,0.5,103.935256499859,0.5,105.322222079867,0.5,133.981740994137,0.5,105.204152786893,0.5,0.702222222222222,0.7,-0.568827286929036,-15.409112586429,1.26889628703434,43.4998042137699,28.6595189142699,-1.95579286693706,-0.118069292973686,33.786068419482
1,0.05,46,81.9046293939003,NA,103.774271754532,0.5,101.617373665411,0.5,105.591255167536,0.5,110.045166169673,0.5,105.15690193695,0.5,104.744776680818,0.5,110.446621748898,0.5,105.422368825077,0.5,0.4112,0.366896551724138,-0.846478486718624,0.401455579224944,0.265466888127605,4.45391100213685,5.70184506808042,-0.434353230586552,0.677592144259677,8.82924808348646
1,0.05,47,77.8995364276236,NA,100.757910315233,0.5,99.4223438919467,0.5,101.826053743318,0.5,107.504021530842,0.5,101.113022270018,0.5,102.442618637952,0.5,107.657736228395,0.5,100.496641927497,0.5,0.318620689655172,0.344285714285714,0.61656489463401,0.1537146975529,-0.616380342521097,5.677967787524,5.21511759044289,-0.713031473299935,-1.94597671045504,8.23539233644834
1,0.05,48,83.0054306112622,NA,104.789143883946,0.5,101.612508834071,0.5,105.298778317541,0.5,113.793729787228,0.5,104.623787621686,0.5,106.677759532564,0.5,113.857959415104,0.5,105.303030635869,0.5,0.426153846153846,0.392857142857143,1.37898121502323,0.0642296278763013,0.679243014182859,8.49495146968745,7.18019988254052,-0.674990695855001,-1.37472889669537,12.2454505810333
1,0.05,49,81.74595058514,NA,103.376328945938,0.5,100.685985453278,0.5,106.357700081394,0.5,113.469027493357,0.5,104.836573599104,0.5,106.94650785025,0.5,113.018601714774,0.5,105.536773065147,0.5,0.42,0.42,0.588807768856626,-0.450425778582755,0.700199466042903,7.11132741196325,6.07209386452386,-1.52112648228913,-1.40973478510286,12.3326162614964
1,0.05,50,76.8263509794977,NA,95.2182844073379,0.5,91.1262133693777,0.5,96.3625154144017,0.5,97.9103023759686,0.5,96.4616377450528,0.5,96.2969146157945,0.5,97.8757376184668,0.5,96.4078797377217,0.5,0.160975609756097,0.160975609756097,-0.0656007986071359,-0.0345647575017267,-0.0537580073311403,1.54778696156689,1.57882300267229,0.0991223306511557,0.110965121927151,6.74952424908911
5,0.05,1,80.8762001017361,NA,102.944486107623,0.5,100.579795196235,0.5,103.941325383841,0.5,102.379561174216,0.5,103.284978518592,0.5,103.225887243673,0.5,101.792143955152,0.5,103.481610459421,0.5,0.145714285714286,0.162926829268293,-0.715438140167549,-0.587417219063582,0.19663194082861,-1.56176420962485,-1.43374328852089,-0.656346865248807,0.255723215747352,1.21234875891697
5,0.05,2,86.2327020234782,NA,109.102028565489,0.5,107.247752183403,0.5,109.31976904258,0.5,110.815392303961,0.5,110.111095354377,0.5,110.140117740226,0.5,111.067682751573,0.5,110.116287831793,0.5,0.148292682926829,0.12952380952381,0.82034869764594,0.252290447611443,0.00519247741578965,1.49562326138104,0.927565011346545,0.791326311797121,-0.0238299084330293,3.81993056816974
5,0.05,3,77.2388420402395,NA,95.5016475073475,0.5,89.9771984803972,0.5,96.4391551197968,0.5,96.098601898128,0.5,95.5025254078651,0.5,96.2434071613514,0.5,95.995024411595,0.5,95.2693580577681,0.5,0.0924444444444446,0.116363636363636,-0.195747958445423,-0.103577486533013,-0.233167350097006,-0.340553221668856,-0.248382749756445,-0.936629711931758,-0.97404910358334,6.01782593119772
5,0.05,4,89.2209948742652,NA,113.563590208087,0.5,114.171837755431,0.5,112.965811823327,0.5,114.680667726574,0.5,114.125526850539,0.5,113.101644940785,0.5,114.800488821897,0.5,113.563639421063,0.5,0.103636363636364,0.103636363636364,0.135833117458759,0.119821095322607,-0.561887429475959,1.7148559032476,1.69884388111144,1.15971502721244,0.461994480277724,0.628651066466119
5,0.05,5,84.402243412702,NA,104.255502580119,0.5,102.472791923406,0.5,105.854955342027,0.5,106.735785963306,0.5,106.248741700641,0.5,105.456044901274,0.5,107.128714796455,0.5,105.449180086018,0.5,0.167,0.159,-0.398910440753212,0.392928833148829,-0.799561614623286,0.88083062127896,1.672669895181,0.393786358614506,-0.00686481525556815,4.65592287304855
5,0.05,6,94.2149357834896,NA,119.036991118294,0.5,119.718709017242,0.5,121.682069686479,0.5,120.73369376088,0.5,120.154449739185,0.5,120.679505182034,0.5,122.137905310014,0.5,120.432000868861,0.5,0.148292682926829,0.148292682926829,-1.00256450444471,1.40421154913379,0.277551129676056,-0.948375925598086,1.45840012798041,-1.52761994729326,-0.247504313172499,2.41919629277182
5,0.05,7,83.1432460778453,NA,108.912600906294,0.5,108.325509879445,0.5,111.812659555466,0.5,117.65664850749,0.5,111.024871142831,0.5,111.568853577292,0.5,118.170366865885,0.5,112.311097902655,0.5,0.268888888888889,0.33625,-0.243805978173995,0.513718358394613,1.28622675982375,5.84398895202483,6.60151328859344,-0.787788412634427,0.742244325363316,9.84485698643981
5,0.05,8,78.9870813260794,NA,101.423096593152,0.5,100.19307770761,0.5,101.645364011443,0.5,102.667543154241,0.5,100.61779180512,0.5,101.391446696382,0.5,102.257820877899,0.5,101.097177800993,0.5,0.103636363636364,0.088888888888889,-0.253917315061244,-0.409722276342251,0.479385995872804,1.0221791427974,0.866374181516392,-1.02757220632375,-0.294268895389706,2.06474317028911
5,0.05,9,79.9172349458268,NA,104.59464932913,0.5,101.747522273535,0.5,107.690667498025,0.5,108.368826851178,0.5,105.957245168814,0.5,107.540178573499,0.5,107.253242920764,0.5,108.236145436058,0.5,0.117209302325581,0.117209302325581,-0.150488924525717,-1.11558393041423,2.27890026724378,0.678159353152779,-0.286935652735735,-1.73342232921132,0.69596686255818,5.50572064722904
5,0.05,10,72.2159777452903,NA,93.071901686548,0.5,90.1810915141627,0.5,93.465394927294,0.5,93.5099337406109,0.5,93.3022856531301,0.5,93.1404940038805,0.5,93.0727435008257,0.5,93.6064683267701,0.5,0.088888888888889,0.088888888888889,-0.324900923413452,-0.437190239785224,0.304182673640028,0.0445388133169047,-0.0677505030548673,-0.163109274163901,0.465974322889579,2.89165198666294
5,0.05,11,70.2987911402309,NA,90.0143303376112,0.5,85.1979622294876,0.5,89.6887727628844,0.5,89.2170827344458,0.5,89.3268168905104,0.5,89.558608590408,0.5,88.9330096272115,0.5,88.8379879895766,0.5,0.0951111111111111,0.111818181818182,-0.130164172476356,-0.284073107234249,-0.488828900933811,-0.471690028438601,-0.625598963196495,-0.361955872373983,-0.720620600831438,3.7350473977239
5,0.05,12,77.0726133508961,NA,97.6990954018201,0.5,94.8338171737927,0.5,98.861400910721,0.5,101.21268088252,0.5,98.4776198976154,0.5,99.075766681903,0.5,100.98674144501,0.5,98.8424627449294,0.5,0.14952380952381,0.133953488372093,0.214365771182074,-0.225939437509439,0.364842847313952,2.35127997179896,1.91097476310745,-0.383781013105519,-0.233303936973641,6.1529242712178
5,0.05,13,80.5024922217724,NA,101.868377157041,0.5,99.1135007694867,0.5,102.923520079241,0.5,102.59171899767,0.5,102.368421860081,0.5,103.268196615366,0.5,102.921333808105,0.5,102.780880768425,0.5,0.211282051282051,0.186,0.344676536124481,0.329614810435046,0.412458908343567,-0.331801081571626,-0.346862807261061,-0.55509821916003,-0.487315846940945,3.80783303861817
5,0.05,14,82.4390598987508,NA,106.636483803232,0.5,102.715487590288,0.5,106.423074977131,0.5,107.520976175068,0.5,106.777320963642,0.5,106.572294145653,0.5,109.035494044039,0.5,106.502009785457,0.5,0.088888888888889,0.103636363636364,0.14921916852208,1.5145178689713,-0.275311178185547,1.09790119793674,2.46319989838595,0.354245986511287,-0.0702843601963394,6.32000645375106
5,0.05,15,93.7423487076798,NA,113.033122599378,0.5,110.249027202997,0.5,113.694091783805,0.5,112.290774510877,0.5,113.694054717028,0.5,113.180329722785,0.5,111.995436185537,0.5,113.513708344106,0.5,0.168205128205128,0.192631578947368,-0.513762061019705,-0.29533832534041,-0.180346372921733,-1.40331727292751,-1.18489353724821,-3.70667771107946e-05,0.333378621320861,1.74640898253968
5,0.05,16,85.7211560027588,NA,107.237325876592,0.5,102.955197955252,0.5,107.673290498362,0.5,107.685753670895,0.5,107.201096005461,0.5,107.022081565442,0.5,107.170869807008,0.5,107.71972814365,0.5,0.12952380952381,0.167,-0.651208932920753,-0.514883863886155,0.518632138188735,0.0124631725322928,0.148788241566891,-0.47219449290148,0.697646578208008,4.21567185175681
5,0.05,17,79.583660613657,NA,103.609530635166,0.5,99.1792978989213,0.5,104.149936974621,0.5,104.240075340329,0.5,104.083244444324,0.5,103.988189834759,0.5,104.249998073623,0.5,103.708855937529,0.5,0.141904761904762,0.141904761904762,-0.161747139861575,0.00992273329474358,-0.374388506794844,0.0901383657078156,0.261808238864134,-0.0666925302968338,-0.279333897230103,5.07070017470204
5,0.05,18,78.8403184356226,NA,99.1817944914993,0.5,97.7543879858915,0.5,100.825974881195,0.5,101.289823855581,0.5,100.61329209596,0.5,100.553405991716,0.5,101.109640499892,0.5,102.136735514575,0.5,0.108181818181818,0.108181818181818,-0.272568889478535,-0.180183355688172,1.52344341861509,0.463848974385712,0.556234508176075,-0.21268278523516,1.58332952285846,3.355252514001
5,0.05,19,89.6943062734284,NA,109.12869645273,0.5,105.942820063092,0.5,110.195797268952,0.5,109.923483862214,0.5,109.870958407018,0.5,110.876233885379,0.5,110.178670140908,0.5,110.395425405493,0.5,0.157948717948718,0.140487804878049,0.680436616426945,0.255186278694808,0.52446699847539,-0.272313406738704,-0.697563744470841,-0.324838861934595,-0.48080847988615,4.23585007781614
5,0.05,20,77.3480020129813,NA,99.3082920709933,0.5,97.241743693501,0.5,100.857644641224,0.5,103.337020561387,0.5,100.798082389641,0.5,100.628880182118,0.5,103.468674446752,0.5,99.3598399425721,0.5,0.136190476190476,0.136190476190476,-0.22876445910596,0.131653885364628,-1.43824244706875,2.47937592016316,2.83979426463375,-0.0595622515829177,-1.2690402395457,6.22693075325056
5,0.05,21,89.1380992545682,NA,110.461173536994,0.5,108.297493321367,0.5,113.164522868335,0.5,116.694160928237,0.5,112.355640730488,0.5,111.675226627499,0.5,115.89028969685,0.5,112.804712409792,0.5,0.205263157894737,0.194871794871795,-1.48929624083615,-0.803871231387248,0.449071679304552,3.52963805990264,4.21506306935154,-0.808882137847021,1.12948578229368,7.59279637548271
5,0.05,22,79.3897746574638,NA,101.377821506122,0.5,103.526772323016,0.5,103.917925760758,0.5,113.781822178336,0.5,103.346853886378,0.5,104.250450946684,0.5,114.018057333532,0.5,102.711351160381,0.5,0.391724137931034,0.35483870967742,0.332525185925988,0.23623515519597,-0.635502725996574,9.86389641757748,9.76760638684746,-0.571071874380692,-1.53909978630325,10.491285010516
5,0.05,23,90.3236222116668,NA,113.43460426168,0.5,113.428923614763,0.5,114.778752698667,0.5,120.776366940211,0.5,114.73776967031,0.5,113.934865127492,0.5,120.452580872043,0.5,114.12558376493,0.5,0.223157894736842,0.150476190476191,-0.843887571175202,-0.323786068167536,-0.612185905380073,5.99761424154393,6.5177157445516,-0.0409830283570614,0.190718637438067,7.02365725727982
5,0.05,24,78.967425697543,NA,97.8891881413786,0.5,94.5912628696347,0.5,98.9020737328663,0.5,98.9338476344518,0.5,98.9930265723971,0.5,98.8180192319297,0.5,99.303801137257,0.5,97.8374257276622,0.5,0.110909090909091,0.108181818181818,-0.0840545009366167,0.369953502805259,-1.15560084473496,0.0317739015855096,0.485781905327386,0.0909528395308428,-0.980593504267503,4.71253826762232
5,0.05,25,75.2023872742758,NA,97.0484845242806,0.5,94.1165209559222,0.5,97.7276850991593,0.5,98.7295249625643,0.5,96.61089549243,0.5,97.1241212039948,0.5,98.4567744374001,0.5,95.1269588072743,0.5,0.0756521739130434,0.0561702127659576,-0.603563895164513,-0.272750525164227,-1.48393668515567,1.00183986340502,1.33265323340531,-1.11678960672928,-1.99716239672044,4.34025348147792
5,0.05,26,88.8197333656339,NA,112.030582047785,0.5,113.453018121161,0.499999999999999,114.090892736579,0.5,120.417209307997,0.5,114.236953287049,0.5,113.512258354183,0.5,122.231110313352,0.5,113.074196466253,0.5,0.265555555555556,0.264444444444444,-0.578634382395748,1.81390100535509,-1.16275682079564,6.32631657141843,8.71885195916927,0.146060550469755,-0.438061887930132,8.77809219219159
5,0.05,27,79.811348768496,NA,99.2068329930358,0.5,98.2220025700302,0.5,100.287921065003,0.5,101.501502841191,0.5,100.853924273931,0.5,100.97219493756,0.5,101.297250720926,0.5,101.191340713254,0.5,0.176410256410257,0.176410256410257,0.684273872556247,-0.204252120264286,0.337416439322851,1.21358177618727,0.325055783366736,0.566003208927654,0.219145775694258,3.07524815089623
5,0.05,28,79.5536766294286,NA,100.474499239686,0.5,98.5561233874466,0.5,101.71226588552,0.5,102.368931308772,0.5,100.700043629061,0.5,101.673525491053,0.5,102.40203194401,0.5,100.457420021867,0.5,0.136190476190476,0.122790697674419,-0.0387403944662026,0.0331006352386396,-0.242623607193835,0.656665423252193,0.728506452957035,-1.01222225645911,-1.21610546918674,3.84590855656386
5,0.05,29,78.6896869408257,NA,102.941481537157,0.5,103.153665153335,0.499999999999999,104.780924996993,0.5,103.66678722098,0.5,104.181207386028,0.5,104.38617711943,0.5,104.170479420329,0.5,105.930131951609,0.5,0.122790697674419,0.108181818181818,-0.394747877563177,0.503692199349473,1.74892456558108,-1.11413777601354,-0.215697699100886,-0.599717610965158,1.5439548321791,1.0168142669944
5,0.05,30,75.2368945876496,NA,95.1612548812741,0.5,91.8471151379588,0.5,97.1657503114822,0.5,97.8470097412034,0.5,97.3460618607429,0.5,97.1811695735407,0.5,97.8945879424451,0.5,96.9486398475209,0.5,0.165853658536585,0.160975609756097,0.0154192620585718,0.0475782012417341,-0.397422013222055,0.681259429721194,0.713418368904357,0.18031154926075,-0.232529726019877,6.04747280448633
5,0.05,31,76.1751429389553,NA,96.1809200516852,0.5,91.6772450228167,0.5,96.6452805355602,0.5,96.5528493488539,0.5,95.8834646637537,0.5,97.0015834516031,0.5,97.5155284447244,0.5,96.4249799302579,0.5,0.117209302325581,0.117209302325581,0.356302916042878,0.962679095870485,0.54151526650422,-0.0924311867063068,0.513944993121299,-0.761815871806576,-0.576603521345234,5.83828342190769
5,0.05,32,84.9729193418102,NA,109.886266539943,0.5,104.662389169872,0.5,111.609491443232,0.5,112.309996440395,0.5,111.312897191158,0.5,110.405868509707,0.5,112.796273596217,0.5,110.888152745104,0.5,0.127441860465116,0.133953488372093,-1.2036229335243,0.486277155822748,-0.424744446054191,0.700504997163151,2.3904050865102,-0.29659425207312,0.482284235396989,8.13388442634508
5,0.05,33,83.6404955273909,NA,104.17050142144,0.5,102.76614517487,0.5,104.89413653704,0.5,103.280290389297,0.5,104.803043287152,0.5,104.320487832961,0.5,102.429427718467,0.5,103.471460124168,0.5,0.272,0.304705882352941,-0.573648704079318,-0.850862670830267,-1.33158316298429,-1.61384614774312,-1.89106011449407,-0.0910932498879191,-0.849027708792889,-0.336717456403278
5,0.05,34,83.5952684145193,NA,107.17397103211,0.5,105.694701678398,0.5,107.469718241635,0.5,123.585900057331,0.5,109.77844855545,0.5,108.5834024387,0.5,123.141500439012,0.5,109.915816213781,0.5,0.376,0.588888888888889,1.11368419706473,-0.444399618318243,0.137367658331556,16.1161818156956,14.5580980003126,2.30873031381466,1.33241377508149,17.4467987606142
5,0.05,35,87.3030556098573,NA,110.418365463654,0.5,108.392680352727,0.5,111.655708861486,0.5,131.219569752093,0.5,112.634127809441,0.5,114.712730669332,0.5,128.79256645133,0.5,112.558454082268,0.5,0.363870967741936,0.534545454545455,3.05702180784643,-2.42700330076221,-0.075673727172898,19.5638608906067,14.0798357819981,0.978418947954623,-2.1542765870647,20.3998860986034
5,0.05,36,84.5777720588481,NA,103.449474203329,0.5,101.994362226608,0.5,105.376933722424,0.5,104.142533711865,0.5,104.247958039058,0.5,105.741829790758,0.5,105.032838420585,0.5,104.046451687092,0.5,0.160975609756097,0.122790697674419,0.364896068334247,0.890304708719754,-0.201506351966017,-1.23440001055923,-0.70899137017372,-1.12897568336602,-1.69537810366629,3.03847619397663
5,0.05,37,80.5316516285945,NA,101.19891135015,0.5,97.0259938591517,0.5,100.215070969152,0.5,100.842313651384,0.5,101.300005284428,0.5,101.199193701054,0.5,100.163613603487,0.5,100.52021749047,0.5,0.145714285714286,0.16,0.984122731901735,-0.678700047896058,-0.779787793958505,0.627242682231199,-1.03558009756659,1.08493431527607,-0.678976210584167,3.13761974433574
5,0.05,38,80.8195672549004,NA,98.9699231128938,0.5,95.2882805728902,0.5,100.251612808878,0.5,99.3366194251408,0.5,99.6153213242445,0.5,100.232609087749,0.5,99.3458932158877,0.5,100.092822409158,0.5,0.136190476190476,0.136190476190476,-0.0190037211291667,0.00927379074691714,0.477501084913882,-0.914993383736899,-0.886715871860815,-0.636291484633162,-0.139786678590113,4.05761264299751
5,0.05,39,76.0452339785991,NA,95.0828471274771,0.5,92.676775137258,0.5,95.9800190388476,0.5,95.8411635754941,0.5,94.8441876349679,0.5,95.6300417463291,0.5,95.7147205664902,0.5,94.8493241185767,0.5,0.088888888888889,0.103636363636364,-0.349977292518503,-0.126443009003992,0.00513648360876573,-0.13885546335348,0.0846788201610309,-1.13583140387972,-0.780717627752452,3.03794542923212
5,0.05,40,81.8217749508913,NA,101.563039545396,0.5,98.785535875833,0.5,102.456546054509,0.5,100.610585309513,0.5,102.121583786259,0.5,101.784019686288,0.5,101.178277571297,0.5,102.298069081456,0.5,0.145714285714286,0.164878048780488,-0.672526368220659,0.567692261784302,0.176485295196628,-1.84596074499616,-0.605742114991202,-0.334962268249498,0.514049395167788,2.39274169546393
5,0.05,41,85.8914215791789,NA,112.734394457851,0.5,112.836518998187,0.5,113.317707866132,0.5,114.141074599925,0.5,112.093626181519,0.5,112.269092737209,0.5,113.543734150213,0.5,114.040354418953,0.5,0.122790697674419,0.108181818181818,-1.04861512892333,-0.59734044971195,1.94672823743355,0.823366733792696,1.27464141300408,-1.22408168461293,1.77126168174395,0.707215152025526
5,0.05,42,85.7066491243208,NA,113.060352749038,0.5,110.677229505623,0.5,115.672513346833,0.5,115.867709683145,0.5,114.915557794507,0.5,114.607899969399,0.5,116.722787559883,0.5,114.76446643806,0.5,0.145714285714286,0.140952380952381,-1.06461337743411,0.855077876738122,-0.151091356446656,0.195196336311867,2.1148875904841,-0.756955552326176,0.156566468661282,6.04555805425981
5,0.05,43,80.9381893469591,NA,100.910213527615,0.5,99.3840212875517,0.5,101.641305470067,0.5,102.03499193748,0.5,100.937178087949,0.5,101.764661320983,0.5,102.894336894718,0.5,101.228341915219,0.5,0.18974358974359,0.173,0.123355850915416,0.859344957238505,0.291163827269372,0.393686467412181,1.12967557373527,-0.704127382118173,-0.536319405764218,3.51031560716642
5,0.05,44,81.6002862016079,NA,99.2609998487606,0.5,95.8850051534254,0.5,101.18341407956,0.5,113.870460004959,0.5,100.229963333258,0.5,99.9586838548804,0.5,114.253500192729,0.5,101.669650362672,0.5,0.366451612903226,0.328484848484849,-1.22473022467945,0.383040187770092,1.4396870294145,12.6870459253993,14.2948163378488,-0.953450746301954,1.71096650779199,18.3684950393038
5,0.05,45,85.4158529988797,NA,103.864652891138,0.5,100.195672574655,0.5,105.891049366796,0.5,148.629878580673,0.5,103.935256499859,0.5,105.322222079867,0.5,136.078452949456,0.5,105.204152786893,0.5,0.653333333333333,0.6375,-0.568827286929036,-12.5514256312178,1.26889628703434,42.7388292138774,30.7562308695886,-1.95579286693706,-0.118069292973686,35.8827803748007
5,0.05,46,81.9046293939003,NA,103.774271754532,0.5,101.617373665411,0.5,105.591255167536,0.5,106.011895025913,0.5,105.15690193695,0.5,104.744776680818,0.5,105.534937906238,0.5,105.422368825077,0.5,0.238918918918919,0.241081081081081,-0.846478486718624,-0.476957119674864,0.265466888127605,0.420639858376518,0.790161225420277,-0.434353230586552,0.677592144259677,3.91756424082632
5,0.05,47,77.8995364276236,NA,100.757910315233,0.5,99.4223438919467,0.5,101.826053743318,0.5,102.62118219581,0.5,101.113022270018,0.5,102.442618637952,0.5,102.011858935292,0.5,100.496641927497,0.5,0.110909090909091,0.111818181818182,0.61656489463401,-0.609323260518295,-0.616380342521097,0.795128452492065,-0.430759702660239,-0.713031473299935,-1.94597671045504,2.58951504334522
5,0.05,48,83.0054306112622,NA,104.789143883946,0.5,101.612508834071,0.5,105.298778317541,0.5,107.609227508767,0.5,104.623787621686,0.5,106.677759532564,0.5,106.599715973813,0.5,105.303030635869,0.5,0.148292682926829,0.12952380952381,1.37898121502323,-1.00951153495402,0.679243014182859,2.31044919122627,-0.0780435587509771,-0.674990695855001,-1.37472889669537,4.98720713974183
5,0.05,49,81.74595058514,NA,103.376328945938,0.5,100.685985453278,0.5,106.357700081394,0.5,106.824502222137,0.5,104.836573599104,0.5,106.94650785025,0.5,106.711949763753,0.5,105.536773065147,0.5,0.167,0.166,0.588807768856626,-0.112552458383959,0.700199466042903,0.46680214074334,-0.234558086497245,-1.52112648228913,-1.40973478510286,6.02596431047527
5,0.05,50,76.8263509794977,NA,95.2182844073379,0.5,91.1262133693777,0.5,96.3625154144017,0.5,96.889889699865,0.5,96.4616377450528,0.5,96.2969146157945,0.5,97.2321190185346,0.5,96.4078797377217,0.5,0.103636363636364,0.103636363636364,-0.0656007986071359,0.342229318669581,-0.0537580073311403,0.52737428546331,0.935204402740027,0.0991223306511557,0.110965121927151,6.10590564915684
20,0.05,1,80.8762001017361,NA,102.944486107623,0.5,100.579795196235,0.5,103.941325383841,0.5,103.375030239535,0.5,103.284978518592,0.5,103.225887243673,0.5,102.802109097094,0.5,103.481610459421,0.5,0.088888888888889,0.103636363636364,-0.715438140167549,-0.572921142441317,0.19663194082861,-0.566295144305982,-0.42377814657975,-0.656346865248807,0.255723215747352,2.22231390085811
20,0.05,2,86.2327020234782,NA,109.102028565489,0.5,107.247752183403,0.5,109.31976904258,0.5,109.640138096041,0.5,110.111095354377,0.5,110.140117740226,0.5,109.78236205846,0.5,110.116287831793,0.5,0.117209302325581,0.117209302325581,0.82034869764594,0.142223962418413,0.00519247741578965,0.320369053461306,-0.357755681766221,0.791326311797121,-0.0238299084330293,2.53460987505697
20,0.05,3,77.2388420402395,NA,95.5016475073475,0.5,89.9771984803972,0.5,96.4391551197968,0.5,95.9761286757777,0.5,95.5025254078651,0.5,96.2434071613514,0.5,96.2273178105583,0.5,95.2693580577681,0.5,0.103636363636364,0.116363636363636,-0.195747958445423,0.251189134780574,-0.233167350097006,-0.463026444019093,-0.016089350793095,-0.936629711931758,-0.97404910358334,6.25011933016107
20,0.05,4,89.2209948742652,NA,113.563590208087,0.5,114.171837755431,0.5,112.965811823327,0.5,113.717665088366,0.5,114.125526850539,0.5,113.101644940785,0.5,112.967936471345,0.5,113.563639421063,0.5,0.103636363636364,0.103636363636364,0.135833117458759,-0.749728617021248,-0.561887429475959,0.75185326503923,-0.133708469440776,1.15971502721244,0.461994480277724,-1.2039012840861
20,0.05,5,84.402243412702,NA,104.255502580119,0.5,102.472791923406,0.5,105.854955342027,0.5,105.670386471633,0.5,106.248741700641,0.5,105.456044901274,0.5,106.474490923548,0.5,105.449180086018,0.5,0.15,0.15,-0.398910440753212,0.804104451915691,-0.799561614623286,-0.184568870394415,1.01844602227449,0.393786358614506,-0.00686481525556815,4.00169900014204
20,0.05,6,94.2149357834896,NA,119.036991118294,0.5,119.718709017242,0.5,121.682069686479,0.5,119.875657175108,0.5,120.154449739185,0.5,120.679505182034,0.5,120.808743267649,0.5,120.432000868861,0.5,0.12952380952381,0.140487804878049,-1.00256450444471,0.933086092541586,0.277551129676056,-1.8064125113707,0.129238085615597,-1.52761994729326,-0.247504313172499,1.090034250407
20,0.05,7,83.1432460778453,NA,108.912600906294,0.5,108.325509879445,0.5,111.812659555466,0.5,111.659880542734,0.5,111.024871142831,0.5,111.568853577292,0.5,112.098621707478,0.5,112.311097902655,0.5,0.088888888888889,0.088888888888889,-0.243805978173995,0.438741164744215,1.28622675982375,-0.152779012731457,0.529768130186753,-0.787788412634427,0.742244325363316,3.77311182803312
20,0.05,8,78.9870813260794,NA,101.423096593152,0.5,100.19307770761,0.5,101.645364011443,0.5,101.797586446586,0.5,100.61779180512,0.5,101.391446696382,0.5,101.33355162979,0.5,101.097177800993,0.5,0.0730434782608695,0.088888888888889,-0.253917315061244,-0.464034816795888,0.479385995872804,0.152222435142477,-0.0578950665921667,-1.02757220632375,-0.294268895389706,1.14047392218055
20,0.05,9,79.9172349458268,NA,104.59464932913,0.5,101.747522273535,0.5,107.690667498025,0.5,108.215830512491,0.5,105.957245168814,0.5,107.540178573499,0.5,106.85351265212,0.5,108.236145436058,0.5,0.117209302325581,0.117209302325581,-0.150488924525717,-1.36231786037109,2.27890026724378,0.52516301446579,-0.686665921379586,-1.73342232921132,0.69596686255818,5.10599037858519
20,0.05,10,72.2159777452903,NA,93.071901686548,0.5,90.1810915141627,0.5,93.465394927294,0.5,93.1174344172878,0.5,93.3022856531301,0.5,93.1404940038805,0.5,93.7043820655269,0.5,93.6064683267701,0.5,0.0561702127659576,0.0730434782608695,-0.324900923413452,0.586947648239047,0.304182673640028,-0.347960510006175,0.563888061646324,-0.163109274163901,0.465974322889579,3.52329055136413
20,0.05,11,70.2987911402309,NA,90.0143303376112,0.5,85.1979622294876,0.5,89.6887727628844,0.5,89.6045627279784,0.5,89.3268168905104,0.5,89.558608590408,0.5,89.0336639671155,0.5,88.8379879895766,0.5,0.0756521739130434,0.0924444444444446,-0.130164172476356,-0.570898760862917,-0.488828900933811,-0.0842100349059933,-0.524944623292555,-0.361955872373983,-0.720620600831438,3.83570173762784
20,0.05,12,77.0726133508961,NA,97.6990954018201,0.5,94.8338171737927,0.5,98.861400910721,0.5,100.496965745988,0.5,98.4776198976154,0.5,99.075766681903,0.5,98.9449129066361,0.5,98.8424627449294,0.5,0.088888888888889,0.088888888888889,0.214365771182074,-1.55205283935157,0.364842847313952,1.63556483526669,-0.130853775266957,-0.383781013105519,-0.233303936973641,4.1110957328434
20,0.05,13,80.5024922217724,NA,101.868377157041,0.5,99.1135007694867,0.5,102.923520079241,0.5,103.397457465552,0.5,102.368421860081,0.5,103.268196615366,0.5,103.222611711738,0.5,102.780880768425,0.5,0.131162790697674,0.126511627906977,0.344676536124481,-0.174845753814111,0.412458908343567,0.473937386310411,-0.0455849036281819,-0.55509821916003,-0.487315846940945,4.10911094225105
20,0.05,14,82.4390598987508,NA,106.636483803232,0.5,102.715487590288,0.5,106.423074977131,0.5,105.553049068508,0.5,106.777320963642,0.5,106.572294145653,0.5,107.379535885033,0.5,106.502009785457,0.5,0.0924444444444446,0.0730434782608695,0.14921916852208,1.8264868165253,-0.275311178185547,-0.870025908623219,0.807241739380004,0.354245986511287,-0.0702843601963394,4.66404829474511
20,0.05,15,93.7423487076798,NA,113.033122599378,0.5,110.249027202997,0.5,113.694091783805,0.5,112.43252445654,0.5,113.694054717028,0.5,113.180329722785,0.5,111.680478396832,0.5,113.513708344106,0.5,0.117209302325581,0.117209302325581,-0.513762061019705,-0.752046059707865,-0.180346372921733,-1.26156732726487,-1.49985132595303,-3.70667771107946e-05,0.333378621320861,1.43145119383486
20,0.05,16,85.7211560027588,NA,107.237325876592,0.5,102.955197955252,0.5,107.673290498362,0.5,107.726261842239,0.5,107.201096005461,0.5,107.022081565442,0.5,107.324392581172,0.5,107.71972814365,0.5,0.148292682926829,0.148292682926829,-0.651208932920753,-0.401869261066423,0.518632138188735,0.0529713438764787,0.302311015730808,-0.47219449290148,0.697646578208008,4.36919462592073
20,0.05,17,79.583660613657,NA,103.609530635166,0.5,99.1792978989213,0.5,104.149936974621,0.5,104.078079579755,0.5,104.083244444324,0.5,103.988189834759,0.5,104.422214189781,0.5,103.708855937529,0.5,0.0730434782608695,0.103636363636364,-0.161747139861575,0.344134610025975,-0.374388506794844,-0.0718573948660151,0.434024355021535,-0.0666925302968338,-0.279333897230103,5.24291629085944
20,0.05,18,78.8403184356226,NA,99.1817944914993,0.5,97.7543879858915,0.5,100.825974881195,0.5,100.394906339109,0.5,100.61329209596,0.5,100.553405991716,0.5,100.507912846872,0.5,102.136735514575,0.5,0.0730434782608695,0.088888888888889,-0.272568889478535,0.113006507763089,1.52344341861509,-0.431068542085541,-0.0454931448439169,-0.21268278523516,1.58332952285846,2.753524860981
20,0.05,19,89.6943062734284,NA,109.12869645273,0.5,105.942820063092,0.5,110.195797268952,0.5,109.94770837836,0.5,109.870958407018,0.5,110.876233885379,0.5,110.170585072314,0.5,110.395425405493,0.5,0.140487804878049,0.12952380952381,0.680436616426945,0.222876693954277,0.52446699847539,-0.248088890592214,-0.705648813064883,-0.324838861934595,-0.48080847988615,4.2277650092221
20,0.05,20,77.3480020129813,NA,99.3082920709933,0.5,97.241743693501,0.5,100.857644641224,0.5,102.018777146419,0.5,100.798082389641,0.5,100.628880182118,0.5,101.294252953279,0.5,99.3598399425721,0.5,0.103636363636364,0.103636363636364,-0.22876445910596,-0.724524193139871,-1.43824244706875,1.16113250519471,0.665372771160804,-0.0595622515829177,-1.2690402395457,4.05250925977761
20,0.05,21,89.1380992545682,NA,110.461173536994,0.5,108.297493321367,0.5,113.164522868335,0.5,114.155973412097,0.5,112.355640730488,0.5,111.675226627499,0.5,113.503126257762,0.5,112.804712409792,0.5,0.140487804878049,0.140487804878049,-1.48929624083615,-0.652847154335348,0.449071679304552,0.991450543762511,1.82789963026332,-0.808882137847021,1.12948578229368,5.20563293639448
20,0.05,22,79.3897746574638,NA,101.377821506122,0.5,103.526772323016,0.5,103.917925760758,0.5,104.877436274723,0.5,103.346853886378,0.5,104.250450946684,0.5,105.861548167978,0.5,102.711351160381,0.5,0.103636363636364,0.108181818181818,0.332525185925988,0.984111893255175,-0.635502725996574,0.959510513964872,1.61109722129406,-0.571071874380692,-1.53909978630325,2.33477584496258
20,0.05,23,90.3236222116668,NA,113.43460426168,0.5,113.428923614763,0.5,114.778752698667,0.5,115.52431337555,0.5,114.73776967031,0.5,113.934865127492,0.5,116.601267518238,0.5,114.12558376493,0.5,0.103636363636364,0.088888888888889,-0.843887571175202,1.07695414268883,-0.612185905380073,0.745560676882945,2.66640239074698,-0.0409830283570614,0.190718637438067,3.17234390347521
20,0.05,24,78.967425697543,NA,97.8891881413786,0.5,94.5912628696347,0.5,98.9020737328663,0.5,98.694147520959,0.5,98.9930265723971,0.5,98.8180192319297,0.5,98.6664349013116,0.5,97.8374257276622,0.5,0.0951111111111111,0.0951111111111111,-0.0840545009366167,-0.0277126196473887,-1.15560084473496,-0.207926211907264,-0.151584330618036,0.0909528395308428,-0.980593504267503,4.0751720316769
20,0.05,25,75.2023872742758,NA,97.0484845242806,0.5,94.1165209559222,0.5,97.7276850991593,0.5,97.1001664916336,0.5,96.61089549243,0.5,97.1241212039948,0.5,97.1454297043039,0.5,95.1269588072743,0.5,0.0383333333333333,0.0561702127659576,-0.603563895164513,0.045263212670335,-1.48393668515567,-0.62751860752573,0.021308500309118,-1.11678960672928,-1.99716239672044,3.02890874838172
20,0.05,26,88.8197333656339,NA,112.030582047785,0.5,113.453018121161,0.499999999999999,114.090892736579,0.5,114.57450911093,0.5,114.236953287049,0.5,113.512258354183,0.5,113.556167871194,0.5,113.074196466253,0.5,0.159,0.136190476190476,-0.578634382395748,-1.01834123973603,-1.16275682079564,0.483616374350774,0.0439095170104906,0.146060550469755,-0.438061887930132,0.103149750032813
20,0.05,27,79.811348768496,NA,99.2068329930358,0.5,98.2220025700302,0.5,100.287921065003,0.5,101.081810832565,0.5,100.853924273931,0.5,100.97219493756,0.5,101.105180644728,0.5,101.191340713254,0.5,0.12952380952381,0.12952380952381,0.684273872556247,0.0233698121630965,0.337416439322851,0.793889767561481,0.132985707168331,0.566003208927654,0.219145775694258,2.88317807469782
20,0.05,28,79.5536766294286,NA,100.474499239686,0.5,98.5561233874466,0.5,101.71226588552,0.5,102.070356007571,0.5,100.700043629061,0.5,101.673525491053,0.5,102.135150970928,0.5,100.457420021867,0.5,0.122790697674419,0.108181818181818,-0.0387403944662026,0.0647949633573859,-0.242623607193835,0.358090122051195,0.461625479874783,-1.01222225645911,-1.21610546918674,3.5790275834816
20,0.05,29,78.6896869408257,NA,102.941481537157,0.5,103.153665153335,0.499999999999999,104.780924996993,0.5,103.290643289094,0.5,104.181207386028,0.5,104.38617711943,0.5,103.858353724411,0.5,105.930131951609,0.5,0.088888888888889,0.0730434782608695,-0.394747877563177,0.567710435316812,1.74892456558108,-1.49028170789906,-0.52782339501907,-0.599717610965158,1.5439548321791,0.704688571076218
20,0.05,30,75.2368945876496,NA,95.1612548812741,0.5,91.8471151379588,0.5,97.1657503114822,0.5,97.4940881492141,0.5,97.3460618607429,0.5,97.1811695735407,0.5,97.3962053461347,0.5,96.9486398475209,0.5,0.136190476190476,0.136190476190476,0.0154192620585718,-0.0978828030793863,-0.397422013222055,0.328337837731908,0.21503577259395,0.18031154926075,-0.232529726019877,5.54909020817593
20,0.05,31,76.1751429389553,NA,96.1809200516852,0.5,91.6772450228167,0.5,96.6452805355602,0.5,96.4765441594894,0.5,95.8834646637537,0.5,97.0015834516031,0.5,96.6719692702557,0.5,96.4249799302579,0.5,0.103636363636364,0.114545454545455,0.356302916042878,0.195425110766294,0.54151526650422,-0.168736376070825,-0.329614181347409,-0.761815871806576,-0.576603521345234,4.99472424743898
20,0.05,32,84.9729193418102,NA,109.886266539943,0.5,104.662389169872,0.5,111.609491443232,0.5,110.782698902087,0.5,111.312897191158,0.5,110.405868509707,0.5,111.819937054587,0.5,110.888152745104,0.5,0.103636363636364,0.103636363636364,-1.2036229335243,1.03723815250002,-0.424744446054191,-0.826792541144499,1.41406854487983,-0.29659425207312,0.482284235396989,7.1575478847147
20,0.05,33,83.6404955273909,NA,104.17050142144,0.5,102.76614517487,0.5,104.89413653704,0.5,104.412629471703,0.5,104.803043287152,0.5,104.320487832961,0.5,103.738811638238,0.5,103.471460124168,0.5,0.17578947368421,0.177435897435898,-0.573648704079318,-0.67381783346454,-1.33158316298429,-0.481507065337524,-0.581676194722746,-0.0910932498879191,-0.849027708792889,0.972666463368043
20,0.05,34,83.5952684145193,NA,107.17397103211,0.5,105.694701678398,0.5,107.469718241635,0.5,111.683897811966,0.5,109.77844855545,0.5,108.5834024387,0.5,107.599105542616,0.5,109.915816213781,0.5,0.117209302325581,0.122790697674419,1.11368419706473,-4.08479226934956,0.137367658331556,4.21417957033103,-0.984296896083265,2.30873031381466,1.33241377508149,1.90440386421835
20,0.05,35,87.3030556098573,NA,110.418365463654,0.5,108.392680352727,0.5,111.655708861486,0.5,119.251351956011,0.5,112.634127809441,0.5,114.712730669332,0.5,116.572328214094,0.5,112.558454082268,0.5,0.158048780487805,0.148292682926829,3.05702180784643,-2.67902374191668,-0.075673727172898,7.59564309452475,1.85959754476164,0.978418947954623,-2.1542765870647,8.17964786136694
20,0.05,36,84.5777720588481,NA,103.449474203329,0.5,101.994362226608,0.5,105.376933722424,0.5,104.480240622337,0.5,104.247958039058,0.5,105.741829790758,0.5,105.241185639729,0.5,104.046451687092,0.5,0.12952380952381,0.103636363636364,0.364896068334247,0.760945017391535,-0.201506351966017,-0.896693100087049,-0.500644151029761,-1.12897568336602,-1.69537810366629,3.24682341312059
20,0.05,37,80.5316516285945,NA,101.19891135015,0.5,97.0259938591517,0.5,100.215070969152,0.5,98.8311014876678,0.5,101.300005284428,0.5,101.199193701054,0.5,99.974259532443,0.5,100.52021749047,0.5,0.232631578947368,0.156190476190476,0.984122731901735,1.14315804477526,-0.779787793958505,-1.38396948148454,-1.22493416861101,1.08493431527607,-0.678976210584167,2.94826567329132
20,0.05,38,80.8195672549004,NA,98.9699231128938,0.5,95.2882805728902,0.5,100.251612808878,0.5,100.022373754314,0.5,99.6153213242445,0.5,100.232609087749,0.5,99.7313107853049,0.5,100.092822409158,0.5,0.12952380952381,0.117209302325581,-0.0190037211291667,-0.291062969009261,0.477501084913882,-0.229239054563507,-0.501298302443601,-0.636291484633162,-0.139786678590113,4.44303021241473
20,0.05,39,76.0452339785991,NA,95.0828471274771,0.5,92.676775137258,0.5,95.9800190388476,0.5,95.9603865908333,0.5,94.8441876349679,0.5,95.6300417463291,0.5,95.9238619763602,0.5,94.8493241185767,0.5,0.117209302325581,0.117209302325581,-0.349977292518503,-0.0365246144731088,0.00513648360876573,-0.0196324480143346,0.293820230031059,-1.13583140387972,-0.780717627752452,3.24708683910215
20,0.05,40,81.8217749508913,NA,101.563039545396,0.5,98.785535875833,0.5,102.456546054509,0.5,101.126530421004,0.5,102.121583786259,0.5,101.784019686288,0.5,100.193184128221,0.5,102.298069081456,0.5,0.103636363636364,0.250810810810811,-0.672526368220659,-0.933346292783028,0.176485295196628,-1.3300156335049,-1.59083555806727,-0.334962268249498,0.514049395167788,1.40764825238786
20,0.05,41,85.8914215791789,NA,112.734394457851,0.5,112.836518998187,0.5,113.317707866132,0.5,112.378321398208,0.5,112.093626181519,0.5,112.269092737209,0.5,114.085933250182,0.5,114.040354418953,0.5,0.111818181818182,0.0730434782608695,-1.04861512892333,1.70761185197372,1.94672823743355,-0.939386467923953,1.8168405129731,-1.22408168461293,1.77126168174395,1.24941425199455
20,0.05,42,85.7066491243208,NA,113.060352749038,0.5,110.677229505623,0.5,115.672513346833,0.5,114.132003687099,0.5,114.915557794507,0.5,114.607899969399,0.5,116.033567201755,0.5,114.76446643806,0.5,0.103636363636364,0.122790697674419,-1.06461337743411,1.90156351465576,-0.151091356446656,-1.54050965973406,1.42566723235582,-0.756955552326176,0.156566468661282,5.35633769613153
20,0.05,43,80.9381893469591,NA,100.910213527615,0.5,99.3840212875517,0.5,101.641305470067,0.5,101.433556661903,0.5,100.937178087949,0.5,101.764661320983,0.5,102.042610249779,0.5,101.228341915219,0.5,0.140487804878049,0.136190476190476,0.123355850915416,0.609053587875422,0.291163827269372,-0.207748808164183,0.277948928795823,-0.704127382118173,-0.536319405764218,2.65858896222697
20,0.05,44,81.6002862016079,NA,99.2609998487606,0.5,95.8850051534254,0.5,101.18341407956,0.5,100.758902082417,0.5,100.229963333258,0.5,99.9586838548804,0.5,101.059089153158,0.5,101.669650362672,0.5,0.157948717948718,0.157948717948718,-1.22473022467945,0.300187070741288,1.4396870294145,-0.424511997142943,1.10040529827779,-0.953450746301954,1.71096650779199,5.17408399973279
20,0.05,45,85.4158529988797,NA,103.864652891138,0.5,100.195672574655,0.5,105.891049366796,0.5,145.604253542595,0.5,103.935256499859,0.5,105.322222079867,0.5,133.330513704754,0.5,105.204152786893,0.5,0.534545454545455,0.516521739130435,-0.568827286929036,-12.2737398378408,1.26889628703434,39.7132041757985,28.0082916248867,-1.95579286693706,-0.118069292973686,33.1348411300987
20,0.05,46,81.9046293939003,NA,103.774271754532,0.5,101.617373665411,0.5,105.591255167536,0.5,105.076385015228,0.5,105.15690193695,0.5,104.744776680818,0.5,104.953732283094,0.5,105.422368825077,0.5,0.140952380952381,0.126511627906977,-0.846478486718624,-0.122652732133801,0.265466888127605,-0.514870152308646,0.208955602276177,-0.434353230586552,0.677592144259677,3.33635861768222
20,0.05,47,77.8995364276236,NA,100.757910315233,0.5,99.4223438919467,0.5,101.826053743318,0.5,102.113106242855,0.5,101.113022270018,0.5,102.442618637952,0.5,101.4228371973,0.5,100.496641927497,0.5,0.0730434782608695,0.0730434782608695,0.61656489463401,-0.690269045554714,-0.616380342521097,0.287052499536898,-1.01978144065183,-0.713031473299935,-1.94597671045504,2.00049330535363
20,0.05,48,83.0054306112622,NA,104.789143883946,0.5,101.612508834071,0.5,105.298778317541,0.5,105.112234366338,0.5,104.623787621686,0.5,106.677759532564,0.5,105.27111183766,0.5,105.303030635869,0.5,0.103636363636364,0.103636363636364,1.37898121502323,0.15887747132183,0.679243014182859,-0.186543951203021,-1.40664769490442,-0.674990695855001,-1.37472889669537,3.65860300358838
20,0.05,49,81.74595058514,NA,103.376328945938,0.5,100.685985453278,0.5,106.357700081394,0.5,106.793122442992,0.5,104.836573599104,0.5,106.94650785025,0.5,106.058478233455,0.5,105.536773065147,0.5,0.12952380952381,0.12952380952381,0.588807768856626,-0.734644209537322,0.700199466042903,0.435422361598839,-0.888029616795109,-1.52112648228913,-1.40973478510286,5.37249278017741
20,0.05,50,76.8263509794977,NA,95.2182844073379,0.5,91.1262133693777,0.5,96.3625154144017,0.5,96.5376298970573,0.5,96.4616377450528,0.5,96.2969146157945,0.5,97.162024696536,0.5,96.4078797377217,0.5,0.103636363636364,0.103636363636364,-0.0656007986071359,0.624394799478694,-0.0537580073311403,0.175114482655658,0.865110080741488,0.0991223306511557,0.110965121927151,6.0358113271583
0.1,0.2,1,82.3099900278104,NA,105.532558279048,0.5,103.012100923169,0.5,106.531183167604,0.5,112.957946481502,0.5,105.88324722173,0.5,105.838810778402,0.5,112.872110714464,0.5,106.038320800942,0.5,0.375384615384615,0.385185185185185,-0.69237238920239,-0.0858357670375938,0.155073579211574,6.42676331389764,7.03329993606243,-0.647935945874138,0.199510022539826,9.86000979129585
0.1,0.2,2,87.8360073563939,NA,111.818660214944,0.5,109.777948767227,0.5,112.01101294424,0.5,120.533889619071,0.5,112.80856361014,0.5,112.852766088257,0.5,120.55204948407,0.5,112.823294822407,0.5,0.396,0.413333333333333,0.841753144016522,0.0181598649988501,0.0147312122665113,8.5228766748308,7.69928339581313,0.797550665900133,-0.0294712658498781,10.7741007168433
0.1,0.2,3,78.9865188713109,NA,98.3453900965227,0.5,92.5300355123687,0.5,99.3251676785044,0.5,102.619540381353,0.5,98.3620551878594,0.5,99.1292307090464,0.5,102.47343983968,0.5,98.1250094194918,0.5,0.2575,0.254545454545455,-0.19593696945806,-0.146100541673306,-0.237045768367608,3.29437270284851,3.34420913063326,-0.963112490645017,-1.00422128955456,9.94340432731096
0.1,0.2,4,90.837346998793,NA,116.267538026089,0.5,116.713621646422,0.5,115.71494503554,0.5,130.369101564051,0.5,116.844674290002,0.5,115.800983154519,0.5,129.679408678386,0.5,116.292673790914,0.5,0.427368421052632,0.396,0.0860381189796158,-0.689692885664357,-0.552000499087811,14.654156528511,13.878425523867,1.12972925446196,0.491690636394537,12.9657870319645
0.1,0.2,5,86.3168165108332,NA,107.224291603131,0.5,105.320163803342,0.5,108.8711941468,0.5,114.651005116708,0.5,109.26234679643,0.5,108.595819470156,0.5,114.650325825691,0.5,108.453644425994,0.5,0.365,0.349565217391304,-0.275374676644532,-0.000679291016595585,-0.808702370435782,5.77981096990739,6.05450635553532,0.39115264962922,-0.14217504416203,9.330162022349
0.1,0.2,6,95.851551495123,NA,121.7865338259,0.5,122.379237446626,0.5,124.410773623913,0.5,132.27420422959,0.5,122.885373313854,0.5,123.426398737282,0.5,132.327825610811,0.5,123.184897665518,0.5,0.396190476190476,0.371428571428571,-0.984374886631713,0.0536213812208928,0.299524351664218,7.86343060567638,8.90142687352899,-1.52540031005965,-0.241501071763722,9.948588164185
0.1,0.2,7,84.4304044019455,NA,111.27928110974,0.5,110.502860114951,0.5,114.160539466202,0.5,129.77245841308,0.5,113.349640303891,0.5,113.913919523525,0.5,130.02073845455,0.5,114.626685054133,0.5,0.446153846153846,0.476923076923077,-0.246619942676119,0.248280041469997,1.27704475024206,15.6119189468785,16.1068189310247,-0.810899162311003,0.712765530607172,19.5178783395995
0.1,0.2,8,80.53313820469,NA,104.048546621066,0.5,102.692814057175,0.5,104.306179718921,0.5,112.721354128382,0.5,103.230129920857,0.5,104.036659642276,0.5,112.794968124744,0.5,103.739721827685,0.5,0.380869565217391,0.368695652173913,-0.269520076645321,0.0736139963624538,0.509591906828859,8.4151744094608,8.75830848246858,-1.0760497980643,-0.296937814590123,10.1021540675691
0.1,0.2,9,81.4850560574514,NA,107.1801657462,0.5,104.184352859876,0.5,110.335573518059,0.5,121.971443268425,0.5,108.568891230906,0.5,110.180545137096,0.5,121.80083665176,0.5,110.890201988916,0.5,0.385,0.3875,-0.155028380962889,-0.170606616665395,2.32131075801016,11.6358697503668,11.6202915146643,-1.76668228715275,0.709656851820299,17.616483791884
0.1,0.2,10,73.5315539220297,NA,95.5563506202943,0.5,92.494842644964,0.5,95.9429570303507,0.5,99.1483535413291,0.5,95.7749889654484,0.5,95.6090179353107,0.5,99.0970059853371,0.5,96.0801957307645,0.5,0.25875,0.2625,-0.333939095040051,-0.0513475559920096,0.305206765316129,3.20539651097837,3.48798805002642,-0.167968064902311,0.471177795453869,6.60216334037305
0.1,0.2,11,71.5959335188435,NA,92.4825570934497,0.5,87.4577348408765,0.5,92.1614969830087,0.5,95.226284525915,0.5,91.7727629090684,0.5,92.0060044385004,0.5,95.4965148556436,0.5,91.2745991642337,0.5,0.242222222222222,0.252571428571429,-0.155492544508363,0.270230329728662,-0.498163744834642,3.06478754290626,3.49051041714328,-0.388734073940341,-0.731405274266621,8.03878001476716
0.1,0.2,12,78.5842370950655,NA,100.332026009413,0.5,97.2832290823781,0.5,101.520676016893,0.5,106.87432695364,0.5,101.123516126424,0.5,101.744501060579,0.5,106.893311229247,0.5,101.485012363858,0.5,0.361538461538461,0.346666666666667,0.223825043685565,0.0189842756075791,0.361496237434849,5.35365093674665,5.14881016866866,-0.397159890469609,-0.259488696720325,9.61008214686932
0.1,0.2,13,82.1682899777375,NA,104.648654957183,0.5,101.739720213326,0.5,105.741582465536,0.5,110.586737100525,0.5,105.182993645728,0.5,106.082885393408,0.5,110.656083319507,0.5,105.762716155697,0.5,0.338461538461538,0.327142857142857,0.341302927871098,0.0693462189818774,0.57972250996886,4.8451546349889,4.57319792609968,-0.558588819808264,-0.320169237710502,8.91636310618151
0.1,0.2,14,83.7418508154533,NA,109.097871610162,0.5,105.036577543051,0.5,108.852101211983,0.5,116.005288448205,0.5,109.220600153341,0.5,109.031673507147,0.5,116.182140733427,0.5,108.845016292935,0.5,0.380869565217391,0.37,0.179572295164135,0.176852285221884,-0.375583860406437,7.15318723622229,7.15046722628004,0.368498941358439,-0.186657214212133,11.1455631903767
0.1,0.2,15,95.822574720523,NA,116.195842006445,0.5,113.231108607504,0.5,116.875725985694,0.5,123.813065753998,0.5,116.833271107064,0.5,116.378791502726,0.5,123.987979806844,0.5,116.702199104885,0.5,0.419130434782609,0.412173913043478,-0.49693448296739,0.174914052845764,-0.131072002178556,6.93733976830478,7.60918830411794,-0.0424548786297834,0.323407602159051,10.75687119934
0.1,0.2,16,87.4095808609405,NA,110.046021319074,0.5,105.609102373845,0.5,110.489517379662,0.5,117.430617343481,0.5,110.023163686439,0.5,109.856226810673,0.5,117.446112839658,0.5,110.55218714474,0.5,0.369090909090909,0.368333333333333,-0.633290568988571,0.0154954961771381,0.529023458300514,6.94109996381916,7.58988602898486,-0.466353693222416,0.695960334066669,11.8370104658127
0.1,0.2,17,80.9425806758769,NA,106.106627743981,0.5,101.475886691286,0.5,106.653663784747,0.5,112.934721716195,0.5,106.575930673895,0.5,106.465224493716,0.5,112.893703180522,0.5,106.171018688804,0.5,0.346086956521739,0.3328,-0.188439291031017,-0.0410185356726203,-0.404911985090422,6.28105793144766,6.42847868680606,-0.0777331108522361,-0.294205804911641,11.4178164892365
0.1,0.2,18,80.4837129119941,NA,101.910234518959,0.5,100.301093130557,0.5,103.60680930249,0.5,111.917038866811,0.5,103.370808865405,0.5,103.316086812565,0.5,111.863180967122,0.5,104.856968813071,0.5,0.455238095238095,0.47047619047619,-0.29072248992523,-0.0538578996893051,1.4861599476658,8.31022956432076,8.54709415455669,-0.236000437084897,1.54088200050613,11.5620878365644
0.1,0.2,19,91.7282859610138,NA,112.286777885703,0.5,108.996615963331,0.5,113.345416539582,0.5,115.986364958017,0.5,113.059980974006,0.5,114.09417484403,0.5,115.924446462483,0.5,113.601214088665,0.5,0.309333333333333,0.285161290322581,0.748758304448131,-0.061918495533277,0.541233114659093,2.64094841843483,1.83027161845342,-0.285435565575639,-0.492960755364678,6.92783049915234
0.1,0.2,20,78.8766161021553,NA,101.918226525963,0.5,99.7163524686166,0.5,103.49861106374,0.5,113.160926278463,0.5,103.432787161068,0.5,103.156200930482,0.5,113.161619925817,0.5,101.935364957473,0.5,0.449090909090909,0.434782608695652,-0.342410133258539,0.000693647353898541,-1.49742220359434,9.6623152147223,10.0054189953347,-0.0658239026727472,-1.22083597300855,13.4452674572
0.1,0.2,21,91.0807614781705,NA,113.457174831079,0.5,111.164502949912,0.5,116.22200258366,0.5,123.975750681798,0.5,115.361958819281,0.5,114.699829898297,0.5,123.945943297346,0.5,115.820344023737,0.5,0.398,0.394545454545455,-1.52217268536289,-0.029807384451118,0.458385204456022,7.75374809813721,9.24611339904898,-0.860043764379668,1.12051412543924,12.7814403474349
0.1,0.2,22,80.9193275555302,NA,104.002626340162,0.5,105.990262951561,0.5,106.538374332154,0.5,121.125324603721,0.5,105.946243805535,0.5,106.873092484887,0.5,121.02382432207,0.5,105.249915964615,0.5,0.542857142857143,0.538461538461539,0.33471815273333,-0.101500281650686,-0.69632784091985,14.5869502715667,14.1507318371826,-0.592130526619229,-1.62317652027241,15.0335613705095
0.1,0.2,23,91.9624176473745,NA,116.187409897988,0.5,116.035300620256,0.5,117.553284881441,0.5,127.197538738089,0.5,117.509643561685,0.5,116.7185419959,0.5,127.284458861847,0.5,116.911522343489,0.5,0.466666666666667,0.48,-0.834742885541488,0.0869201237579063,-0.598121218196397,9.64425385664798,10.5659168659474,-0.0436413197560199,0.192980347589071,11.2491582415908
0.1,0.2,24,80.8384971655544,NA,100.868648553876,0.5,97.4310722625409,0.5,101.913606369266,0.5,105.293297700403,0.5,101.998366584033,0.5,101.829526619047,0.5,105.274532881632,0.5,100.833209832803,0.5,0.29125,0.31,-0.0840797502191748,-0.0187648187713165,-1.16515675123004,3.37969133113707,3.44500626258493,0.0847602147673712,-0.996316786243497,7.84346061909098
0.1,0.2,25,76.5198622833525,NA,99.5126041139762,0.5,96.3423009893002,0.5,100.175255523864,0.5,109.83020990809,0.5,99.0637664253974,0.5,99.5899416103153,0.5,109.43280522082,0.5,97.5520064441094,0.5,0.494736842105263,0.441739130434783,-0.585313913548532,-0.39740468727004,-1.51175998128805,9.65495438422657,9.84286361050506,-1.11148909846641,-2.03793516620593,13.0905042315202
0.1,0.2,26,90.4345111424183,NA,114.75566983394,0.5,116.022650055787,0.499999999999999,116.833531889697,0.5,132.021497374259,0.5,116.936892642826,0.5,116.260273951968,0.5,131.968490584923,0.5,115.80439998198,0.5,0.568571428571429,0.546666666666667,-0.5732579377283,-0.0530067893356829,-1.13249266084614,15.1879654845624,15.708216632955,0.10336075312992,-0.45587396998792,15.9458405291364
0.1,0.2,27,81.6139437872411,NA,102.065102849433,0.5,100.97391013009,0.5,103.182590151354,0.5,111.921761389462,0.5,103.734363395124,0.5,103.993116000635,0.5,111.917112930754,0.5,104.076398602014,0.5,0.443809523809524,0.443809523809524,0.810525849280779,-0.00464845870772024,0.342035206890586,8.73917123810794,7.92399693011944,0.551773243769418,0.0832826013792243,10.9432028006644
0.1,0.2,28,81.2082775744694,NA,103.238968392183,0.5,101.188094334563,0.5,104.526656194438,0.5,109.149430897761,0.5,103.499588116494,0.5,104.473129864334,0.5,108.990273756593,0.5,103.263144475568,0.5,0.3344,0.323076923076923,-0.0535263301042477,-0.159157141167441,-0.236443640925202,4.62277470332262,4.51714389225943,-1.02706807794434,-1.20998538876529,7.80217942203005
0.1,0.2,29,79.9654503201758,NA,105.349634023396,0.5,105.399508299063,0.499999999999999,107.156525717833,0.5,117.253209853652,0.5,106.542606016106,0.5,106.748583461526,0.5,117.330371388624,0.5,108.282148907471,0.5,0.463529411764706,0.452631578947368,-0.407942256307336,0.077161534971637,1.73954289136488,10.096684135819,10.581787927098,-0.613919701727198,1.53356544594502,11.9308630895613
0.1,0.2,30,76.914867997734,NA,97.9284813198876,0.5,94.4123793681404,0.5,100.006501825283,0.5,103.59780689901,0.5,100.16936784268,0.5,100.022676336919,0.5,103.660308092159,0.5,99.7697911155205,0.5,0.366153846153846,0.34,0.0161745116365921,0.0625011931491599,-0.399576727159484,3.59130507372723,3.6376317552398,0.16286601739742,-0.252885221398657,9.24792872401851
0.1,0.2,31,77.6874080542582,NA,98.8473462411338,0.5,94.0504456729534,0.5,99.3033270181284,0.5,102.81894262756,0.5,98.5500140700451,0.5,99.6931669972876,0.5,102.881968042399,0.5,99.09821354944,0.5,0.298064516129032,0.28375,0.38983997915922,0.0630254148389611,0.548199479394867,3.51561560943149,3.18880104511123,-0.753312948083291,-0.594953447847644,8.83152236944551
0.1,0.2,32,86.482182411543,NA,112.530338840594,0.5,107.137547852596,0.5,114.287798768528,0.5,120.715918928555,0.5,113.958395480319,0.5,113.090855232983,0.5,120.499400558304,0.5,113.551926910006,0.5,0.420869565217391,0.392,-1.19694353554452,-0.216518370251208,-0.406468570313137,6.42812016002773,7.40854532532104,-0.329403288208056,0.461071677023327,13.3618527057085
0.1,0.2,33,85.3469427820888,NA,107.015602935256,0.5,105.473461879824,0.5,107.746950929527,0.5,112.114296420062,0.5,107.641340360639,0.5,106.932410750632,0.5,112.252961241495,0.5,106.255555919527,0.5,0.342857142857143,0.331034482758621,-0.814540178894305,0.138664821432812,-1.38578444111211,4.36734549053534,5.32055049086246,-0.1056105688874,-0.676854831105203,6.77949936167069
0.1,0.2,34,85.1306620665817,NA,109.796149618745,0.5,108.114359166592,0.5,110.130776809513,0.5,130.270375280913,0.5,112.407410982943,0.5,111.208291750319,0.5,130.996684478599,0.5,112.592233020865,0.5,0.472941176470588,0.63,1.0775149408061,0.726309197685964,0.184822037921549,20.1395984713997,19.7883927282796,2.27663417343045,1.3839412705459,22.8823253120068
0.1,0.2,35,88.939862778817,NA,113.161793461634,0.5,110.95469600295,0.5,114.420512025698,0.5,137.195203373804,0.5,115.382468713291,0.5,117.416699014278,0.5,135.649218874157,0.5,115.198236037339,0.5,0.492631578947369,0.571764705882353,2.99618698858012,-1.54598449964678,-0.184232675951833,22.7746913481056,18.2325198598787,0.96195668759276,-2.21846297693919,24.6945228712068
0.1,0.2,36,86.434100891451,NA,106.425954853862,0.5,104.766093891516,0.5,108.400271107163,0.5,110.589471361529,0.5,107.251762962142,0.5,108.76707676248,0.5,110.918657451783,0.5,107.127877959092,0.5,0.343703703703704,0.317333333333333,0.366805655317137,0.329186090253643,-0.12388500304931,2.18920025436631,2.15158068930282,-1.14850814502135,-1.6391988033878,6.15256356026725
0.1,0.2,37,82.1156646215319,NA,103.935924336298,0.5,99.5655025203002,0.5,102.933749151681,0.5,107.310272749393,0.5,104.048023460423,0.5,103.955043769812,0.5,107.394633755274,0.5,103.335555470399,0.5,0.268387096774193,0.254193548387097,1.02129461813075,0.0843610058811919,-0.71246799002391,4.3765235977116,3.43958998546204,1.11427430874221,-0.619488299412453,7.82913123497357
0.1,0.2,38,82.6726646188388,NA,101.933992200308,0.5,98.0579080061646,0.5,103.252175410712,0.5,105.734169359828,0.5,102.595067041684,0.5,103.242092452286,0.5,105.572699043083,0.5,103.092349857471,0.5,0.259354838709677,0.246060606060606,-0.0100829584259969,-0.161470316744243,0.497282815787145,2.48199394911543,2.33060659079719,-0.657108369028364,-0.149742594815223,7.51479103691868
0.1,0.2,39,77.6931375030825,NA,97.8531475984948,0.5,95.3051366930336,0.5,98.7499717719343,0.5,102.599736803044,0.5,97.5820906891328,0.5,98.423014699726,0.5,102.549314086295,0.5,97.597284283151,0.5,0.32,0.276470588235294,-0.32695707220833,-0.0504227167490683,0.0151935940181716,3.84976503110965,4.12629938656892,-1.1678810828015,-0.825730416574999,7.24417739326128
0.1,0.2,40,83.5044421901027,NA,104.355688626545,0.5,101.446327901066,0.5,105.26515060399,0.5,111.203642946127,0.5,104.915196925795,0.5,104.604466047271,0.5,111.275440140426,0.5,105.09258857694,0.5,0.382608695652174,0.383333333333333,-0.660684556719715,0.0717971942992364,0.177391651144802,5.93849234213614,6.6709740931551,-0.349953678195575,0.488122529668942,9.82911223935956
0.1,0.2,41,87.2097711483964,NA,115.160174001897,0.5,115.114732898698,0.5,115.71322220072,0.5,127.231693197593,0.5,114.514841388856,0.5,114.600603903458,0.5,127.443250833262,0.5,116.408776176086,0.5,0.43764705882353,0.43578947368421,-1.11261829726294,0.211557635669038,1.8939347872296,11.5184709968725,12.8426469298045,-1.19838081186447,1.80817227262807,12.3285179345641
0.1,0.2,42,86.9686251993864,NA,115.437081753309,0.5,112.935053559696,0.5,118.063040024199,0.5,125.804489858249,0.5,117.31762415343,0.5,116.987929240619,0.5,125.942215261802,0.5,116.948920480513,0.5,0.338947368421053,0.332,-1.07511078357929,0.137725403553517,-0.368703672916695,7.74144983405023,8.95428602118304,-0.745415870768852,-0.0390087601062561,13.0071617021062
0.1,0.2,43,82.4738718187159,NA,103.589383646727,0.5,101.921176686583,0.5,104.339344443812,0.5,108.356476375427,0.5,103.618627760921,0.5,104.431045006122,0.5,108.390684047921,0.5,103.922333991651,0.5,0.422608695652174,0.340689655172414,0.0917005623092848,0.0342076724940767,0.303706230730384,4.01713193161456,3.95963904179935,-0.720716682891307,-0.508711014470208,6.4695073613382
0.1,0.2,44,83.551693801706,NA,102.290946153454,0.5,98.7035857257531,0.5,104.259772872904,0.5,119.620652300877,0.5,103.306687607941,0.5,103.022607019278,0.5,119.598997174031,0.5,104.711373512098,0.5,0.527619047619048,0.476666666666667,-1.23716585362574,-0.0216551268459995,1.40468590415762,15.3608794279737,16.5763901547535,-0.953085264963093,1.68876649282026,20.8954114482783
0.1,0.2,45,87.3977315449308,NA,106.92189608318,0.5,103.074229147615,0.5,108.96059776678,0.5,151.172527255771,0.5,107.012157559235,0.5,108.339562665435,0.5,137.844486511445,0.5,108.269506892584,0.5,0.6,0.615,-0.6210351013452,-13.3280407443254,1.25734933334854,42.2119294889905,29.5049238460103,-1.94844020754489,-0.0700557728511484,34.7702573638305
0.1,0.2,46,83.4719843823191,NA,106.436495012107,0.5,104.091192688745,0.5,108.305679519952,0.5,115.948378109346,0.5,107.840359249025,0.5,107.493581789743,0.5,115.946397058767,0.5,108.086839651941,0.5,0.448421052631579,0.455555555555555,-0.812097730209928,-0.00198105057926057,0.246480402916561,7.6426985893937,8.45281526902437,-0.46532027092762,0.593257862198868,11.8552043700222
0.1,0.2,47,79.3678062458055,NA,103.348563712532,0.5,101.823877720724,0.5,104.422439625859,0.5,112.032116853785,0.5,103.688188746427,0.5,105.024908250341,0.5,111.891193788344,0.5,103.060029712228,0.5,0.418181818181818,0.384,0.602468624481531,-0.14092306544039,-0.62815903419947,7.60967722792559,6.86628553800367,-0.734250879431642,-1.96487853811264,10.0673160676201
0.1,0.2,48,84.5722570058372,NA,107.479407566163,0.5,104.144531361939,0.5,107.949152025993,0.5,117.775038107739,0.5,107.245741732636,0.5,109.37831344157,0.5,117.727276569511,0.5,108.161257066824,0.5,0.48,0.451428571428571,1.42916141557728,-0.047761538228059,0.91551533418793,9.82588608174662,8.34896312794127,-0.703410293356583,-1.21705637474594,13.5827452075722
0.1,0.2,49,83.4114243026338,NA,106.115340868588,0.5,103.224782349225,0.5,109.118771914959,0.5,117.684258796876,0.5,107.592709319843,0.5,109.721305484219,0.5,117.939569898759,0.5,108.276909461636,0.5,0.424,0.437894736842105,0.602533569259904,0.255311101883436,0.684200141793085,8.56548688191657,8.2182644145401,-1.52606259511694,-1.44439602258376,14.7147875495348
0.1,0.2,50,78.6183136530145,NA,98.1143919221505,0.5,93.7653023357365,0.5,99.3037244616718,0.5,101.799093008458,0.5,99.4097521678925,0.5,99.2582614274718,0.5,101.66613834884,0.5,99.3445782252397,0.5,0.254117647058824,0.238857142857143,-0.0454630342000115,-0.132954659618008,-0.0651739426527485,2.49536854678654,2.40787692136854,0.106027706220644,0.0863167977679069,7.90083601310388
1,0.2,1,82.3099900278104,NA,105.532558279048,0.5,103.012100923169,0.5,106.531183167604,0.5,110.56650725916,0.5,105.88324722173,0.5,105.838810778402,0.5,110.225723979065,0.5,106.038320800942,0.5,0.333333333333333,0.326451612903226,-0.69237238920239,-0.340783280094939,0.155073579211574,4.03532409155592,4.38691320066337,-0.647935945874138,0.199510022539826,7.21362305589679
1,0.2,2,87.8360073563939,NA,111.818660214944,0.5,109.777948767227,0.5,112.01101294424,0.5,118.095459278107,0.5,112.80856361014,0.5,112.852766088257,0.5,118.135022256759,0.5,112.823294822407,0.5,0.371851851851852,0.346666666666666,0.841753144016522,0.0395629786516594,0.0147312122665113,6.08444633386719,5.28225616850233,0.797550665900133,-0.0294712658498781,8.35707348953247
1,0.2,3,78.9865188713109,NA,98.3453900965227,0.5,92.5300355123687,0.5,99.3251676785044,0.5,100.258792723251,0.5,98.3620551878594,0.5,99.1292307090464,0.5,100.528286574482,0.5,98.1250094194918,0.5,0.145714285714286,0.128372093023256,-0.19593696945806,0.269493851231502,-0.237045768367608,0.933625044746506,1.39905586543607,-0.963112490645017,-1.00422128955456,7.99825106211377
1,0.2,4,90.837346998793,NA,116.267538026089,0.5,116.713621646422,0.5,115.71494503554,0.5,127.654533483695,0.5,116.844674290002,0.5,115.800983154519,0.5,127.637020523722,0.5,116.292673790914,0.5,0.471304347826087,0.4384,0.0860381189796158,-0.017512959972791,-0.552000499087811,11.9395884481547,11.8360373692023,1.12972925446196,0.491690636394537,10.9233988772998
1,0.2,5,86.3168165108332,NA,107.224291603131,0.5,105.320163803342,0.5,108.8711941468,0.5,113.055371484483,0.5,109.26234679643,0.5,108.595819470156,0.5,112.834136612898,0.5,108.453644425994,0.5,0.270588235294118,0.270588235294118,-0.275374676644532,-0.221234871584699,-0.808702370435782,4.18417733768264,4.23831714274247,0.39115264962922,-0.14217504416203,7.51397280955615
1,0.2,6,95.851551495123,NA,121.7865338259,0.5,122.379237446626,0.5,124.410773623913,0.5,130.293813962685,0.5,122.885373313854,0.5,123.426398737282,0.5,130.424071707852,0.5,123.184897665518,0.5,0.3824,0.408,-0.984374886631713,0.130257745167597,0.299524351664218,5.88304033877138,6.99767297057069,-1.52540031005965,-0.241501071763722,8.0448342612267
1,0.2,7,84.4304044019455,NA,111.27928110974,0.5,110.502860114951,0.5,114.160539466202,0.5,129.89243793913,0.5,113.349640303891,0.5,113.913919523525,0.5,130.096677968199,0.5,114.626685054133,0.5,0.408,0.447272727272727,-0.246619942676119,0.204240029068757,1.27704475024206,15.7318984729285,16.1827584446734,-0.810899162311003,0.712765530607172,19.5938178532482
1,0.2,8,80.53313820469,NA,104.048546621066,0.5,102.692814057175,0.5,104.306179718921,0.5,109.6595178401,0.5,103.230129920857,0.5,104.036659642276,0.5,109.467564393641,0.5,103.739721827685,0.5,0.31375,0.287058823529412,-0.269520076645321,-0.191953446459721,0.509591906828859,5.35333812117935,5.43090475136495,-1.0760497980643,-0.296937814590123,6.77475033646544
1,0.2,9,81.4850560574514,NA,107.1801657462,0.5,104.184352859876,0.5,110.335573518059,0.5,119.299644206012,0.5,108.568891230906,0.5,110.180545137096,0.5,119.065377781415,0.5,110.890201988916,0.5,0.418333333333333,0.4064,-0.155028380962889,-0.234266424597436,2.32131075801016,8.96407068795344,8.88483264431889,-1.76668228715275,0.709656851820299,14.8810249215386
1,0.2,10,73.5315539220297,NA,95.5563506202943,0.5,92.494842644964,0.5,95.9429570303507,0.5,97.4541155078362,0.5,95.7749889654484,0.5,95.6090179353107,0.5,97.6628353366885,0.5,96.0801957307645,0.5,0.168780487804878,0.168780487804878,-0.333939095040051,0.208719828852324,0.305206765316129,1.51115847748547,2.05381740137784,-0.167968064902311,0.471177795453869,5.16799269172448
1,0.2,11,71.5959335188435,NA,92.4825570934497,0.5,87.4577348408765,0.5,92.1614969830087,0.5,93.1258983158618,0.5,91.7727629090684,0.5,92.0060044385004,0.5,93.0579630357122,0.5,91.2745991642337,0.5,0.130232558139535,0.127441860465116,-0.155492544508363,-0.0679352801496123,-0.498163744834642,0.964401332853114,1.05195859721186,-0.388734073940341,-0.731405274266621,5.60022819483574
1,0.2,12,78.5842370950655,NA,100.332026009413,0.5,97.2832290823781,0.5,101.520676016893,0.5,104.700392054803,0.5,101.123516126424,0.5,101.744501060579,0.5,104.808096010672,0.5,101.485012363858,0.5,0.301176470588235,0.28,0.223825043685565,0.107703955868203,0.361496237434849,3.17971603791034,3.06359495009298,-0.397159890469609,-0.259488696720325,7.52486692829363
1,0.2,13,82.1682899777375,NA,104.648654957183,0.5,101.739720213326,0.5,105.741582465536,0.5,108.650668032098,0.5,105.182993645728,0.5,106.082885393408,0.5,108.469205484284,0.5,105.762716155697,0.5,0.265142857142857,0.258285714285714,0.341302927871098,-0.181462547813737,0.57972250996886,2.90908556656154,2.38632009087671,-0.558588819808264,-0.320169237710502,6.72948527095853
1,0.2,14,83.7418508154533,NA,109.097871610162,0.5,105.036577543051,0.5,108.852101211983,0.5,113.786572559285,0.5,109.220600153341,0.5,109.031673507147,0.5,113.977033239131,0.5,108.845016292935,0.5,0.332903225806452,0.336774193548387,0.179572295164135,0.190460679846083,-0.375583860406437,4.93447134730185,4.9453597319838,0.368498941358439,-0.186657214212133,8.94045569608042
1,0.2,15,95.822574720523,NA,116.195842006445,0.5,113.231108607504,0.5,116.875725985694,0.5,121.353388595547,0.5,116.833271107064,0.5,116.378791502726,0.5,121.366035779758,0.5,116.702199104885,0.5,0.294545454545455,0.31125,-0.49693448296739,0.0126471842110618,-0.131072002178556,4.47766260985325,4.98724427703171,-0.0424548786297834,0.323407602159051,8.13492717225374
1,0.2,16,87.4095808609405,NA,110.046021319074,0.5,105.609102373845,0.5,110.489517379662,0.5,115.147401126862,0.5,110.023163686439,0.5,109.856226810673,0.5,114.568533578711,0.5,110.55218714474,0.5,0.299393939393939,0.272,-0.633290568988571,-0.578867548151763,0.529023458300514,4.65788374720059,4.71230676803739,-0.466353693222416,0.695960334066669,8.9594312048652
1,0.2,17,80.9425806758769,NA,106.106627743981,0.5,101.475886691286,0.5,106.653663784747,0.5,110.19172151518,0.5,106.575930673895,0.5,106.465224493716,0.5,110.677498966899,0.5,106.171018688804,0.5,0.258064516129032,0.25375,-0.188439291031017,0.48577745171923,-0.404911985090422,3.53805773043322,4.21227447318347,-0.0777331108522361,-0.294205804911641,9.20161227561391
1,0.2,18,80.4837129119941,NA,101.910234518959,0.5,100.301093130557,0.5,103.60680930249,0.5,109.539776686531,0.5,103.370808865405,0.5,103.316086812565,0.5,109.595576236385,0.5,104.856968813071,0.5,0.33,0.313939393939394,-0.29072248992523,0.0557995498536599,1.4861599476658,5.93296738404084,6.27948942381973,-0.236000437084897,1.54088200050613,9.29448310582742
1,0.2,19,91.7282859610138,NA,112.286777885703,0.5,108.996615963331,0.5,113.345416539582,0.5,114.712549952967,0.5,113.059980974006,0.5,114.09417484403,0.5,114.620754756031,0.5,113.601214088665,0.5,0.236666666666667,0.225945945945946,0.748758304448131,-0.0917951969355073,0.541233114659093,1.36713341338523,0.526579912001594,-0.285435565575639,-0.492960755364678,5.62413879270051
1,0.2,20,78.8766161021553,NA,101.918226525963,0.5,99.7163524686166,0.5,103.49861106374,0.5,111.415053820532,0.5,103.432787161068,0.5,103.156200930482,0.5,111.5291938254,0.5,101.935364957473,0.5,0.4528,0.369655172413793,-0.342410133258539,0.114140004868119,-1.49742220359434,7.91644275679121,8.37299289491787,-0.0658239026727472,-1.22083597300855,11.8128413567831
1,0.2,21,91.0807614781705,NA,113.457174831079,0.5,111.164502949912,0.5,116.22200258366,0.5,122.350991806819,0.5,115.361958819281,0.5,114.699829898297,0.5,121.947019455796,0.5,115.820344023737,0.5,0.4304,0.4304,-1.52217268536289,-0.403972351022958,0.458385204456022,6.12898922315877,7.2471895574987,-0.860043764379668,1.12051412543924,10.7825165058846
1,0.2,22,80.9193275555302,NA,104.002626340162,0.5,105.990262951561,0.5,106.538374332154,0.5,119.954045908876,0.5,105.946243805535,0.5,106.873092484887,0.5,119.753671269539,0.5,105.249915964615,0.5,0.554666666666667,0.565333333333333,0.33471815273333,-0.200374639336559,-0.69632784091985,13.4156715767215,12.8805787846516,-0.592130526619229,-1.62317652027241,13.7634083179785
1,0.2,23,91.9624176473745,NA,116.187409897988,0.5,116.035300620256,0.5,117.553284881441,0.5,126.070246029572,0.5,117.509643561685,0.5,116.7185419959,0.5,125.95800847667,0.5,116.911522343489,0.5,0.485454545454546,0.497142857142857,-0.834742885541488,-0.112237552902513,-0.598121218196397,8.51696114813107,9.23946648077005,-0.0436413197560199,0.192980347589071,9.92270785641351
1,0.2,24,80.8384971655544,NA,100.868648553876,0.5,97.4310722625409,0.5,101.913606369266,0.5,104.398921657445,0.5,101.998366584033,0.5,101.829526619047,0.5,104.509584169372,0.5,100.833209832803,0.5,0.210526315789474,0.214736842105263,-0.0840797502191748,0.110662511927075,-1.16515675123004,2.48531528817838,2.68005755032463,0.0847602147673712,-0.996316786243497,7.07851190683068
1,0.2,25,76.5198622833525,NA,99.5126041139762,0.5,96.3423009893002,0.5,100.175255523864,0.5,108.422510385434,0.5,99.0637664253974,0.5,99.5899416103153,0.5,108.457809008181,0.5,97.5520064441094,0.5,0.419259259259259,0.3325,-0.585313913548532,0.0352986227463106,-1.51175998128805,8.24725486157057,8.86786739786541,-1.11148909846641,-2.03793516620593,12.1155080188805
1,0.2,26,90.4345111424183,NA,114.75566983394,0.5,116.022650055787,0.499999999999999,116.833531889697,0.5,130.36986749689,0.5,116.936892642826,0.5,116.260273951968,0.5,130.331998924055,0.5,115.80439998198,0.5,0.581538461538462,0.56,-0.5732579377283,-0.0378685728352366,-1.13249266084614,13.5363356071939,14.0717249720869,0.10336075312992,-0.45587396998792,14.3093488682683
1,0.2,27,81.6139437872411,NA,102.065102849433,0.5,100.97391013009,0.5,103.182590151354,0.5,110.453290966983,0.5,103.734363395124,0.5,103.993116000635,0.5,110.332401869939,0.5,104.076398602014,0.5,0.336,0.336,0.810525849280779,-0.120889097044014,0.342035206890586,7.27070081562863,6.33928586930384,0.551773243769418,0.0832826013792243,9.35849173984879
1,0.2,28,81.2082775744694,NA,103.238968392183,0.5,101.188094334563,0.5,104.526656194438,0.5,106.904505380264,0.5,103.499588116494,0.5,104.473129864334,0.5,107.117417151109,0.5,103.263144475568,0.5,0.208421052631579,0.201052631578947,-0.0535263301042477,0.212911770845253,-0.236443640925202,2.37784918582601,2.64428728677551,-1.02706807794434,-1.20998538876529,5.92932281654613
1,0.2,29,79.9654503201758,NA,105.349634023396,0.5,105.399508299063,0.499999999999999,107.156525717833,0.5,114.561909622242,0.5,106.542606016106,0.5,106.748583461526,0.5,114.674224175182,0.5,108.282148907471,0.5,0.4016,0.4,-0.407942256307336,0.112314552940774,1.73954289136488,7.4053839044084,7.92564071365651,-0.613919701727198,1.53356544594502,9.27471587611983
1,0.2,30,76.914867997734,NA,97.9284813198876,0.5,94.4123793681404,0.5,100.006501825283,0.5,101.777253848772,0.5,100.16936784268,0.5,100.022676336919,0.5,101.888256676158,0.5,99.7697911155205,0.5,0.254444444444444,0.254444444444444,0.0161745116365921,0.111002827386557,-0.399576727159484,1.77075202348927,1.86558033923923,0.16286601739742,-0.252885221398657,7.47587730801794
1,0.2,31,77.6874080542582,NA,98.8473462411338,0.5,94.0504456729534,0.5,99.3033270181284,0.5,101.372908125945,0.5,98.5500140700451,0.5,99.6931669972876,0.5,101.801126425448,0.5,99.09821354944,0.5,0.207368421052631,0.207368421052631,0.38983997915922,0.428218299502859,0.548199479394867,2.06958110781635,2.10795942815999,-0.753312948083291,-0.594953447847644,7.75068075249426
1,0.2,32,86.482182411543,NA,112.530338840594,0.5,107.137547852596,0.5,114.287798768528,0.5,118.88949760565,0.5,113.958395480319,0.5,113.090855232983,0.5,119.113965024514,0.5,113.551926910006,0.5,0.406153846153846,0.391111111111111,-1.19694353554452,0.224467418863938,-0.406468570313137,4.60169883712278,6.02310979153124,-0.329403288208056,0.461071677023327,11.9764171719187
1,0.2,33,85.3469427820888,NA,107.015602935256,0.5,105.473461879824,0.5,107.746950929527,0.5,109.084290809117,0.5,107.641340360639,0.5,106.932410750632,0.5,108.881172643223,0.5,106.255555919527,0.5,0.30375,0.28,-0.814540178894305,-0.203118165894196,-1.38578444111211,1.33733987959064,1.94876189259075,-0.1056105688874,-0.676854831105203,3.40771076339898
1,0.2,34,85.1306620665817,NA,109.796149618745,0.5,108.114359166592,0.5,110.130776809513,0.5,128.364280029041,0.5,112.407410982943,0.5,111.208291750319,0.5,129.317733840452,0.5,112.592233020865,0.5,0.522105263157895,0.631111111111111,1.0775149408061,0.95345381141118,0.184822037921549,18.2335032195282,18.1094420901333,2.27663417343045,1.3839412705459,21.2033746738605
1,0.2,35,88.939862778817,NA,113.161793461634,0.5,110.95469600295,0.5,114.420512025698,0.5,136.482358010246,0.5,115.382468713291,0.5,117.416699014278,0.5,134.214269713634,0.5,115.198236037339,0.5,0.488421052631579,0.586666666666667,2.99618698858012,-2.2680882966126,-0.184232675951833,22.0618459845481,16.7975706993554,0.96195668759276,-2.21846297693919,23.2595737106836
1,0.2,36,86.434100891451,NA,106.425954853862,0.5,104.766093891516,0.5,108.400271107163,0.5,110.47490068853,0.5,107.251762962142,0.5,108.76707676248,0.5,110.517969775918,0.5,107.127877959092,0.5,0.236666666666667,0.218378378378378,0.366805655317137,0.0430690873878774,-0.12388500304931,2.07462958136686,1.7508930134376,-1.14850814502135,-1.6391988033878,5.75187588440204
1,0.2,37,82.1156646215319,NA,103.935924336298,0.5,99.5655025203002,0.5,102.933749151681,0.5,105.417356753666,0.5,104.048023460423,0.5,103.955043769812,0.5,105.327333162044,0.5,103.335555470399,0.5,0.167,0.177435897435898,1.02129461813075,-0.0900235916222556,-0.71246799002391,2.4836076019855,1.37228939223249,1.11427430874221,-0.619488299412453,5.76183064174403
1,0.2,38,82.6726646188388,NA,101.933992200308,0.5,98.0579080061646,0.5,103.252175410712,0.5,102.718243825532,0.5,102.595067041684,0.5,103.242092452286,0.5,103.099710764396,0.5,103.092349857471,0.5,0.12952380952381,0.12952380952381,-0.0100829584259969,0.381466938863511,0.497282815787145,-0.533931585179758,-0.14238168789025,-0.657108369028364,-0.149742594815223,5.04180275823124
1,0.2,39,77.6931375030825,NA,97.8531475984948,0.5,95.3051366930336,0.5,98.7499717719343,0.5,102.061540601189,0.5,97.5820906891328,0.5,98.423014699726,0.5,102.21221182597,0.5,97.597284283151,0.5,0.227368421052631,0.227368421052631,-0.32695707220833,0.150671224781448,0.0151935940181716,3.31156882925461,3.78919712624439,-1.1678810828015,-0.825730416574999,6.90707513293675
1,0.2,40,83.5044421901027,NA,104.355688626545,0.5,101.446327901066,0.5,105.26515060399,0.5,108.229873240791,0.5,104.915196925795,0.5,104.604466047271,0.5,108.399684379836,0.5,105.09258857694,0.5,0.323870967741936,0.305,-0.660684556719715,0.169811139045038,0.177391651144802,2.96472263680026,3.79521833256501,-0.349953678195575,0.488122529668942,6.95335647876948
1,0.2,41,87.2097711483964,NA,115.160174001897,0.5,115.114732898698,0.5,115.71322220072,0.5,125.404761559466,0.5,114.514841388856,0.5,114.600603903458,0.5,125.388036782941,0.5,116.408776176086,0.5,0.446315789473684,0.436,-1.11261829726294,-0.0167247765251659,1.8939347872296,9.69153935874533,10.7874328794831,-1.19838081186447,1.80817227262807,10.2733038842427
1,0.2,42,86.9686251993864,NA,115.437081753309,0.5,112.935053559696,0.5,118.063040024199,0.5,124.332914717591,0.5,117.31762415343,0.5,116.987929240619,0.5,124.334840673088,0.5,116.948920480513,0.5,0.402,0.387272727272727,-1.07511078357929,0.00192595549695795,-0.368703672916695,6.26987469339281,7.34691143246906,-0.745415870768852,-0.0390087601062561,11.3997871133922
1,0.2,43,82.4738718187159,NA,103.589383646727,0.5,101.921176686583,0.5,104.339344443812,0.5,106.646105835853,0.5,103.618627760921,0.5,104.431045006122,0.5,106.772072561852,0.5,103.922333991651,0.5,0.303030303030303,0.31125,0.0917005623092848,0.125966725998339,0.303706230730384,2.30676139204112,2.34102755573018,-0.720716682891307,-0.508711014470208,4.85089587526903
1,0.2,44,83.551693801706,NA,102.290946153454,0.5,98.7035857257531,0.5,104.259772872904,0.5,118.193024756425,0.5,103.306687607941,0.5,103.022607019278,0.5,118.135181238027,0.5,104.711373512098,0.5,0.422857142857143,0.397241379310345,-1.23716585362574,-0.0578435183977177,1.40468590415762,13.9332518835213,15.1125742187493,-0.953085264963093,1.68876649282026,19.4315955122742
1,0.2,45,87.3977315449308,NA,106.92189608318,0.5,103.074229147615,0.5,108.96059776678,0.5,151.875226610441,0.5,107.012157559235,0.5,108.339562665435,0.5,136.291729927779,0.5,108.269506892584,0.5,0.702222222222222,0.690909090909091,-0.6210351013452,-15.583496682662,1.25734933334854,42.9146288436608,27.952167262344,-1.94844020754489,-0.0700557728511484,33.2175007801642
1,0.2,46,83.4719843823191,NA,106.436495012107,0.5,104.091192688745,0.5,108.305679519952,0.5,112.762579909187,0.5,107.840359249025,0.5,107.493581789743,0.5,113.167637451407,0.5,108.086839651941,0.5,0.4112,0.366896551724138,-0.812097730209928,0.405057542219652,0.246480402916561,4.45690038923459,5.67405566166417,-0.46532027092762,0.593257862198868,9.07644476266196
1,0.2,47,79.3678062458055,NA,103.348563712532,0.5,101.823877720724,0.5,104.422439625859,0.5,110.131632188319,0.5,103.688188746427,0.5,105.024908250341,0.5,110.117406926784,0.5,103.060029712228,0.5,0.318620689655172,0.313333333333333,0.602468624481531,-0.0142252615349179,-0.62815903419947,5.70919256245969,5.09249867644324,-0.734250879431642,-1.96487853811264,8.2935292060597
1,0.2,48,84.5722570058372,NA,107.479407566163,0.5,104.144531361939,0.5,107.949152025993,0.5,116.505070399771,0.5,107.245741732636,0.5,109.37831344157,0.5,116.314888684034,0.5,108.161257066824,0.5,0.426153846153846,0.377931034482758,1.42916141557728,-0.190181715737253,0.91551533418793,8.5559183737788,6.93657524246426,-0.703410293356583,-1.21705637474594,12.1703573220952
1,0.2,49,83.4114243026338,NA,106.115340868588,0.5,103.224782349225,0.5,109.118771914959,0.5,116.285232670382,0.5,107.592709319843,0.5,109.721305484219,0.5,116.039604473915,0.5,108.276909461636,0.5,0.42,0.4048,0.602533569259904,-0.245628196466569,0.684200141793085,7.16646075542255,6.31829898969607,-1.52606259511694,-1.44439602258376,12.8148221246908
1,0.2,50,78.6183136530145,NA,98.1143919221505,0.5,93.7653023357365,0.5,99.3037244616718,0.5,100.902125730743,0.5,99.4097521678925,0.5,99.2582614274718,0.5,100.867087700244,0.5,99.3445782252397,0.5,0.160975609756097,0.160975609756097,-0.0454630342000115,-0.0350380304990097,-0.0651739426527485,1.59840126907135,1.60882627277235,0.106027706220644,0.0863167977679069,7.10178536450769
5,0.2,1,82.3099900278104,NA,105.532558279048,0.5,103.012100923169,0.5,106.531183167604,0.5,104.993219259043,0.5,105.88324722173,0.5,105.838810778402,0.5,104.326149349926,0.5,106.038320800942,0.5,0.145714285714286,0.143809523809524,-0.69237238920239,-0.667069909117117,0.155073579211574,-1.53796390856157,-1.51266142847629,-0.647935945874138,0.199510022539826,1.31404842675713
5,0.2,2,87.8360073563939,NA,111.818660214944,0.5,109.777948767227,0.5,112.01101294424,0.5,113.520554398528,0.5,112.80856361014,0.5,112.852766088257,0.5,113.776809509899,0.5,112.823294822407,0.5,0.148292682926829,0.12952380952381,0.841753144016522,0.256255111370365,0.0147312122665113,1.50954145428828,0.924043421642125,0.797550665900133,-0.0294712658498781,3.99886074267226
5,0.2,3,78.9865188713109,NA,98.3453900965227,0.5,92.5300355123687,0.5,99.3251676785044,0.5,98.9677028755005,0.5,98.3620551878594,0.5,99.1292307090464,0.5,99.1240210284141,0.5,98.1250094194918,0.5,0.0924444444444446,0.114545454545455,-0.19593696945806,0.156318152913542,-0.237045768367608,-0.357464803003907,-0.00520968063230498,-0.963112490645017,-1.00422128955456,6.59398551604539
5,0.2,4,90.837346998793,NA,116.267538026089,0.5,116.713621646422,0.5,115.71494503554,0.5,117.402215964378,0.5,116.844674290002,0.5,115.800983154519,0.5,117.515710182979,0.5,116.292673790914,0.5,0.103636363636364,0.103636363636364,0.0860381189796158,0.113494218600508,-0.552000499087811,1.68727092883853,1.71472702845942,1.12972925446196,0.491690636394537,0.802088536556923
5,0.2,5,86.3168165108332,NA,107.224291603131,0.5,105.320163803342,0.5,108.8711941468,0.5,109.785424697417,0.5,109.26234679643,0.5,108.595819470156,0.5,110.162242979173,0.5,108.453644425994,0.5,0.167,0.159,-0.275374676644532,0.376818281755902,-0.808702370435782,0.914230550616978,1.56642350901741,0.39115264962922,-0.14217504416203,4.84207917583109
5,0.2,6,95.851551495123,NA,121.7865338259,0.5,122.379237446626,0.5,124.410773623913,0.5,123.488170328262,0.5,122.885373313854,0.5,123.426398737282,0.5,124.880966312476,0.5,123.184897665518,0.5,0.148292682926829,0.148292682926829,-0.984374886631713,1.39279598421379,0.299524351664218,-0.9226032956513,1.4545675751942,-1.52540031005965,-0.241501071763722,2.50172886585021
5,0.2,7,84.4304044019455,NA,111.27928110974,0.5,110.502860114951,0.5,114.160539466202,0.5,119.963821063213,0.5,113.349640303891,0.5,113.913919523525,0.5,120.45541020649,0.5,114.626685054133,0.5,0.268888888888889,0.318787878787879,-0.246619942676119,0.491589143276556,1.27704475024206,5.8032815970119,6.54149068296458,-0.810899162311003,0.712765530607172,9.95255009153945
5,0.2,8,80.53313820469,NA,104.048546621066,0.5,102.692814057175,0.5,104.306179718921,0.5,105.332374776071,0.5,103.230129920857,0.5,104.036659642276,0.5,104.905399482386,0.5,103.739721827685,0.5,0.103636363636364,0.088888888888889,-0.269520076645321,-0.426975293684478,0.509591906828859,1.02619505714986,0.868739840110706,-1.0760497980643,-0.296937814590123,2.2125854252112
5,0.2,9,81.4850560574514,NA,107.1801657462,0.5,104.184352859876,0.5,110.335573518059,0.5,111.03355285289,0.5,108.568891230906,0.5,110.180545137096,0.5,109.831860973573,0.5,110.890201988916,0.5,0.117209302325581,0.117209302325581,-0.155028380962889,-1.20169187931668,2.32131075801016,0.697979334831103,-0.348684163522691,-1.76668228715275,0.709656851820299,5.64750811369704
5,0.2,10,73.5315539220297,NA,95.5563506202943,0.5,92.494842644964,0.5,95.9429570303507,0.5,95.9903173291547,0.5,95.7749889654484,0.5,95.6090179353107,0.5,95.5443549446459,0.5,96.0801957307645,0.5,0.088888888888889,0.088888888888889,-0.333939095040051,-0.445962384508846,0.305206765316129,0.0473602988040085,-0.064662990664786,-0.167968064902311,0.471177795453869,3.04951229968185
5,0.2,11,71.5959335188435,NA,92.4825570934497,0.5,87.4577348408765,0.5,92.1614969830087,0.5,91.6445961032972,0.5,91.7727629090684,0.5,92.0060044385004,0.5,91.3761925654416,0.5,91.2745991642337,0.5,0.0951111111111111,0.111818181818182,-0.155492544508363,-0.268403537855619,-0.498163744834642,-0.516900879711471,-0.629811873058728,-0.388734073940341,-0.731405274266621,3.91845772456514
5,0.2,12,78.5842370950655,NA,100.332026009413,0.5,97.2832290823781,0.5,101.520676016893,0.5,103.857361145441,0.5,101.123516126424,0.5,101.744501060579,0.5,103.65702454074,0.5,101.485012363858,0.5,0.14952380952381,0.133953488372093,0.223825043685565,-0.200336604701647,0.361496237434849,2.33668512854803,1.91252348016081,-0.397159890469609,-0.259488696720325,6.37379545836147
5,0.2,13,82.1682899777375,NA,104.648654957183,0.5,101.739720213326,0.5,105.741582465536,0.5,105.39652716146,0.5,105.182993645728,0.5,106.082885393408,0.5,105.72376629206,0.5,105.762716155697,0.5,0.211282051282051,0.186,0.341302927871098,0.327239130599821,0.57972250996886,-0.345055304076141,-0.359119101347417,-0.558588819808264,-0.320169237710502,3.98404607873441
5,0.2,14,83.7418508154533,NA,109.097871610162,0.5,105.036577543051,0.5,108.852101211983,0.5,109.961562531774,0.5,109.220600153341,0.5,109.031673507147,0.5,111.463167103745,0.5,108.845016292935,0.5,0.088888888888889,0.088888888888889,0.179572295164135,1.50160457197036,-0.375583860406437,1.10946131979121,2.43149359659743,0.368498941358439,-0.186657214212133,6.42658956069405
5,0.2,15,95.822574720523,NA,116.195842006445,0.5,113.231108607504,0.5,116.875725985694,0.5,115.488106107716,0.5,116.833271107064,0.5,116.378791502726,0.5,115.073525490614,0.5,116.702199104885,0.5,0.168205128205128,0.171,-0.49693448296739,-0.414580617102445,-0.131072002178556,-1.38761987797731,-1.30526601211237,-0.0424548786297834,0.323407602159051,1.84241688310966
5,0.2,16,87.4095808609405,NA,110.046021319074,0.5,105.609102373845,0.5,110.489517379662,0.5,110.528981684263,0.5,110.023163686439,0.5,109.856226810673,0.5,110.004465821712,0.5,110.55218714474,0.5,0.12952380952381,0.167,-0.633290568988571,-0.524515862550757,0.529023458300514,0.0394643046014664,0.14823901103928,-0.466353693222416,0.695960334066669,4.39536344786708
5,0.2,17,80.9425806758769,NA,106.106627743981,0.5,101.475886691286,0.5,106.653663784747,0.5,106.740722407409,0.5,106.575930673895,0.5,106.465224493716,0.5,106.75613100133,0.5,106.171018688804,0.5,0.141904761904762,0.141904761904762,-0.188439291031017,0.0154085939203839,-0.404911985090422,0.0870586226624681,0.290906507613869,-0.0777331108522361,-0.294205804911641,5.28024431004431
5,0.2,18,80.4837129119941,NA,101.910234518959,0.5,100.301093130557,0.5,103.60680930249,0.5,104.053129645,0.5,103.370808865405,0.5,103.316086812565,0.5,103.880751847624,0.5,104.856968813071,0.5,0.108181818181818,0.108181818181818,-0.29072248992523,-0.172377797375617,1.4861599476658,0.446320342509765,0.564665035059377,-0.236000437084897,1.54088200050613,3.57965871706708
5,0.2,19,91.7282859610138,NA,112.286777885703,0.5,108.996615963331,0.5,113.345416539582,0.5,113.110184194401,0.5,113.059980974006,0.5,114.09417484403,0.5,113.372436816999,0.5,113.601214088665,0.5,0.157948717948718,0.140487804878049,0.748758304448131,0.262252622597472,0.541233114659093,-0.235232345180336,-0.721738027030995,-0.285435565575639,-0.492960755364678,4.37582085366792
5,0.2,20,78.8766161021553,NA,101.918226525963,0.5,99.7163524686166,0.5,103.49861106374,0.5,105.973013304399,0.5,103.432787161068,0.5,103.156200930482,0.5,106.020105576736,0.5,101.935364957473,0.5,0.136190476190476,0.122790697674419,-0.342410133258539,0.0470922723370961,-1.49742220359434,2.47440224065846,2.8639046462541,-0.0658239026727472,-1.22083597300855,6.30375310811935
5,0.2,21,91.0807614781705,NA,113.457174831079,0.5,111.164502949912,0.5,116.22200258366,0.5,119.738612479449,0.5,115.361958819281,0.5,114.699829898297,0.5,118.943741824255,0.5,115.820344023737,0.5,0.205263157894737,0.194871794871795,-1.52217268536289,-0.794870655194543,0.458385204456022,3.51660989578886,4.24391192595721,-0.860043764379668,1.12051412543924,7.77923887434312
5,0.2,22,80.9193275555302,NA,104.002626340162,0.5,105.990262951561,0.5,106.538374332154,0.5,116.29500841644,0.5,105.946243805535,0.5,106.873092484887,0.5,116.567740641991,0.5,105.249915964615,0.5,0.391724137931034,0.35483870967742,0.33471815273333,0.272732225550527,-0.69632784091985,9.75663408428598,9.69464815710317,-0.592130526619229,-1.62317652027241,10.57747769043
5,0.2,23,91.9624176473745,NA,116.187409897988,0.5,116.035300620256,0.5,117.553284881441,0.5,123.52819485303,0.5,117.509643561685,0.5,116.7185419959,0.5,123.168936980217,0.5,116.911522343489,0.5,0.223157894736842,0.150476190476191,-0.834742885541488,-0.359257872813274,-0.598121218196397,5.97490997158897,6.45039498431719,-0.0436413197560199,0.192980347589071,7.13363635996065
5,0.2,24,80.8384971655544,NA,100.868648553876,0.5,97.4310722625409,0.5,101.913606369266,0.5,101.950642227328,0.5,101.998366584033,0.5,101.829526619047,0.5,102.324563413617,0.5,100.833209832803,0.5,0.110909090909091,0.108181818181818,-0.0840797502191748,0.373921186289166,-1.16515675123004,0.0370358580615004,0.495036794569842,0.0847602147673712,-0.996316786243497,4.89349115107589
5,0.2,25,76.5198622833525,NA,99.5126041139762,0.5,96.3423009893002,0.5,100.175255523864,0.5,101.187320043544,0.5,99.0637664253974,0.5,99.5899416103153,0.5,100.912877805044,0.5,97.5520064441094,0.5,0.0756521739130434,0.0561702127659576,-0.585313913548532,-0.274442238500185,-1.51175998128805,1.01206451967995,1.3229361947283,-1.11148909846641,-2.03793516620593,4.57057681574339
5,0.2,26,90.4345111424183,NA,114.75566983394,0.5,116.022650055787,0.499999999999999,116.833531889697,0.5,123.117002939973,0.5,116.936892642826,0.5,116.260273951968,0.5,123.771909253108,0.5,115.80439998198,0.5,0.265555555555556,0.244324324324324,-0.5732579377283,0.654906313135129,-1.13249266084614,6.28347105027652,7.51163530113995,0.10336075312992,-0.45587396998792,7.74925919732135
5,0.2,27,81.6139437872411,NA,102.065102849433,0.5,100.97391013009,0.5,103.182590151354,0.5,104.410551923998,0.5,103.734363395124,0.5,103.993116000635,0.5,104.197311566907,0.5,104.076398602014,0.5,0.176410256410257,0.176410256410257,0.810525849280779,-0.213240357091635,0.342035206890586,1.22796177264418,0.204195566271764,0.551773243769418,0.0832826013792243,3.22340143681672
5,0.2,28,81.2082775744694,NA,103.238968392183,0.5,101.188094334563,0.5,104.526656194438,0.5,105.189072234259,0.5,103.499588116494,0.5,104.473129864334,0.5,105.231413323178,0.5,103.263144475568,0.5,0.136190476190476,0.122790697674419,-0.0535263301042477,0.0423410889186755,-0.236443640925202,0.662416039821423,0.758283458844346,-1.02706807794434,-1.20998538876529,4.04331898861497
5,0.2,29,79.9654503201758,NA,105.349634023396,0.5,105.399508299063,0.499999999999999,107.156525717833,0.5,105.987064905648,0.5,106.542606016106,0.5,106.748583461526,0.5,106.537619423692,0.5,108.282148907471,0.5,0.122790697674419,0.108181818181818,-0.407942256307336,0.550554518044848,1.73954289136488,-1.16946081218568,-0.210964037833492,-0.613919701727198,1.53356544594502,1.13811112462983
5,0.2,30,76.914867997734,NA,97.9284813198876,0.5,94.4123793681404,0.5,100.006501825283,0.5,100.680630745705,0.5,100.16936784268,0.5,100.022676336919,0.5,100.785434570384,0.5,99.7697911155205,0.5,0.165853658536585,0.146666666666667,0.0161745116365921,0.104803824678825,-0.399576727159484,0.674128920422291,0.762758233464524,0.16286601739742,-0.252885221398657,6.37305520224324
5,0.2,31,77.6874080542582,NA,98.8473462411338,0.5,94.0504456729534,0.5,99.3033270181284,0.5,99.2260167339606,0.5,98.5500140700451,0.5,99.6931669972876,0.5,100.283934563524,0.5,99.09821354944,0.5,0.117209302325581,0.103636363636364,0.38983997915922,1.05791782956345,0.548199479394867,-0.0773102841677797,0.590767566236451,-0.753312948083291,-0.594953447847644,6.23348889057073
5,0.2,32,86.482182411543,NA,112.530338840594,0.5,107.137547852596,0.5,114.287798768528,0.5,114.979626408763,0.5,113.958395480319,0.5,113.090855232983,0.5,115.485998000421,0.5,113.551926910006,0.5,0.127441860465116,0.133953488372093,-1.19694353554452,0.506371591658095,-0.406468570313137,0.691827640235317,2.39514276743793,-0.329403288208056,0.461071677023327,8.34845014782537
5,0.2,33,85.3469427820888,NA,107.015602935256,0.5,105.473461879824,0.5,107.746950929527,0.5,106.079880476285,0.5,107.641340360639,0.5,106.932410750632,0.5,105.27253594884,0.5,106.255555919527,0.5,0.272,0.285714285714286,-0.814540178894305,-0.807344527444499,-1.38578444111211,-1.66707045324206,-1.65987480179226,-0.1056105688874,-0.676854831105203,-0.200925930984027
5,0.2,34,85.1306620665817,NA,109.796149618745,0.5,108.114359166592,0.5,110.130776809513,0.5,126.067725566518,0.5,112.407410982943,0.5,111.208291750319,0.5,125.141460602875,0.5,112.592233020865,0.5,0.376,0.574736842105263,1.0775149408061,-0.926264963642836,0.184822037921549,15.9369487570049,13.9331688525559,2.27663417343045,1.3839412705459,17.0271014362831
5,0.2,35,88.939862778817,NA,113.161793461634,0.5,110.95469600295,0.5,114.420512025698,0.5,133.617256189574,0.5,115.382468713291,0.5,117.416699014278,0.5,131.049630870541,0.5,115.198236037339,0.5,0.363870967741936,0.516521739130435,2.99618698858012,-2.56762531903334,-0.184232675951833,19.196744163876,13.6329318562626,0.96195668759276,-2.21846297693919,20.0949348675907
5,0.2,36,86.434100891451,NA,106.425954853862,0.5,104.766093891516,0.5,108.400271107163,0.5,107.138214815985,0.5,107.251762962142,0.5,108.76707676248,0.5,108.048166828193,0.5,107.127877959092,0.5,0.160975609756097,0.122790697674419,0.366805655317137,0.909952012207981,-0.12388500304931,-1.2620562911779,-0.718909934287055,-1.14850814502135,-1.6391988033878,3.28207293667738
5,0.2,37,82.1156646215319,NA,103.935924336298,0.5,99.5655025203002,0.5,102.933749151681,0.5,103.582531073569,0.5,104.048023460423,0.5,103.955043769812,0.5,102.98594502873,0.5,103.335555470399,0.5,0.145714285714286,0.145714285714286,1.02129461813075,-0.596586044838674,-0.71246799002391,0.648781921888045,-0.969098741081382,1.11427430874221,-0.619488299412453,3.42044250843016
5,0.2,38,82.6726646188388,NA,101.933992200308,0.5,98.0579080061646,0.5,103.252175410712,0.5,102.326774253407,0.5,102.595067041684,0.5,103.242092452286,0.5,102.340321647965,0.5,103.092349857471,0.5,0.136190476190476,0.136190476190476,-0.0100829584259969,0.0135473945581879,0.497282815787145,-0.925401157305473,-0.901770804321288,-0.657108369028364,-0.149742594815223,4.2824136418002
5,0.2,39,77.6931375030825,NA,97.8531475984948,0.5,95.3051366930336,0.5,98.7499717719343,0.5,98.6456061903844,0.5,97.5820906891328,0.5,98.423014699726,0.5,98.5093552826258,0.5,97.597284283151,0.5,0.088888888888889,0.103636363636364,-0.32695707220833,-0.136250907758594,0.0151935940181716,-0.104365581549914,0.0863405828998225,-1.1678810828015,-0.825730416574999,3.20421858959219
5,0.2,40,83.5044421901027,NA,104.355688626545,0.5,101.446327901066,0.5,105.26515060399,0.5,103.359315007116,0.5,104.915196925795,0.5,104.604466047271,0.5,103.879948461021,0.5,105.09258857694,0.5,0.145714285714286,0.14952380952381,-0.660684556719715,0.520633453904878,0.177391651144802,-1.90583559687433,-0.724517586249732,-0.349953678195575,0.488122529668942,2.43362055995473
5,0.2,41,87.2097711483964,NA,115.160174001897,0.5,115.114732898698,0.5,115.71322220072,0.5,116.531871799652,0.5,114.514841388856,0.5,114.600603903458,0.5,116.507969840477,0.5,116.408776176086,0.5,0.122790697674419,0.088888888888889,-1.11261829726294,-0.023901959174907,1.8939347872296,0.818649598931657,1.90736593701969,-1.19838081186447,1.80817227262807,1.39323694177931
5,0.2,42,86.9686251993864,NA,115.437081753309,0.5,112.935053559696,0.5,118.063040024199,0.5,118.23846755774,0.5,117.31762415343,0.5,116.987929240619,0.5,119.118757685291,0.5,116.948920480513,0.5,0.145714285714286,0.140952380952381,-1.07511078357929,0.880290127551305,-0.368703672916695,0.175427533541367,2.13082844467196,-0.745415870768852,-0.0390087601062561,6.18370412559509
5,0.2,43,82.4738718187159,NA,103.589383646727,0.5,101.921176686583,0.5,104.339344443812,0.5,104.739276935121,0.5,103.618627760921,0.5,104.431045006122,0.5,105.602395368353,0.5,103.922333991651,0.5,0.18974358974359,0.173,0.0917005623092848,0.863118433231691,0.303706230730384,0.399932491309116,1.17135036223152,-0.720716682891307,-0.508711014470208,3.68121868177037
5,0.2,44,83.551693801706,NA,102.290946153454,0.5,98.7035857257531,0.5,104.259772872904,0.5,116.867511277662,0.5,103.306687607941,0.5,103.022607019278,0.5,117.050732227593,0.5,104.711373512098,0.5,0.366451612903226,0.309411764705882,-1.23716585362574,0.183220949931311,1.40468590415762,12.6077384047583,14.0281252083154,-0.953085264963093,1.68876649282026,18.3471465018402
5,0.2,45,87.3977315449308,NA,106.92189608318,0.5,103.074229147615,0.5,108.96059776678,0.5,151.104429348373,0.5,107.012157559235,0.5,108.339562665435,0.5,138.378403186209,0.5,108.269506892584,0.5,0.653333333333333,0.621176470588235,-0.6210351013452,-12.7260261621644,1.25734933334854,42.1438315815935,30.0388405207743,-1.94844020754489,-0.0700557728511484,35.3041740385944
5,0.2,46,83.4719843823191,NA,106.436495012107,0.5,104.091192688745,0.5,108.305679519952,0.5,108.626760152207,0.5,107.840359249025,0.5,107.493581789743,0.5,108.154993361345,0.5,108.086839651941,0.5,0.238918918918919,0.241081081081081,-0.812097730209928,-0.471766790862006,0.246480402916561,0.321080632254507,0.661411571602429,-0.46532027092762,0.593257862198868,4.06380067260022
5,0.2,47,79.3678062458055,NA,103.348563712532,0.5,101.823877720724,0.5,104.422439625859,0.5,105.207633272827,0.5,103.688188746427,0.5,105.024908250341,0.5,104.588960005938,0.5,103.060029712228,0.5,0.110909090909091,0.111818181818182,0.602468624481531,-0.618673266889203,-0.62815903419947,0.785193646968267,-0.435948244402468,-0.734250879431642,-1.96487853811264,2.76508228521399
5,0.2,48,84.5722570058372,NA,107.479407566163,0.5,104.144531361939,0.5,107.949152025993,0.5,110.279465214679,0.5,107.245741732636,0.5,109.37831344157,0.5,109.288139745954,0.5,108.161257066824,0.5,0.148292682926829,0.12952380952381,1.42916141557728,-0.99132546872535,0.91551533418793,2.3303131886866,-0.0901736956160306,-0.703410293356583,-1.21705637474594,5.14360838401493
5,0.2,49,83.4114243026338,NA,106.115340868588,0.5,103.224782349225,0.5,109.118771914959,0.5,109.578821056286,0.5,107.592709319843,0.5,109.721305484219,0.5,109.479344964539,0.5,108.276909461636,0.5,0.167,0.166,0.602533569259904,-0.0994760917473769,0.684200141793085,0.460049141326607,-0.241960519680674,-1.52606259511694,-1.44439602258376,6.25456261531401
5,0.2,50,78.6183136530145,NA,98.1143919221505,0.5,93.7653023357365,0.5,99.3037244616718,0.5,99.8588702014191,0.5,99.4097521678925,0.5,99.2582614274718,0.5,100.211495795162,0.5,99.3445782252397,0.5,0.103636363636364,0.103636363636364,-0.0454630342000115,0.352625593743113,-0.0651739426527485,0.555145739747303,0.953234367690428,0.106027706220644,0.0863167977679069,6.44619345942577
20,0.2,1,82.3099900278104,NA,105.532558279048,0.5,103.012100923169,0.5,106.531183167604,0.5,106.002226825595,0.5,105.88324722173,0.5,105.838810778402,0.5,105.397613974894,0.5,106.038320800942,0.5,0.088888888888889,0.103636363636364,-0.69237238920239,-0.604612850701471,0.155073579211574,-0.528956342009437,-0.441196803508518,-0.647935945874138,0.199510022539826,2.3855130517249
20,0.2,2,87.8360073563939,NA,111.818660214944,0.5,109.777948767227,0.5,112.01101294424,0.5,112.337680052072,0.5,112.80856361014,0.5,112.852766088257,0.5,112.494005215133,0.5,112.823294822407,0.5,0.117209302325581,0.117209302325581,0.841753144016522,0.156325163061496,0.0147312122665113,0.326667107831824,-0.358760873123202,0.797550665900133,-0.0294712658498781,2.71605644790694
20,0.2,3,78.9865188713109,NA,98.3453900965227,0.5,92.5300355123687,0.5,99.3251676785044,0.5,98.8439949773932,0.5,98.3620551878594,0.5,99.1292307090464,0.5,99.1024697096206,0.5,98.1250094194918,0.5,0.103636363636364,0.116363636363636,-0.19593696945806,0.258474732227455,-0.237045768367608,-0.481172701111277,-0.0267609994257612,-0.963112490645017,-1.00422128955456,6.57243419725194
20,0.2,4,90.837346998793,NA,116.267538026089,0.5,116.713621646422,0.5,115.71494503554,0.5,116.443413393475,0.5,116.844674290002,0.5,115.800983154519,0.5,115.706829750296,0.5,116.292673790914,0.5,0.103636363636364,0.103636363636364,0.0860381189796158,-0.736583643179344,-0.552000499087811,0.728468357935171,-0.094153404223789,1.12972925446196,0.491690636394537,-1.00679189612629
20,0.2,5,86.3168165108332,NA,107.224291603131,0.5,105.320163803342,0.5,108.8711941468,0.5,108.681612330728,0.5,109.26234679643,0.5,108.595819470156,0.5,109.640516172928,0.5,108.453644425994,0.5,0.15,0.140487804878049,-0.275374676644532,0.9589038422004,-0.808702370435782,-0.189581816072575,1.04469670277236,0.39115264962922,-0.14217504416203,4.32035236958603
20,0.2,6,95.851551495123,NA,121.7865338259,0.5,122.379237446626,0.5,124.410773623913,0.5,122.625581769281,0.5,122.885373313854,0.5,123.426398737282,0.5,123.552584798287,0.5,123.184897665518,0.5,0.12952380952381,0.140487804878049,-0.984374886631713,0.927003029006471,0.299524351664218,-1.7851918546327,0.126186061005484,-1.52540031005965,-0.241501071763722,1.17334735166149
20,0.2,7,84.4304044019455,NA,111.27928110974,0.5,110.502860114951,0.5,114.160539466202,0.5,114.017378593791,0.5,113.349640303891,0.5,113.913919523525,0.5,114.43732577657,0.5,114.626685054133,0.5,0.088888888888889,0.088888888888889,-0.246619942676119,0.41994718277995,1.27704475024206,-0.143160872411073,0.523406253044996,-0.810899162311003,0.712765530607172,3.93446566161987
20,0.2,8,80.53313820469,NA,104.048546621066,0.5,102.692814057175,0.5,104.306179718921,0.5,104.444805215727,0.5,103.230129920857,0.5,104.036659642276,0.5,103.971072023123,0.5,103.739721827685,0.5,0.0730434782608695,0.088888888888889,-0.269520076645321,-0.473733192603731,0.509591906828859,0.138625496805943,-0.0655876191524669,-1.0760497980643,-0.296937814590123,1.27825796594803
20,0.2,9,81.4850560574514,NA,107.1801657462,0.5,104.184352859876,0.5,110.335573518059,0.5,110.87276004219,0.5,108.568891230906,0.5,110.180545137096,0.5,109.273396340705,0.5,110.890201988916,0.5,0.117209302325581,0.103636363636364,-0.155028380962889,-1.59936370148473,2.32131075801016,0.537186524131499,-0.907148796390345,-1.76668228715275,0.709656851820299,5.08904348082939
20,0.2,10,73.5315539220297,NA,95.5563506202943,0.5,92.494842644964,0.5,95.9429570303507,0.5,95.5988584473248,0.5,95.7749889654484,0.5,95.6090179353107,0.5,96.1930803084024,0.5,96.0801957307645,0.5,0.0561702127659576,0.0730434782608695,-0.333939095040051,0.594221861077557,0.305206765316129,-0.344098583025911,0.584062373091697,-0.167968064902311,0.471177795453869,3.69823766343833
20,0.2,11,71.5959335188435,NA,92.4825570934497,0.5,87.4577348408765,0.5,92.1614969830087,0.5,92.0367669175902,0.5,91.7727629090684,0.5,92.0060044385004,0.5,91.5766547198291,0.5,91.2745991642337,0.5,0.0756521739130434,0.0756521739130434,-0.155492544508363,-0.460112197761092,-0.498163744834642,-0.124730065418561,-0.42934971867129,-0.388734073940341,-0.731405274266621,4.11891987895258
20,0.2,12,78.5842370950655,NA,100.332026009413,0.5,97.2832290823781,0.5,101.520676016893,0.5,103.120588362988,0.5,101.123516126424,0.5,101.744501060579,0.5,101.600506703895,0.5,101.485012363858,0.5,0.088888888888889,0.088888888888889,0.223825043685565,-1.52008165909277,0.361496237434849,1.59991234609447,-0.143994356683862,-0.397159890469609,-0.259488696720325,4.31727762151679
20,0.2,13,82.1682899777375,NA,104.648654957183,0.5,101.739720213326,0.5,105.741582465536,0.5,106.232872159841,0.5,105.182993645728,0.5,106.082885393408,0.5,106.052171392654,0.5,105.762716155697,0.5,0.131162790697674,0.126511627906977,0.341302927871098,-0.180700767187744,0.57972250996886,0.491289694305024,-0.030714000753818,-0.558588819808264,-0.320169237710502,4.31245117932801
20,0.2,14,83.7418508154533,NA,109.097871610162,0.5,105.036577543051,0.5,108.852101211983,0.5,107.944485172779,0.5,109.220600153341,0.5,109.031673507147,0.5,109.825835042537,0.5,108.845016292935,0.5,0.0924444444444446,0.0730434782608695,0.179572295164135,1.88134986975857,-0.375583860406437,-0.907616039204257,0.794161535390174,0.368498941358439,-0.186657214212133,4.78925749948679
20,0.2,15,95.822574720523,NA,116.195842006445,0.5,113.231108607504,0.5,116.875725985694,0.5,115.608390277277,0.5,116.833271107064,0.5,116.378791502726,0.5,114.849166356588,0.5,116.702199104885,0.5,0.117209302325581,0.117209302325581,-0.49693448296739,-0.75922392068901,-0.131072002178556,-1.26733570841709,-1.52962514613871,-0.0424548786297834,0.323407602159051,1.61805774908332
20,0.2,16,87.4095808609405,NA,110.046021319074,0.5,105.609102373845,0.5,110.489517379662,0.5,110.574472074325,0.5,110.023163686439,0.5,109.856226810673,0.5,110.133534914828,0.5,110.55218714474,0.5,0.148292682926829,0.136190476190476,-0.633290568988571,-0.440937159496954,0.529023458300514,0.0849546946632955,0.277308104154912,-0.466353693222416,0.695960334066669,4.52443254098272
20,0.2,17,80.9425806758769,NA,106.106627743981,0.5,101.475886691286,0.5,106.653663784747,0.5,106.579402466399,0.5,106.575930673895,0.5,106.465224493716,0.5,106.996980566619,0.5,106.171018688804,0.5,0.0730434782608695,0.088888888888889,-0.188439291031017,0.417578100220652,-0.404911985090422,-0.0742613183484195,0.531756072903249,-0.0777331108522361,-0.294205804911641,5.52109387533369
20,0.2,18,80.4837129119941,NA,101.910234518959,0.5,100.301093130557,0.5,103.60680930249,0.5,103.155986256229,0.5,103.370808865405,0.5,103.316086812565,0.5,103.289807567565,0.5,104.856968813071,0.5,0.0730434782608695,0.088888888888889,-0.29072248992523,0.133821311336035,1.4861599476658,-0.450823046260993,-0.0262792449997278,-0.236000437084897,1.54088200050613,2.98871443700797
20,0.2,19,91.7282859610138,NA,112.286777885703,0.5,108.996615963331,0.5,113.345416539582,0.5,113.14146170713,0.5,113.059980974006,0.5,114.09417484403,0.5,113.362534451402,0.5,113.601214088665,0.5,0.140487804878049,0.12952380952381,0.748758304448131,0.221072744271723,0.541233114659093,-0.203954832451345,-0.731640392627753,-0.285435565575639,-0.492960755364678,4.36591848807116
20,0.2,20,78.8766161021553,NA,101.918226525963,0.5,99.7163524686166,0.5,103.49861106374,0.5,104.669489870144,0.5,103.432787161068,0.5,103.156200930482,0.5,103.615866559826,0.5,101.935364957473,0.5,0.103636363636364,0.088888888888889,-0.342410133258539,-1.0536233103187,-1.49742220359434,1.17087880640386,0.459665629343704,-0.0658239026727472,-1.22083597300855,3.89951409120896
20,0.2,21,91.0807614781705,NA,113.457174831079,0.5,111.164502949912,0.5,116.22200258366,0.5,117.196629433838,0.5,115.361958819281,0.5,114.699829898297,0.5,116.725380210709,0.5,115.820344023737,0.5,0.140487804878049,0.12952380952381,-1.52217268536289,-0.47124922312841,0.458385204456022,0.974626850177444,2.02555031241192,-0.860043764379668,1.12051412543924,5.56087726079784
20,0.2,22,80.9193275555302,NA,104.002626340162,0.5,105.990262951561,0.5,106.538374332154,0.5,107.482276642425,0.5,105.946243805535,0.5,106.873092484887,0.5,108.423337884961,0.5,105.249915964615,0.5,0.103636363636364,0.088888888888889,0.33471815273333,0.941061242536051,-0.69632784091985,0.943902310271241,1.55024540007396,-0.592130526619229,-1.62317652027241,2.43307493340083
20,0.2,23,91.9624176473745,NA,116.187409897988,0.5,116.035300620256,0.5,117.553284881441,0.5,118.302667666633,0.5,117.509643561685,0.5,116.7185419959,0.5,119.356165982752,0.5,116.911522343489,0.5,0.103636363636364,0.088888888888889,-0.834742885541488,1.05349831611889,-0.598121218196397,0.749382785192239,2.63762398685262,-0.0436413197560199,0.192980347589071,3.32086536249608
20,0.2,24,80.8384971655544,NA,100.868648553876,0.5,97.4310722625409,0.5,101.913606369266,0.5,101.710072209749,0.5,101.998366584033,0.5,101.829526619047,0.5,101.754118061485,0.5,100.833209832803,0.5,0.0951111111111111,0.0756521739130434,-0.0840797502191748,0.0440458517355324,-1.16515675123004,-0.203534159516849,-0.0754085575621417,0.0847602147673712,-0.996316786243497,4.32304579894391
20,0.2,25,76.5198622833525,NA,99.5126041139762,0.5,96.3423009893002,0.5,100.175255523864,0.5,99.5618398202485,0.5,99.0637664253974,0.5,99.5899416103153,0.5,99.6129676784529,0.5,97.5520064441094,0.5,0.0383333333333333,0.0561702127659576,-0.585313913548532,0.0511278582044383,-1.51175998128805,-0.61341570361536,0.0230260681376109,-1.11148909846641,-2.03793516620593,3.2706666891527
20,0.2,26,90.4345111424183,NA,114.75566983394,0.5,116.022650055787,0.499999999999999,116.833531889697,0.5,117.31015307964,0.5,116.936892642826,0.5,116.260273951968,0.5,116.244122416384,0.5,115.80439998198,0.5,0.159,0.136190476190476,-0.5732579377283,-1.06603066325556,-1.13249266084614,0.47662118994333,-0.0161515355839299,0.10336075312992,-0.45587396998792,0.221472360597474
20,0.2,27,81.6139437872411,NA,102.065102849433,0.5,100.97391013009,0.5,103.182590151354,0.5,103.970527681144,0.5,103.734363395124,0.5,103.993116000635,0.5,103.982946660687,0.5,104.076398602014,0.5,0.12952380952381,0.117209302325581,0.810525849280779,0.0124189795427014,0.342035206890586,0.787937529789957,-0.0101693399481206,0.551773243769418,0.0832826013792243,3.00903653059683
20,0.2,28,81.2082775744694,NA,103.238968392183,0.5,101.188094334563,0.5,104.526656194438,0.5,104.886236978584,0.5,103.499588116494,0.5,104.473129864334,0.5,104.96004507284,0.5,103.263144475568,0.5,0.122790697674419,0.108181818181818,-0.0535263301042477,0.0738080942558668,-0.236443640925202,0.359580784145962,0.486915208506076,-1.02706807794434,-1.20998538876529,3.7719507382767
20,0.2,29,79.9654503201758,NA,105.349634023396,0.5,105.399508299063,0.499999999999999,107.156525717833,0.5,105.604107754941,0.5,106.542606016106,0.5,106.748583461526,0.5,106.232868933296,0.5,108.282148907471,0.5,0.088888888888889,0.0730434782608695,-0.407942256307336,0.628761178355447,1.73954289136488,-1.55241796289256,-0.515714528229779,-0.613919701727198,1.53356544594502,0.833360634233543
20,0.2,30,76.914867997734,NA,97.9284813198876,0.5,94.4123793681404,0.5,100.006501825283,0.5,100.332015030521,0.5,100.16936784268,0.5,100.022676336919,0.5,100.235458315747,0.5,99.7697911155205,0.5,0.136190476190476,0.136190476190476,0.0161745116365921,-0.0965567147733992,-0.399576727159484,0.325513205238281,0.212781978828289,0.16286601739742,-0.252885221398657,5.823078947607
20,0.2,31,77.6874080542582,NA,98.8473462411338,0.5,94.0504456729534,0.5,99.3033270181284,0.5,99.1380036566578,0.5,98.5500140700451,0.5,99.6931669972876,0.5,99.3370969165075,0.5,99.09821354944,0.5,0.103636363636364,0.114545454545455,0.38983997915922,0.199093259849732,0.548199479394867,-0.165323361470612,-0.3560700807801,-0.753312948083291,-0.594953447847644,5.28665124355418
20,0.2,32,86.482182411543,NA,112.530338840594,0.5,107.137547852596,0.5,114.287798768528,0.5,113.460258291755,0.5,113.958395480319,0.5,113.090855232983,0.5,114.484390842289,0.5,113.551926910006,0.5,0.103636363636364,0.103636363636364,-1.19694353554452,1.02413255053413,-0.406468570313137,-0.827540476772356,1.3935356093063,-0.329403288208056,0.461071677023327,7.34684298969374
20,0.2,33,85.3469427820888,NA,107.015602935256,0.5,105.473461879824,0.5,107.746950929527,0.5,107.249874066892,0.5,107.641340360639,0.5,106.932410750632,0.5,106.596866221549,0.5,106.255555919527,0.5,0.17578947368421,0.167,-0.814540178894305,-0.653007845342813,-1.38578444111211,-0.497076862634557,-0.335544529083066,-0.1056105688874,-0.676854831105203,1.12340434172516
20,0.2,34,85.1306620665817,NA,109.796149618745,0.5,108.114359166592,0.5,110.130776809513,0.5,114.264188241128,0.5,112.407410982943,0.5,111.208291750319,0.5,110.189985730091,0.5,112.592233020865,0.5,0.117209302325581,0.117209302325581,1.0775149408061,-4.07420251103751,0.184822037921549,4.13341143161531,-1.01830602022829,2.27663417343045,1.3839412705459,2.07562656349891
20,0.2,35,88.939862778817,NA,113.161793461634,0.5,110.95469600295,0.5,114.420512025698,0.5,121.826049867187,0.5,115.382468713291,0.5,117.416699014278,0.5,119.189398536451,0.5,115.198236037339,0.5,0.158048780487805,0.148292682926829,2.99618698858012,-2.6366513307362,-0.184232675951833,7.40553784148855,1.77269952217223,0.96195668759276,-2.21846297693919,8.23470253350041
20,0.2,36,86.434100891451,NA,106.425954853862,0.5,104.766093891516,0.5,108.400271107163,0.5,107.49183961926,0.5,107.251762962142,0.5,108.76707676248,0.5,108.244886120115,0.5,107.127877959092,0.5,0.12952380952381,0.103636363636364,0.366805655317137,0.75304650085495,-0.12388500304931,-0.908431487902718,-0.522190642364905,-1.14850814502135,-1.6391988033878,3.47879222859953
20,0.2,37,82.1156646215319,NA,103.935924336298,0.5,99.5655025203002,0.5,102.933749151681,0.5,101.443868896374,0.5,104.048023460423,0.5,103.955043769812,0.5,102.68879660326,0.5,103.335555470399,0.5,0.232631578947368,0.156190476190476,1.02129461813075,1.24492770688684,-0.71246799002391,-1.48988025530737,-1.26624716655128,1.11427430874221,-0.619488299412453,3.12329408296026
20,0.2,38,82.6726646188388,NA,101.933992200308,0.5,98.0579080061646,0.5,103.252175410712,0.5,103.025478627462,0.5,102.595067041684,0.5,103.242092452286,0.5,102.72928641705,0.5,103.092349857471,0.5,0.12952380952381,0.117209302325581,-0.0100829584259969,-0.296192210412087,0.497282815787145,-0.226696783249949,-0.512806035236039,-0.657108369028364,-0.149742594815223,4.67137841088545
20,0.2,39,77.6931375030825,NA,97.8531475984948,0.5,95.3051366930336,0.5,98.7499717719343,0.5,98.761072990868,0.5,97.5820906891328,0.5,98.423014699726,0.5,98.7288125679937,0.5,97.597284283151,0.5,0.117209302325581,0.117209302325581,-0.32695707220833,-0.0322604228742733,0.0151935940181716,0.0111012189337316,0.305797868267788,-1.1678810828015,-0.825730416574999,3.42367587496015
20,0.2,40,83.5044421901027,NA,104.355688626545,0.5,101.446327901066,0.5,105.26515060399,0.5,103.903628163681,0.5,104.915196925795,0.5,104.604466047271,0.5,103.133255979757,0.5,105.09258857694,0.5,0.103636363636364,0.231578947368421,-0.660684556719715,-0.770372183924763,0.177391651144802,-1.361522440309,-1.47121006751405,-0.349953678195575,0.488122529668942,1.68692807869041
20,0.2,41,87.2097711483964,NA,115.160174001897,0.5,115.114732898698,0.5,115.71322220072,0.5,114.75285509949,0.5,114.514841388856,0.5,114.600603903458,0.5,116.617105657348,0.5,116.408776176086,0.5,0.111818181818182,0.0730434782608695,-1.11261829726294,1.8642505578582,1.8939347872296,-0.960367101230958,2.01650175389018,-1.19838081186447,1.80817227262807,1.5023727586498
20,0.2,42,86.9686251993864,NA,115.437081753309,0.5,112.935053559696,0.5,118.063040024199,0.5,116.483302688353,0.5,117.31762415343,0.5,116.987929240619,0.5,118.356533227109,0.5,116.948920480513,0.5,0.103636363636364,0.103636363636364,-1.07511078357929,1.87323053875556,-0.368703672916695,-1.57973733584554,1.36860398648932,-0.745415870768852,-0.0390087601062561,5.42147966741244
20,0.2,43,82.4738718187159,NA,103.589383646727,0.5,101.921176686583,0.5,104.339344443812,0.5,104.123083032238,0.5,103.618627760921,0.5,104.431045006122,0.5,104.752696494186,0.5,103.922333991651,0.5,0.140487804878049,0.136190476190476,0.0917005623092848,0.629613461948125,0.303706230730384,-0.21626141157418,0.32165148806466,-0.720716682891307,-0.508711014470208,2.83151980760351
20,0.2,44,83.551693801706,NA,102.290946153454,0.5,98.7035857257531,0.5,104.259772872904,0.5,103.819706501168,0.5,103.306687607941,0.5,103.022607019278,0.5,104.138126494221,0.5,104.711373512098,0.5,0.157948717948718,0.157948717948718,-1.23716585362574,0.318419993052572,1.40468590415762,-0.44006637173527,1.11551947494304,-0.953085264963093,1.68876649282026,5.43454076846793
20,0.2,45,87.3977315449308,NA,106.92189608318,0.5,103.074229147615,0.5,108.96059776678,0.5,148.059732606241,0.5,107.012157559235,0.5,108.339562665435,0.5,135.605109393594,0.5,108.269506892584,0.5,0.534545454545455,0.498333333333333,-0.6210351013452,-12.454623212647,1.25734933334854,39.0991348394613,27.2655467281595,-1.94844020754489,-0.0700557728511484,32.5308802459797
20,0.2,46,83.4719843823191,NA,106.436495012107,0.5,104.091192688745,0.5,108.305679519952,0.5,107.73775418214,0.5,107.840359249025,0.5,107.493581789743,0.5,107.616373792932,0.5,108.086839651941,0.5,0.140952380952381,0.126511627906977,-0.812097730209928,-0.121380389207943,0.246480402916561,-0.567925337812824,0.122792003189161,-0.46532027092762,0.593257862198868,3.52518110418696
20,0.2,47,79.3678062458055,NA,103.348563712532,0.5,101.823877720724,0.5,104.422439625859,0.5,104.702217546369,0.5,103.688188746427,0.5,105.024908250341,0.5,104.012086114776,0.5,103.060029712228,0.5,0.0730434782608695,0.0730434782608695,0.602468624481531,-0.690131431593244,-0.62815903419947,0.279777920509986,-1.01282213556479,-0.734250879431642,-1.96487853811264,2.18820839405167
20,0.2,48,84.5722570058372,NA,107.479407566163,0.5,104.144531361939,0.5,107.949152025993,0.5,107.775757584517,0.5,107.245741732636,0.5,109.37831344157,0.5,108.106684570883,0.5,108.161257066824,0.5,0.103636363636364,0.088888888888889,1.42916141557728,0.330926986366691,0.91551533418793,-0.173394441476034,-1.27162887068663,-0.703410293356583,-1.21705637474594,3.96215320894433
20,0.2,49,83.4114243026338,NA,106.115340868588,0.5,103.224782349225,0.5,109.118771914959,0.5,109.554409163289,0.5,107.592709319843,0.5,109.721305484219,0.5,108.814805005458,0.5,108.276909461636,0.5,0.12952380952381,0.12952380952381,0.602533569259904,-0.739604157831749,0.684200141793085,0.435637248329982,-0.906500478761672,-1.52606259511694,-1.44439602258376,5.59002265623302
20,0.2,50,78.6183136530145,NA,98.1143919221505,0.5,93.7653023357365,0.5,99.3037244616718,0.5,99.5012430481164,0.5,99.4097521678925,0.5,99.2582614274718,0.5,100.132804204046,0.5,99.3445782252397,0.5,0.103636363636364,0.103636363636364,-0.0454630342000115,0.631561155929688,-0.0651739426527485,0.197518586444545,0.874542776574245,0.106027706220644,0.0863167977679069,6.36750186830959
0.1,0.4,1,84.0812033176961,NA,108.738200383692,0.5,106.027843141543,0.5,109.737332742471,0.5,116.219078641786,0.5,109.099626087866,0.5,109.071645709111,0.5,116.082134341252,0.5,109.254979385688,0.5,0.375384615384615,0.373333333333333,-0.665687033360399,-0.136944300534253,0.155353297822089,6.48174589931509,7.01048863214123,-0.637706654605154,0.183333676577334,10.0542911997094
0.1,0.4,2,89.8205690934302,NA,115.189709357578,0.5,112.923976579115,0.5,115.349859232918,0.5,123.983756398531,0.5,116.153609194348,0.5,116.216308881082,0.5,123.997413515122,0.5,116.180273437715,0.5,0.396,0.398095238095238,0.866449648164547,0.0136571165906787,0.0266642433672075,8.6338971656134,7.78110463403954,0.803749961430512,-0.0360354433668277,11.0734369360064
0.1,0.4,3,81.1587860555926,NA,101.886854633085,0.5,95.7205013083778,0.5,102.916477015661,0.5,106.319231104052,0.5,101.92307835962,0.5,102.721154621848,0.5,106.121625999629,0.5,101.682217436425,0.5,0.2575,0.249411764705882,-0.195322393812901,-0.197605104422976,-0.240860923195328,3.40275408839101,3.40047137778093,-0.99339865604118,-1.03893718542361,10.4011246912513
0.1,0.4,4,92.8430195402,NA,119.625988578706,0.5,119.87041747088,0.5,119.126998339969,0.5,133.727983362557,0.5,120.219209753001,0.5,119.149991989974,0.5,133.038663183617,0.5,119.62324924337,0.5,0.427368421052632,0.396,0.0229936500053469,-0.689320178939454,-0.595960509630729,14.6009850225877,13.8886711936429,1.09221141303213,0.473257253396056,13.1682457127369
0.1,0.4,5,88.7041135393562,NA,110.928470386738,0.5,108.876718051309,0.5,112.630808820551,0.5,118.53970616712,0.5,113.018118734898,0.5,112.159200340144,0.5,118.57682337637,0.5,112.201044789445,0.5,0.365,0.344,-0.471608480406928,0.0371172092505674,-0.817073945453544,5.90889734656898,6.41762303622647,0.387309914347696,0.041844449301081,9.70010532506126
0.1,0.4,6,97.88236553037,NA,125.199599682909,0.5,125.683288946757,0.5,127.793705063129,0.5,135.688964586731,0.5,126.274239016968,0.5,126.834921240201,0.5,135.654036592738,0.5,126.600892882581,0.5,0.396190476190476,0.369090909090909,-0.958783822927657,-0.0349279939927953,0.326653865612656,7.89525952360209,8.81911535253695,-1.519466046161,-0.234028357620687,9.97074764598119
0.1,0.4,7,86.0186323436976,NA,114.212123147294,0.5,113.203134432568,0.5,117.065752171372,0.5,132.577885578721,0.5,116.227735260135,0.5,116.814444368788,0.5,132.736698504775,0.5,117.491923247727,0.5,0.446153846153846,0.485714285714286,-0.251307802583895,0.158812926054424,1.2641879875921,15.5121334073486,15.9222541359869,-0.838016911236764,0.677478878939226,19.5335640722071
0.1,0.4,8,82.4558292688787,NA,107.316931810719,0.5,105.806690194171,0.5,107.618338853762,0.5,116.097793260626,0.5,106.483537275938,0.5,107.546789571034,0.5,116.063003683945,0.5,107.029557918841,0.5,0.380869565217391,0.366666666666667,-0.071549282728256,-0.034789576680538,0.546020642902775,8.47945440686402,8.51621411291174,-1.13480157782359,-0.517231652192564,10.2563134897742
0.1,0.4,9,83.4496976828367,NA,110.412934952637,0.5,107.236177792057,0.5,113.638155186876,0.5,125.293738188397,0.5,111.835208340414,0.5,113.476235132362,0.5,125.115140635189,0.5,114.156330523625,0.5,0.385,0.385882352941177,-0.161920054513459,-0.178597553208036,2.32112218321069,11.6555830015214,11.6389055028268,-1.80294684646161,0.68009539126254,17.8789628431324
0.1,0.4,10,75.1566348224014,NA,98.6344050719202,0.5,95.3671017370569,0.5,99.0121007890956,0.5,102.308065295511,0.5,98.8380898767211,0.5,98.3290019742351,0.5,102.215536146712,0.5,99.1040482047514,0.5,0.25875,0.25939393939394,-0.683098814860415,-0.0925291487988318,0.26595832803028,3.29596450641513,3.88653417247671,-0.17401091237447,0.775046230516224,6.84843440965491
0.1,0.4,11,73.1946339689589,NA,95.5396906285854,0.5,90.2651590891734,0.5,95.2246849552561,0.5,98.325571623485,0.5,94.8043118781679,0.5,95.0374432572268,0.5,98.5349224840888,0.5,94.2593915019059,0.5,0.242222222222222,0.237777777777778,-0.187241698029254,0.20935086060382,-0.544920376261956,3.10088666822888,3.49747922686196,-0.4203730770882,-0.778051755320902,8.26976339491537
0.1,0.4,12,80.4573164028082,NA,103.602075581286,0.5,100.329958309023,0.5,104.820924878752,0.5,110.24943648975,0.5,104.40944211755,0.5,105.055847494016,0.5,110.270470932686,0.5,104.765353723081,0.5,0.361538461538461,0.346666666666667,0.234922615263955,0.0210344429358145,0.355911605530622,5.42851161099762,5.21462343866948,-0.411482761202009,-0.290493770935342,9.94051262366224
0.1,0.4,13,84.248723706207,NA,108.113977221369,0.5,105.017919129597,0.5,109.252013339008,0.5,114.164014170167,0.5,108.690580002191,0.5,109.58862543905,0.5,114.241837506584,0.5,109.277471722787,0.5,0.338461538461538,0.327142857142857,0.336612100041791,0.0778233364169978,0.586891720596782,4.91200083115825,4.65321206753346,-0.561433336817771,-0.31115371626278,9.22391837698629
0.1,0.4,14,85.349680600568,NA,112.142878134599,0.5,107.913081955061,0.5,111.857091180678,0.5,119.098479344073,0.5,112.242623780507,0.5,112.047153060525,0.5,119.316298536024,0.5,111.856938754178,0.5,0.380869565217391,0.3728,0.190061879847491,0.217819191950554,-0.385685026328318,7.2413881633954,7.26914547549846,0.385532599829006,-0.190214306346803,11.4032165809628
0.1,0.4,15,98.4108470871269,NA,120.13695660343,0.5,116.955500522771,0.5,120.840212984527,0.5,127.883015774554,0.5,120.742839548839,0.5,120.333206548344,0.5,128.063551137929,0.5,120.673964110815,0.5,0.419130434782609,0.412173913043478,-0.507006436182522,0.18053536337537,-0.0688754380245342,7.04280279002674,7.73034458958463,-0.0973734356877145,0.340757562470273,11.1080506151581
0.1,0.4,16,89.5004159315506,NA,113.532735108559,0.5,108.910670424132,0.5,113.9807798147,0.5,121.024067556098,0.5,113.524975830508,0.5,113.371855819384,0.5,120.880549243517,0.5,114.082761277987,0.5,0.369090909090909,0.340740740740741,-0.608923995315251,-0.143518312580582,0.557785447479645,7.04328774139822,7.50869342413289,-0.455803984192045,0.710905458602852,11.9698788193857
0.1,0.4,17,82.6229108805348,NA,109.20040405434,0.5,104.325698034229,0.5,109.754266638165,0.5,116.09798971196,0.5,109.662811131478,0.5,109.53250741367,0.5,116.056305623385,0.5,109.034025681804,0.5,0.346086956521739,0.3328,-0.221759224495472,-0.0416840885751526,-0.628785449673558,6.34372307379496,6.52379820971528,-0.0914555066872396,-0.498481731865326,11.7306075891563
0.1,0.4,18,82.533724462504,NA,105.312644026852,0.5,103.483834392225,0.5,107.072939370181,0.5,115.439600364562,0.5,106.809268539745,0.5,106.760251981065,0.5,115.268163043096,0.5,108.246148378534,0.5,0.455238095238095,0.463636363636364,-0.312687389115993,-0.171437321465817,1.43687983878827,8.36666099438057,8.50791106203074,-0.26367083043607,1.4858963974682,11.7843286508709
0.1,0.4,19,94.2616411954613,NA,116.22038367083,0.5,112.807546922651,0.5,117.264076149972,0.5,120.043188072826,0.5,117.03003970956,0.5,118.097656494848,0.5,120.005013609636,0.5,117.590755660579,0.5,0.309333333333333,0.255757575757576,0.833580344875898,-0.0381744631902308,0.560715951019105,2.77911192285359,1.90735711478746,-0.23403644041224,-0.506900834269032,7.19746668698427
0.1,0.4,20,80.7741269739024,NA,105.16400604117,0.5,102.797186801679,0.5,106.779506359398,0.5,116.492683648824,0.5,106.705857733965,0.5,106.377254026435,0.5,116.400890871955,0.5,105.135628224075,0.5,0.449090909090909,0.4064,-0.402252332962632,-0.0917927768696245,-1.57022950988983,9.71317728942671,10.0236368455197,-0.0736486254325399,-1.24162580235974,13.6037040702754
0.1,0.4,21,93.4974728559607,NA,117.189477356256,0.5,114.7412466869,0.5,120.023421660183,0.5,127.849696044615,0.5,119.105234578671,0.5,118.632893493798,0.5,127.824530911043,0.5,119.572910887967,0.5,0.398,0.394545454545455,-1.39052816638545,-0.0251651335725569,0.467676309296138,7.82627438443235,9.19163741724525,-0.918187081511846,0.940017394169743,13.0832842241425
0.1,0.4,22,82.8218926527541,NA,107.269916646462,0.5,109.058747357589,0.5,109.796327188287,0.5,124.33798799586,0.5,109.182181905081,0.5,110.136399343812,0.5,124.171463521243,0.5,108.325178100484,0.5,0.542857142857143,0.544,0.340072155525007,-0.166524474617319,-0.857003804596957,14.5416608075735,14.0350641774311,-0.614145283205602,-1.81122124332757,15.1127161636537
0.1,0.4,23,93.9945367866301,NA,119.605063535032,0.5,119.272512531614,0.5,120.993542077363,0.5,130.661434370042,0.5,120.947836692827,0.5,120.172332148497,0.5,130.75038594217,0.5,120.367462963308,0.5,0.466666666666667,0.48,-0.82120992886513,0.0889515721285363,-0.580373729518641,9.66789229267937,10.578053793673,-0.0457053845354807,0.195130814811009,11.4778734105565
0.1,0.4,24,83.1826182416355,NA,104.594238403256,0.5,100.991190981183,0.5,105.677522263657,0.5,109.160905208443,0.5,105.75442569908,0.5,105.634568756097,0.5,109.14354314695,0.5,104.811449101846,0.5,0.29125,0.31,-0.0429535075600427,-0.0173620614932304,-0.942976597233738,3.48338294478584,3.50897439085266,0.07690343542275,-0.823119654250945,8.15235216576691
0.1,0.4,25,78.1434259381901,NA,102.563685436741,0.5,99.105565549837,0.5,103.204154232318,0.5,112.895051103898,0.5,102.100084161746,0.5,102.411995599991,0.5,112.403299652608,0.5,100.555055804721,0.5,0.494736842105263,0.426666666666667,-0.792158632326363,-0.491751451289673,-1.54502835702526,9.69089687158009,9.99130405261678,-1.10407007057154,-1.85693979527043,13.2977341027713
0.1,0.4,26,92.4304569875215,NA,118.134101900894,0.5,119.206670892732,0.499999999999999,120.228561509919,0.5,135.334188591918,0.5,120.277592703358,0.5,119.637750646052,0.5,135.251473070642,0.5,119.186285634184,0.5,0.568571428571429,0.5375,-0.590810863867262,-0.08271552127664,-1.09130706917433,15.1056270819991,15.6137224245897,0.0490311934393759,-0.451465011867697,16.0448021779097
0.1,0.4,27,83.8537545362297,NA,105.626691646431,0.5,104.405111205442,0.5,106.785475568623,0.5,115.622961206865,0.5,107.320577509978,0.5,107.624926655239,0.5,115.604198206612,0.5,107.667685950058,0.5,0.443809523809524,0.422608695652174,0.839451086616037,-0.0187630002528181,0.347108440080405,8.83748563824199,7.97927155137313,0.53510194135508,0.0427592948194473,11.1990870011697
0.1,0.4,28,83.2653321851345,NA,106.678684115655,0.5,104.465556162108,0.5,108.024308013887,0.5,112.711764780728,0.5,106.980706522733,0.5,107.952992729261,0.5,112.543385327547,0.5,106.7523507733,0.5,0.3344,0.323076923076923,-0.0713152846256975,-0.168379453181188,-0.228355749433092,4.6874567668411,4.5903925982856,-1.04360149115404,-1.20064195596143,8.07782916543843
0.1,0.4,29,81.536997376275,NA,108.329349151163,0.5,108.177847539143,0.499999999999999,110.093254036269,0.5,120.218929352645,0.5,109.463074120512,0.5,109.670303662909,0.5,120.160973315775,0.5,111.188142059506,0.5,0.463529411764706,0.432380952380952,-0.422950373360067,-0.0579560368696974,1.72506793899392,10.1256753163765,10.4906696528668,-0.630179915756585,1.5178383965974,11.9831257766326
0.1,0.4,30,79.0113806792586,NA,101.382714159243,0.5,97.623877678008,0.5,103.547822926609,0.5,107.200802637267,0.5,103.68887976519,0.5,103.56472519971,0.5,107.277687339478,0.5,103.241144443453,0.5,0.366153846153846,0.32551724137931,0.0169022731009676,0.0768847022103927,-0.447735321736815,3.65297971065819,3.71296213976761,0.141056838580994,-0.323580756256789,9.65380966146965
0.1,0.4,31,79.5604690629828,NA,102.157097948738,0.5,97.0078554513978,0.5,102.60045470217,0.5,106.21389589519,0.5,101.859903835953,0.5,103.03143229698,0.5,106.277607428555,0.5,102.415920616591,0.5,0.298064516129032,0.28375,0.430977594810415,0.0637115333650797,0.55601678063789,3.61344119302042,3.24617513157509,-0.740550866216239,-0.615511680388764,9.26975197715741
0.1,0.4,32,88.3604317744256,NA,115.815078769995,0.5,110.22460038938,0.5,117.610514980994,0.5,124.051600866713,0.5,117.241676932031,0.5,116.424618453269,0.5,123.828222957725,0.5,116.858442895772,0.5,0.420869565217391,0.392,-1.18589652772468,-0.223377908987587,-0.383234036258415,6.44108588571937,7.40360450445647,-0.3688380489629,0.433824442503365,13.6036225683452
0.1,0.4,33,87.4573378425784,NA,110.545147666951,0.5,108.83542205374,0.5,111.283324247257,0.5,115.72851382749,0.5,111.159843514214,0.5,110.424852798029,0.5,115.899260347457,0.5,109.708274088916,0.5,0.342857142857143,0.325333333333333,-0.858471449227267,0.170746519966812,-1.45156942529802,4.44518958023333,5.47440754942741,-0.12348073304284,-0.716578709113591,7.06383829371671
0.1,0.4,34,87.0341257874078,NA,113.052350255035,0.5,111.122045056367,0.5,113.433243889894,0.5,133.373931802295,0.5,115.668218810219,0.5,114.464213338138,0.5,134.044200378548,0.5,115.820906640085,0.5,0.472941176470588,0.616666666666667,1.03096944824482,0.670268576252823,0.152687829866707,19.9406879124014,19.5799870404094,2.23497492032516,1.35669330194705,22.9221553221803
0.1,0.4,35,90.9743215335107,NA,116.572186095135,0.5,114.14849247393,0.5,117.856778307651,0.5,140.202753698766,0.5,118.796052853875,0.5,120.773669368929,0.5,138.649998198889,0.5,118.577706021526,0.5,0.492631578947369,0.557777777777778,2.91689106127718,-1.55275549987755,-0.2183468323488,22.3459753911148,17.8763288299601,0.939274546223473,-2.19596334740251,24.5015057249591
0.1,0.4,36,88.7369831411652,NA,110.126671593859,0.5,108.216398710837,0.5,112.154826606166,0.5,114.375171808962,0.5,110.984524143391,0.5,112.522342262238,0.5,114.70505914681,0.5,111.075687482455,0.5,0.343703703703704,0.300645161290323,0.367515656072015,0.329887337847211,0.0911633390646642,2.22034520279594,2.18271688457114,-1.17030246277567,-1.44665477978302,6.48866043597249
0.1,0.4,37,84.0844496872529,NA,107.337304833711,0.5,102.729519566796,0.5,106.316328251286,0.5,110.81593208294,0.5,107.463875857974,0.5,107.379938346341,0.5,110.897978754554,0.5,106.718543232765,0.5,0.268387096774193,0.254193548387097,1.06361009505548,0.0820466716138952,-0.745332625208832,4.49960383165441,3.51804040821283,1.14754760668809,-0.661395113576219,8.16845918775829
0.1,0.4,38,84.9751390138024,NA,105.623799166012,0.5,101.51667534951,0.5,106.984392535537,0.5,109.561884616817,0.5,106.30236860713,0.5,107.125470884633,0.5,109.390173509898,0.5,106.823093313268,0.5,0.259354838709677,0.246060606060606,0.141078349096162,-0.171711106919616,0.520724706138495,2.57749208128052,2.26470262526475,-0.682023928406778,-0.302377571364445,7.87349816038783
0.1,0.4,39,79.7394309247993,NA,101.298873259509,0.5,98.5804302616752,0.5,102.191689683044,0.5,106.138908689933,0.5,100.985076864363,0.5,101.895707716432,0.5,106.082336531819,0.5,101.01448719278,0.5,0.32,0.276470588235294,-0.295981966612359,-0.0565721581135961,0.0294103284167306,3.94721900688857,4.18662881538734,-1.20661281868074,-0.881220523651649,7.50190627014381
0.1,0.4,40,85.5857070255288,NA,107.823506530512,0.5,104.754189645779,0.5,108.748339141328,0.5,114.767490819233,0.5,108.38250800013,0.5,108.02583856755,0.5,114.742976471224,0.5,108.560174956759,0.5,0.382608695652174,0.3696,-0.722500573778731,-0.024514348009518,0.177666956629409,6.01915167790476,6.71713790367397,-0.365831141198555,0.534336389209585,9.98878682544468
0.1,0.4,41,88.839693879905,NA,118.164287319212,0.5,117.938572614128,0.5,118.679855399409,0.5,130.210141482771,0.5,117.512744777389,0.5,117.530177138767,0.5,130.417749644911,0.5,119.338996296394,0.5,0.43764705882353,0.434,-1.14967826064171,0.207608162140843,1.82625151900497,11.5302860833613,12.8875725061439,-1.16711062201992,1.80881915762676,12.4791770307837
0.1,0.4,42,88.529987696364,NA,118.380607432857,0.5,115.734060424249,0.5,121.0165591649,0.5,128.741470887225,0.5,120.286285612317,0.5,119.929842181469,0.5,128.892435658657,0.5,119.905038557663,0.5,0.338947368421053,0.332,-1.08671698343025,0.150964771431688,-0.381247054654182,7.72491172232577,8.96259347718771,-0.730273552582389,-0.0248036238063207,13.1583752344076
0.1,0.4,43,84.3741328810526,NA,106.913381309927,0.5,105.071254829493,0.5,107.683621195201,0.5,111.792018810682,0.5,106.945483257541,0.5,107.784059856491,0.5,111.773188893433,0.5,107.263697140369,0.5,0.422608695652174,0.324,0.100438661290298,-0.0188299172485671,0.318213882828033,4.10839761548058,3.98912903694172,-0.738137937659829,-0.520362716122094,6.70193406393986
0.1,0.4,44,85.9780486272438,NA,106.068037154024,0.5,102.228085932223,0.5,108.089568863729,0.5,123.383385021438,0.5,107.138272916185,0.5,106.83896350808,0.5,123.084509193628,0.5,108.531881746549,0.5,0.527619047619048,0.4592,-1.25060535564918,-0.298875827809709,1.39360883036402,15.2938161577093,16.2455456855488,-0.951295947543485,1.69291823846972,20.8564232614053
0.1,0.4,45,89.864105953441,NA,110.733287578328,0.5,106.668905951033,0.5,112.782794940693,0.5,154.271857763133,0.5,110.847086558621,0.5,112.133950942484,0.5,141.26169877678,0.5,112.087704111534,0.5,0.6,0.615,-0.648843998209287,-13.0101589863531,1.24061755291255,41.4890628224398,29.127747834296,-1.93570838207197,-0.0462468309501247,34.5927928257465
0.1,0.4,46,85.4145833415256,NA,109.744181978041,0.5,107.167033356018,0.5,111.671546084583,0.5,119.354534419113,0.5,111.171650658084,0.5,110.834380317592,0.5,119.321259226988,0.5,111.393217659882,0.5,0.448421052631579,0.446,-0.837165766990807,-0.0332751921244494,0.221567001797766,7.68298833452933,8.48687890939568,-0.499895426499293,0.55883734228928,12.1542258709701
0.1,0.4,47,81.1892117137457,NA,106.56683993548,0.5,104.810359163461,0.5,107.645106856803,0.5,115.316364309996,0.5,106.886457331295,0.5,108.175625060284,0.5,115.210772297417,0.5,106.245346743156,0.5,0.418181818181818,0.372307692307692,0.530518203480796,-0.105592012578725,-0.641110588139398,7.67125745319323,7.03514723713371,-0.758649525507494,-1.93027831712769,10.4004131339568
0.1,0.4,48,86.5080650286883,NA,110.814730010202,0.5,107.288014228784,0.5,111.232595924908,0.5,121.15075469023,0.5,110.495778157325,0.5,112.614247307338,0.5,121.114222958362,0.5,111.46252032653,0.5,0.48,0.44,1.38165138242928,-0.0365317318675125,0.966742169204764,9.91815876532124,8.49997565102444,-0.736817767583162,-1.15172698080768,13.8262087295777
0.1,0.4,49,85.4813286992015,NA,109.52480767664,0.5,106.391918464698,0.5,112.550118296322,0.5,121.185518629676,0.5,111.021831125017,0.5,113.169146454948,0.5,121.44647618733,0.5,111.685210881253,0.5,0.424,0.428,0.619028158626634,0.26095755765391,0.663379756235827,8.63540033335441,8.27732973238169,-1.52828717130487,-1.48393557369567,15.0545577226317
0.1,0.4,50,80.8567388007878,NA,101.729166971134,0.5,97.0729694814537,0.5,102.973649735273,0.5,105.556166914811,0.5,103.088000262095,0.5,102.952418691853,0.5,105.465345336801,0.5,103.009198428043,0.5,0.254117647058824,0.231111111111111,-0.0212310434201584,-0.0908215780095816,-0.0788018340523564,2.58251717953776,2.51292664494834,0.114350526821809,0.0567797361896112,8.39237585534757
1,0.4,1,84.0812033176961,NA,108.738200383692,0.5,106.027843141543,0.5,109.737332742471,0.5,113.774972672756,0.5,109.099626087866,0.5,109.071645709111,0.5,113.595986638701,0.5,109.254979385688,0.5,0.333333333333333,0.3175,-0.665687033360399,-0.178986034055185,0.155353297822089,4.03763993028514,4.52434092959035,-0.637706654605154,0.183333676577334,7.56814349715854
1,0.4,2,89.8205690934302,NA,115.189709357578,0.5,112.923976579115,0.5,115.349859232918,0.5,121.506737120265,0.5,116.153609194348,0.5,116.216308881082,0.5,121.537879796383,0.5,116.180273437715,0.5,0.371851851851852,0.329032258064516,0.866449648164547,0.0311426761184066,0.0266642433672075,6.15687788734691,5.32157091530077,0.803749961430512,-0.0360354433668277,8.61390321726759
1,0.4,3,81.1587860555926,NA,101.886854633085,0.5,95.7205013083778,0.5,102.916477015661,0.5,103.877872219664,0.5,101.92307835962,0.5,102.721154621848,0.5,104.15856690041,0.5,101.682217436425,0.5,0.145714285714286,0.128372093023256,-0.195322393812901,0.280694680746294,-0.240860923195328,0.961395204002642,1.43741227856184,-0.99339865604118,-1.03893718542361,8.43806559203222
1,0.4,4,92.8430195402,NA,119.625988578706,0.5,119.87041747088,0.5,119.126998339969,0.5,131.003220609191,0.5,120.219209753001,0.5,119.149991989974,0.5,130.911189244081,0.5,119.62324924337,0.5,0.471304347826087,0.421538461538461,0.0229936500053469,-0.0920313651099036,-0.595960509630729,11.8762222692215,11.7611972541062,1.09221141303213,0.473257253396056,11.0407717732002
1,0.4,5,88.7041135393562,NA,110.928470386738,0.5,108.876718051309,0.5,112.630808820551,0.5,116.912540146872,0.5,113.018118734898,0.5,112.159200340144,0.5,116.788724056602,0.5,112.201044789445,0.5,0.270588235294118,0.252571428571429,-0.471608480406928,-0.123816090270012,-0.817073945453544,4.28173132632105,4.62952371645797,0.387309914347696,0.041844449301081,7.91200600529275
1,0.4,6,97.88236553037,NA,125.199599682909,0.5,125.683288946757,0.5,127.793705063129,0.5,133.723307024577,0.5,126.274239016968,0.5,126.834921240201,0.5,133.740426102967,0.5,126.600892882581,0.5,0.3824,0.377777777777778,-0.958783822927657,0.0171190783894701,0.326653865612656,5.92960196144803,6.90550486276516,-1.519466046161,-0.234028357620687,8.05713715620939
1,0.4,7,86.0186323436976,NA,114.212123147294,0.5,113.203134432568,0.5,117.065752171372,0.5,132.707175578409,0.5,116.227735260135,0.5,116.814444368788,0.5,132.916964156097,0.5,117.491923247727,0.5,0.408,0.447272727272727,-0.251307802583895,0.209788577687732,1.2641879875921,15.6414234070367,16.1025197873084,-0.838016911236764,0.677478878939226,19.7138297235286
1,0.4,8,82.4558292688787,NA,107.316931810719,0.5,105.806690194171,0.5,107.618338853762,0.5,113.010151642613,0.5,106.483537275938,0.5,107.546789571034,0.5,112.820563644919,0.5,107.029557918841,0.5,0.31375,0.287058823529412,-0.071549282728256,-0.18958799769436,0.546020642902775,5.39181278885127,5.27377407388516,-1.13480157782359,-0.517231652192564,7.01387345074758
1,0.4,9,83.4496976828367,NA,110.412934952637,0.5,107.236177792057,0.5,113.638155186876,0.5,122.605169918636,0.5,111.835208340414,0.5,113.476235132362,0.5,122.395455530875,0.5,114.156330523625,0.5,0.418333333333333,0.395384615384615,-0.161920054513459,-0.209714387760812,2.32112218321069,8.9670147317605,8.91922039851315,-1.80294684646161,0.68009539126254,15.1592777388187
1,0.4,10,75.1566348224014,NA,98.6344050719202,0.5,95.3671017370569,0.5,99.0121007890956,0.5,100.560028446298,0.5,98.8380898767211,0.5,98.3290019742351,0.5,100.588707840363,0.5,99.1040482047514,0.5,0.168780487804878,0.133023255813953,-0.683098814860415,0.0286793940647385,0.26595832803028,1.54792765720234,2.25970586612749,-0.17401091237447,0.775046230516224,5.22160610330569
1,0.4,11,73.1946339689589,NA,95.5396906285854,0.5,90.2651590891734,0.5,95.2246849552561,0.5,96.1784531431838,0.5,94.8043118781679,0.5,95.0374432572268,0.5,96.1892369388654,0.5,94.2593915019059,0.5,0.130232558139535,0.111818181818182,-0.187241698029254,0.0107837956816468,-0.544920376261956,0.953768187927722,1.15179368163862,-0.4203730770882,-0.778051755320902,5.92407784969204
1,0.4,12,80.4573164028082,NA,103.602075581286,0.5,100.329958309023,0.5,104.820924878752,0.5,108.044584339607,0.5,104.40944211755,0.5,105.055847494016,0.5,108.19023325004,0.5,104.765353723081,0.5,0.301176470588235,0.264444444444444,0.234922615263955,0.14564891043355,0.355911605530622,3.22365946085453,3.13438575602413,-0.411482761202009,-0.290493770935342,7.8602749410169
1,0.4,13,84.248723706207,NA,108.113977221369,0.5,105.017919129597,0.5,109.252013339008,0.5,112.183821928092,0.5,108.690580002191,0.5,109.58862543905,0.5,111.998767384767,0.5,109.277471722787,0.5,0.265142857142857,0.258285714285714,0.336612100041791,-0.185054543324952,0.586891720596782,2.93180858908367,2.41014194571693,-0.561433336817771,-0.31115371626278,6.98084825516976
1,0.4,14,85.349680600568,NA,112.142878134599,0.5,107.913081955061,0.5,111.857091180678,0.5,116.875482376865,0.5,112.242623780507,0.5,112.047153060525,0.5,116.969003852301,0.5,111.856938754178,0.5,0.332903225806452,0.305454545454545,0.190061879847491,0.093521475436404,-0.385685026328318,5.01839119618688,4.9218507917758,0.385532599829006,-0.190214306346803,9.05592189724017
1,0.4,15,98.4108470871269,NA,120.13695660343,0.5,116.955500522771,0.5,120.840212984527,0.5,125.401561733455,0.5,120.742839548839,0.5,120.333206548344,0.5,125.232237430959,0.5,120.673964110815,0.5,0.294545454545455,0.281176470588235,-0.507006436182522,-0.169324302495426,-0.0688754380245342,4.56134874892794,4.89903088261504,-0.0973734356877145,0.340757562470273,8.27673690818848
1,0.4,16,89.5004159315506,NA,113.532735108559,0.5,108.910670424132,0.5,113.9807798147,0.5,118.706696039495,0.5,113.524975830508,0.5,113.371855819384,0.5,118.136063334231,0.5,114.082761277987,0.5,0.299393939393939,0.254444444444444,-0.608923995315251,-0.570632705264032,0.557785447479645,4.72591622479511,4.76420751484633,-0.455803984192045,0.710905458602852,9.22539291009917
1,0.4,17,82.6229108805348,NA,109.20040405434,0.5,104.325698034229,0.5,109.754266638165,0.5,113.306536022654,0.5,109.662811131478,0.5,109.53250741367,0.5,113.579803391102,0.5,109.034025681804,0.5,0.258064516129032,0.225882352941177,-0.221759224495472,0.273267368447975,-0.628785449673558,3.55226938448894,4.04729597743238,-0.0914555066872396,-0.498481731865326,9.25410535687344
1,0.4,18,82.533724462504,NA,105.312644026852,0.5,103.483834392225,0.5,107.072939370181,0.5,113.004332447816,0.5,106.809268539745,0.5,106.760251981065,0.5,113.065353560551,0.5,108.246148378534,0.5,0.33,0.313939393939394,-0.312687389115993,0.0610211127354034,1.43687983878827,5.9313930776344,6.30510157948579,-0.26367083043607,1.4858963974682,9.58151916832591
1,0.4,19,94.2616411954613,NA,116.22038367083,0.5,112.807546922651,0.5,117.264076149972,0.5,118.733171577148,0.5,117.03003970956,0.5,118.097656494848,0.5,118.63827206965,0.5,117.590755660579,0.5,0.236666666666667,0.225945945945946,0.833580344875898,-0.0948995074978853,0.560715951019105,1.46909542717569,0.540615574801905,-0.23403644041224,-0.506900834269032,5.83072514699872
1,0.4,20,80.7741269739024,NA,105.16400604117,0.5,102.797186801679,0.5,106.779506359398,0.5,114.72288749078,0.5,106.705857733965,0.5,106.377254026435,0.5,114.627402421859,0.5,105.135628224075,0.5,0.4528,0.336774193548387,-0.402252332962632,-0.095485068921846,-1.57022950988983,7.94338113138278,8.25014839542357,-0.0736486254325399,-1.24162580235974,11.8302156201793
1,0.4,21,93.4974728559607,NA,117.189477356256,0.5,114.7412466869,0.5,120.023421660183,0.5,126.209055223904,0.5,119.105234578671,0.5,118.632893493798,0.5,125.795835165579,0.5,119.572910887967,0.5,0.4304,0.404444444444445,-1.39052816638545,-0.413220058324157,0.467676309296138,6.18563356372051,7.16294167178181,-0.918187081511846,0.940017394169743,11.054588478679
1,0.4,22,82.8218926527541,NA,107.269916646462,0.5,109.058747357589,0.5,109.796327188287,0.5,123.160867634686,0.5,109.182181905081,0.5,110.136399343812,0.5,122.761435087948,0.5,108.325178100484,0.5,0.554666666666667,0.545882352941176,0.340072155525007,-0.399432546737359,-0.857003804596957,13.3645404463992,12.6250357441368,-0.614145283205602,-1.81122124332757,13.7026877303594
1,0.4,23,93.9945367866301,NA,119.605063535032,0.5,119.272512531614,0.5,120.993542077363,0.5,129.532025335972,0.5,120.947836692827,0.5,120.172332148497,0.5,129.369581422042,0.5,120.367462963308,0.5,0.485454545454546,0.481818181818182,-0.82120992886513,-0.16244391392965,-0.580373729518641,8.53848325860946,9.19724927354494,-0.0457053845354807,0.195130814811009,10.0970688904284
1,0.4,24,83.1826182416355,NA,104.594238403256,0.5,100.991190981183,0.5,105.677522263657,0.5,108.237845038829,0.5,105.75442569908,0.5,105.634568756097,0.5,108.353762762792,0.5,104.811449101846,0.5,0.210526315789474,0.201025641025641,-0.0429535075600427,0.115917723963364,-0.942976597233738,2.56032277517161,2.71919400669502,0.07690343542275,-0.823119654250945,7.36257178160928
1,0.4,25,78.1434259381901,NA,102.563685436741,0.5,99.105565549837,0.5,103.204154232318,0.5,111.461588402941,0.5,102.100084161746,0.5,102.411995599991,0.5,111.396020946219,0.5,100.555055804721,0.5,0.419259259259259,0.315151515151515,-0.792158632326363,-0.0655674567215954,-1.54502835702526,8.25743417062299,8.98402534622775,-1.10407007057154,-1.85693979527043,12.2904553963822
1,0.4,26,92.4304569875215,NA,118.134101900894,0.5,119.206670892732,0.499999999999999,120.228561509919,0.5,133.676847851086,0.5,120.277592703358,0.5,119.637750646052,0.5,133.641559142692,0.5,119.186285634184,0.5,0.581538461538462,0.5575,-0.590810863867262,-0.0352887083935514,-1.09130706917433,13.4482863411667,14.0038084966404,0.0490311934393759,-0.451465011867697,14.4348882499604
1,0.4,27,83.8537545362297,NA,105.626691646431,0.5,104.405111205442,0.5,106.785475568623,0.5,114.111163280572,0.5,107.320577509978,0.5,107.624926655239,0.5,113.77297289022,0.5,107.667685950058,0.5,0.336,0.323870967741936,0.839451086616037,-0.338190390351841,0.347108440080405,7.32568771194981,6.14804623498193,0.53510194135508,0.0427592948194473,9.36786168477853
1,0.4,28,83.2653321851345,NA,106.678684115655,0.5,104.465556162108,0.5,108.024308013887,0.5,110.422600469525,0.5,106.980706522733,0.5,107.952992729261,0.5,110.698471257566,0.5,106.7523507733,0.5,0.208421052631579,0.173,-0.0713152846256975,0.27587078804082,-0.228355749433092,2.39829245563791,2.74547852830443,-1.04360149115404,-1.20064195596143,6.23291509545726
1,0.4,29,81.536997376275,NA,108.329349151163,0.5,108.177847539143,0.499999999999999,110.093254036269,0.5,117.492031723057,0.5,109.463074120512,0.5,109.670303662909,0.5,117.614334843892,0.5,111.188142059506,0.5,0.4016,0.371851851851852,-0.422950373360067,0.122303120835383,1.72506793899392,7.39877768678784,7.94403118098329,-0.630179915756585,1.5178383965974,9.43648730474902
1,0.4,30,79.0113806792586,NA,101.382714159243,0.5,97.623877678008,0.5,103.547822926609,0.5,105.352344112115,0.5,103.68887976519,0.5,103.56472519971,0.5,105.474474644148,0.5,103.241144443453,0.5,0.254444444444444,0.235675675675676,0.0169022731009676,0.122130532032756,-0.447735321736815,1.80452118550569,1.90974944443748,0.141056838580994,-0.323580756256789,7.85059696613952
1,0.4,31,79.5604690629828,NA,102.157097948738,0.5,97.0078554513978,0.5,102.60045470217,0.5,104.727647390929,0.5,101.859903835953,0.5,103.03143229698,0.5,105.125125728998,0.5,102.415920616591,0.5,0.207368421052631,0.18974358974359,0.430977594810415,0.39747833806905,0.55601678063789,2.12719268875891,2.09369343201755,-0.740550866216239,-0.615511680388764,8.11727027759987
1,0.4,32,88.3604317744256,NA,115.815078769995,0.5,110.22460038938,0.5,117.610514980994,0.5,122.214117449952,0.5,117.241676932031,0.5,116.424618453269,0.5,122.439103503785,0.5,116.858442895772,0.5,0.406153846153846,0.391111111111111,-1.18589652772468,0.224986053832822,-0.383234036258415,4.60360246895844,6.01448505051594,-0.3688380489629,0.433824442503365,12.2145031144047
1,0.4,33,87.4573378425784,NA,110.545147666951,0.5,108.83542205374,0.5,111.283324247257,0.5,112.626959493236,0.5,111.159843514214,0.5,110.424852798029,0.5,112.415973911965,0.5,109.708274088916,0.5,0.30375,0.28,-0.858471449227267,-0.210985581270478,-1.45156942529802,1.34363524597907,1.99112111393586,-0.12348073304284,-0.716578709113591,3.58055185822516
1,0.4,34,87.0341257874078,NA,113.052350255035,0.5,111.122045056367,0.5,113.433243889894,0.5,131.447854993107,0.5,115.668218810219,0.5,114.464213338138,0.5,132.501376144738,0.5,115.820906640085,0.5,0.522105263157895,0.632,1.03096944824482,1.05352115163126,0.152687829866707,18.0146111032133,18.0371628065998,2.23497492032516,1.35669330194705,21.3793310883707
1,0.4,35,90.9743215335107,NA,116.572186095135,0.5,114.14849247393,0.5,117.856778307651,0.5,139.493188338382,0.5,118.796052853875,0.5,120.773669368929,0.5,137.427065582498,0.5,118.577706021526,0.5,0.488421052631579,0.58,2.91689106127718,-2.06612275588472,-0.2183468323488,21.6364100307311,16.6533962135692,0.939274546223473,-2.19596334740251,23.2785731085682
1,0.4,36,88.7369831411652,NA,110.126671593859,0.5,108.216398710837,0.5,112.154826606166,0.5,114.267868896947,0.5,110.984524143391,0.5,112.522342262238,0.5,114.192548980125,0.5,111.075687482455,0.5,0.236666666666667,0.202105263157895,0.367515656072015,-0.0753199168214707,0.0911633390646642,2.11304229078033,1.67020671788684,-1.17030246277567,-1.44665477978302,5.9761502692882
1,0.4,37,84.0844496872529,NA,107.337304833711,0.5,102.729519566796,0.5,106.316328251286,0.5,108.870071603025,0.5,107.463875857974,0.5,107.379938346341,0.5,108.865619986449,0.5,106.718543232765,0.5,0.167,0.159,1.06361009505548,-0.00445161657556525,-0.745332625208832,2.55374335173902,1.48568164010797,1.14754760668809,-0.661395113576219,6.13610041965343
1,0.4,38,84.9751390138024,NA,105.623799166012,0.5,101.51667534951,0.5,106.984392535537,0.5,106.457836661366,0.5,106.30236860713,0.5,107.125470884633,0.5,106.845917862801,0.5,106.823093313268,0.5,0.12952380952381,0.12952380952381,0.141078349096162,0.388081201434915,0.520724706138495,-0.526555874170285,-0.279553021831532,-0.682023928406778,-0.302377571364445,5.32924251329155
1,0.4,39,79.7394309247993,NA,101.298873259509,0.5,98.5804302616752,0.5,102.191689683044,0.5,105.578537875713,0.5,100.985076864363,0.5,101.895707716432,0.5,105.621406465581,0.5,101.01448719278,0.5,0.227368421052631,0.208205128205128,-0.295981966612359,0.0428685898676378,0.0294103284167306,3.3868481926693,3.7256987491493,-1.20661281868074,-0.881220523651649,7.04097620390577
1,0.4,40,85.5857070255288,NA,107.823506530512,0.5,104.754189645779,0.5,108.748339141328,0.5,111.711774679951,0.5,108.38250800013,0.5,108.02583856755,0.5,111.843321567764,0.5,108.560174956759,0.5,0.323870967741936,0.272941176470588,-0.722500573778731,0.131546887812405,0.177666956629409,2.96343553862312,3.81748300021425,-0.365831141198555,0.534336389209585,7.08913192198496
1,0.4,41,88.839693879905,NA,118.164287319212,0.5,117.938572614128,0.5,118.679855399409,0.5,128.381670391133,0.5,117.512744777389,0.5,117.530177138767,0.5,128.375426018268,0.5,119.338996296394,0.5,0.446315789473684,0.432380952380952,-1.14967826064171,-0.00624437286504076,1.82625151900497,9.70181499172409,10.8452488795008,-1.16711062201992,1.80881915762676,10.4368534041405
1,0.4,42,88.529987696364,NA,118.380607432857,0.5,115.734060424249,0.5,121.0165591649,0.5,127.280501438306,0.5,120.286285612317,0.5,119.929842181469,0.5,127.283443338906,0.5,119.905038557663,0.5,0.402,0.387272727272727,-1.08671698343025,0.00294190059968003,-0.381247054654182,6.26394227340626,7.35360115743619,-0.730273552582389,-0.0248036238063207,11.5493829146561
1,0.4,43,84.3741328810526,NA,106.913381309927,0.5,105.071254829493,0.5,107.683621195201,0.5,110.044543183755,0.5,106.945483257541,0.5,107.784059856491,0.5,110.193295703282,0.5,107.263697140369,0.5,0.303030303030303,0.300606060606061,0.100438661290298,0.148752519526894,0.318213882828033,2.36092198855356,2.40923584679015,-0.738137937659829,-0.520362716122094,5.12204087378829
1,0.4,44,85.9780486272438,NA,106.068037154024,0.5,102.228085932223,0.5,108.089568863729,0.5,121.944950378629,0.5,107.138272916185,0.5,106.83896350808,0.5,121.670799855544,0.5,108.531881746549,0.5,0.422857142857143,0.363870967741936,-1.25060535564918,-0.274150523084529,1.39360883036402,13.8553815148999,14.8318363474645,-0.951295947543485,1.69291823846972,19.4427139233211
1,0.4,45,89.864105953441,NA,110.733287578328,0.5,106.668905951033,0.5,112.782794940693,0.5,154.961162847954,0.5,110.847086558621,0.5,112.133950942484,0.5,139.590426667519,0.5,112.087704111534,0.5,0.702222222222222,0.68,-0.648843998209287,-15.3707361804346,1.24061755291255,42.1783679072607,27.4564757250353,-1.93570838207197,-0.0462468309501247,32.9215207164859
1,0.4,46,85.4145833415256,NA,109.744181978041,0.5,107.167033356018,0.5,111.671546084583,0.5,116.125452083318,0.5,111.171650658084,0.5,110.834380317592,0.5,116.645812237154,0.5,111.393217659882,0.5,0.4112,0.350666666666666,-0.837165766990807,0.520360153836009,0.221567001797766,4.45390599873484,5.81143191956166,-0.499895426499293,0.55883734228928,9.47877888113608
1,0.4,47,81.1892117137457,NA,106.56683993548,0.5,104.810359163461,0.5,107.645106856803,0.5,113.382843416204,0.5,106.886457331295,0.5,108.175625060284,0.5,113.367661002563,0.5,106.245346743156,0.5,0.318620689655172,0.313333333333333,0.530518203480796,-0.0151824136405025,-0.641110588139398,5.73773655940103,5.19203594227973,-0.758649525507494,-1.93027831712769,8.55730183910281
1,0.4,48,86.5080650286883,NA,110.814730010202,0.5,107.288014228784,0.5,111.232595924908,0.5,119.852197485965,0.5,110.495778157325,0.5,112.614247307338,0.5,119.719701796946,0.5,111.46252032653,0.5,0.426153846153846,0.364,1.38165138242928,-0.132495689018356,0.966742169204764,8.61960156105619,7.10545448960855,-0.736817767583162,-1.15172698080768,12.4316875681618
1,0.4,49,85.4813286992015,NA,109.52480767664,0.5,106.391918464698,0.5,112.550118296322,0.5,119.772733392264,0.5,111.021831125017,0.5,113.169146454948,0.5,119.524793660636,0.5,111.685210881253,0.5,0.42,0.4048,0.619028158626634,-0.247939731628207,0.663379756235827,7.22261509594264,6.3556472056878,-1.52828717130487,-1.48393557369567,13.1328751959378
1,0.4,50,80.8567388007878,NA,101.729166971134,0.5,97.0729694814537,0.5,102.973649735273,0.5,104.630075348446,0.5,103.088000262095,0.5,102.952418691853,0.5,104.657475940336,0.5,103.009198428043,0.5,0.160975609756097,0.146666666666667,-0.0212310434201584,0.0274005918898581,-0.0788018340523564,1.65642561317338,1.7050572484834,0.114350526821809,0.0567797361896112,7.58450645888263
5,0.4,1,84.0812033176961,NA,108.738200383692,0.5,106.027843141543,0.5,109.737332742471,0.5,108.228700638604,0.5,109.099626087866,0.5,109.071645709111,0.5,107.535754176961,0.5,109.254979385688,0.5,0.145714285714286,0.143809523809524,-0.665687033360399,-0.692946461642435,0.155353297822089,-1.50863210386737,-1.53589153214941,-0.637706654605154,0.183333676577334,1.50791103541879
5,0.4,2,89.8205690934302,NA,115.189709357578,0.5,112.923976579115,0.5,115.349859232918,0.5,116.874598226398,0.5,116.153609194348,0.5,116.216308881082,0.5,117.135639783417,0.5,116.180273437715,0.5,0.148292682926829,0.12952380952381,0.866449648164547,0.261041557019155,0.0266642433672075,1.52473899347991,0.919330902334522,0.803749961430512,-0.0360354433668277,4.21166320430135
5,0.4,3,81.1587860555926,NA,101.886854633085,0.5,95.7205013083778,0.5,102.916477015661,0.5,102.539642474327,0.5,101.92307835962,0.5,102.721154621848,0.5,102.711316334825,0.5,101.682217436425,0.5,0.0924444444444446,0.114545454545455,-0.195322393812901,0.171673860497847,-0.240860923195328,-0.376834541333977,-0.00983828702322853,-0.99339865604118,-1.03893718542361,6.99081502644715
5,0.4,4,92.8430195402,NA,119.625988578706,0.5,119.87041747088,0.5,119.126998339969,0.5,120.780156024371,0.5,120.219209753001,0.5,119.149991989974,0.5,120.7446328226,0.5,119.62324924337,0.5,0.103636363636364,0.088888888888889,0.0229936500053469,-0.0355232017709426,-0.595960509630729,1.65315768440226,1.59464083262597,1.09221141303213,0.473257253396056,0.874215351719968
5,0.4,5,88.7041135393562,NA,110.928470386738,0.5,108.876718051309,0.5,112.630808820551,0.5,113.584018426374,0.5,113.018118734898,0.5,112.159200340144,0.5,113.940061281674,0.5,112.201044789445,0.5,0.167,0.159,-0.471608480406928,0.356042855300572,-0.817073945453544,0.953209605823332,1.78086094153083,0.387309914347696,0.041844449301081,5.06334323036562
5,0.4,6,97.88236553037,NA,125.199599682909,0.5,125.683288946757,0.5,127.793705063129,0.5,126.90613556525,0.5,126.274239016968,0.5,126.834921240201,0.5,128.281793047933,0.5,126.600892882581,0.5,0.148292682926829,0.148292682926829,-0.958783822927657,1.37565748268295,0.326653865612656,-0.887569497878914,1.4468718077317,-1.519466046161,-0.234028357620687,2.59850410117593
5,0.4,7,86.0186323436976,NA,114.212123147294,0.5,113.203134432568,0.5,117.065752171372,0.5,122.814359635682,0.5,116.227735260135,0.5,116.814444368788,0.5,123.174619924066,0.5,117.491923247727,0.5,0.268888888888889,0.3,-0.251307802583895,0.360260288383969,1.2641879875921,5.74860746431031,6.36017555527818,-0.838016911236764,0.677478878939226,9.97148549149838
5,0.4,8,82.4558292688787,NA,107.316931810719,0.5,105.806690194171,0.5,107.618338853762,0.5,108.647681408845,0.5,106.483537275938,0.5,107.546789571034,0.5,108.200301051073,0.5,107.029557918841,0.5,0.103636363636364,0.088888888888889,-0.071549282728256,-0.447380357772033,0.546020642902775,1.02934255508265,0.653511480038873,-1.13480157782359,-0.517231652192564,2.39361085690129
5,0.4,9,83.4496976828367,NA,110.412934952637,0.5,107.236177792057,0.5,113.638155186876,0.5,114.357523779833,0.5,111.835208340414,0.5,113.476235132362,0.5,113.04643815961,0.5,114.156330523625,0.5,0.117209302325581,0.117209302325581,-0.161920054513459,-1.31108562022327,2.32112218321069,0.71936859295775,-0.429796972752058,-1.80294684646161,0.68009539126254,5.81026036755352
5,0.4,10,75.1566348224014,NA,98.6344050719202,0.5,95.3671017370569,0.5,99.0121007890956,0.5,99.0629697739624,0.5,98.8380898767211,0.5,98.3290019742351,0.5,98.9542696250577,0.5,99.1040482047514,0.5,0.088888888888889,0.0730434782608695,-0.683098814860415,-0.108700148904617,0.26595832803028,0.0508689848667956,0.625267650822593,-0.17401091237447,0.775046230516224,3.58716788800079
5,0.4,11,73.1946339689589,NA,95.5396906285854,0.5,90.2651590891734,0.5,95.2246849552561,0.5,94.653348353067,0.5,94.8043118781679,0.5,95.0374432572268,0.5,94.4275626238688,0.5,94.2593915019059,0.5,0.0951111111111111,0.0951111111111111,-0.187241698029254,-0.225785729198236,-0.544920376261956,-0.571336602189035,-0.609880633358017,-0.4203730770882,-0.778051755320902,4.1624035346954
5,0.4,12,80.4573164028082,NA,103.602075581286,0.5,100.329958309023,0.5,104.820924878752,0.5,107.134480486681,0.5,104.40944211755,0.5,105.055847494016,0.5,106.968233977648,0.5,104.765353723081,0.5,0.14952380952381,0.133953488372093,0.234922615263955,-0.166246509033073,0.355911605530622,2.31355560792869,1.91238648363166,-0.411482761202009,-0.290493770935342,6.63827566862443
5,0.4,13,84.248723706207,NA,108.113977221369,0.5,105.017919129597,0.5,109.252013339008,0.5,108.891599508896,0.5,108.690580002191,0.5,109.58862543905,0.5,109.214556209727,0.5,109.277471722787,0.5,0.211282051282051,0.186,0.336612100041791,0.322956700830744,0.586891720596782,-0.360413830112265,-0.374069229323311,-0.561433336817771,-0.31115371626278,4.19663708012952
5,0.4,14,85.349680600568,NA,112.142878134599,0.5,107.913081955061,0.5,111.857091180678,0.5,112.979416989103,0.5,112.242623780507,0.5,112.047153060525,0.5,114.502567638427,0.5,111.856938754178,0.5,0.088888888888889,0.088888888888889,0.190061879847491,1.52315064932384,-0.385685026328318,1.12232580842507,2.45541457790142,0.385532599829006,-0.190214306346803,6.58948568336579
5,0.4,15,98.4108470871269,NA,120.13695660343,0.5,116.955500522771,0.5,120.840212984527,0.5,119.47236100036,0.5,120.742839548839,0.5,120.333206548344,0.5,118.923760646835,0.5,120.673964110815,0.5,0.168205128205128,0.154146341463415,-0.507006436182522,-0.548600353525742,-0.0688754380245342,-1.36785198416648,-1.4094459015097,-0.0973734356877145,0.340757562470273,1.96826012406375
5,0.4,16,89.5004159315506,NA,113.532735108559,0.5,108.910670424132,0.5,113.9807798147,0.5,114.053929391942,0.5,113.524975830508,0.5,113.371855819384,0.5,113.519308860305,0.5,114.082761277987,0.5,0.12952380952381,0.167,-0.608923995315251,-0.534620531637145,0.557785447479645,0.073149577242404,0.14745304092051,-0.455803984192045,0.710905458602852,4.60863843617335
5,0.4,17,82.6229108805348,NA,109.20040405434,0.5,104.325698034229,0.5,109.754266638165,0.5,109.837143228514,0.5,109.662811131478,0.5,109.53250741367,0.5,109.940860122768,0.5,109.034025681804,0.5,0.141904761904762,0.122790697674419,-0.221759224495472,0.103716894253779,-0.628785449673558,0.0828765903484765,0.408352709097727,-0.0914555066872396,-0.498481731865326,5.61516208853878
5,0.4,18,82.533724462504,NA,105.312644026852,0.5,103.483834392225,0.5,107.072939370181,0.5,107.497076067978,0.5,106.809268539745,0.5,106.760251981065,0.5,107.333737371655,0.5,108.246148378534,0.5,0.108181818181818,0.108181818181818,-0.312687389115993,-0.163338696322597,1.43687983878827,0.424136697796058,0.573485390589454,-0.26367083043607,1.4858963974682,3.84990297942957
5,0.4,19,94.2616411954613,NA,116.22038367083,0.5,112.807546922651,0.5,117.264076149972,0.5,117.078138986451,0.5,117.03003970956,0.5,118.097656494848,0.5,117.348324844334,0.5,117.590755660579,0.5,0.157948717948718,0.140487804878049,0.833580344875898,0.27018585788295,0.560715951019105,-0.185937163520691,-0.749331650513639,-0.23403644041224,-0.506900834269032,4.54077792168317
5,0.4,20,80.7741269739024,NA,105.16400604117,0.5,102.797186801679,0.5,106.779506359398,0.5,109.24442198005,0.5,106.705857733965,0.5,106.377254026435,0.5,109.204974641871,0.5,105.135628224075,0.5,0.136190476190476,0.122790697674419,-0.402252332962632,-0.0394473381794285,-1.57022950988983,2.4649156206528,2.82772061543601,-0.0736486254325399,-1.24162580235974,6.40778784019173
5,0.4,21,93.4974728559607,NA,117.189477356256,0.5,114.7412466869,0.5,120.023421660183,0.5,123.52066233882,0.5,119.105234578671,0.5,118.632893493798,0.5,122.736928450807,0.5,119.572910887967,0.5,0.205263157894737,0.177,-1.39052816638545,-0.783733888013501,0.467676309296138,3.49724067863727,4.10403495700922,-0.918187081511846,0.940017394169743,7.99568176390645
5,0.4,22,82.8218926527541,NA,107.269916646462,0.5,109.058747357589,0.5,109.796327188287,0.5,119.415164454447,0.5,109.182181905081,0.5,110.136399343812,0.5,119.516632746268,0.5,108.325178100484,0.5,0.391724137931034,0.318787878787879,0.340072155525007,0.101468291821135,-0.857003804596957,9.61883726616014,9.38023340245627,-0.614145283205602,-1.81122124332757,10.4578853886789
5,0.4,23,93.9945367866301,NA,119.605063535032,0.5,119.272512531614,0.5,120.993542077363,0.5,126.93518659548,0.5,120.947836692827,0.5,120.172332148497,0.5,126.237434198251,0.5,120.367462963308,0.5,0.223157894736842,0.131162790697674,-0.82120992886513,-0.697752397229152,-0.580373729518641,5.94164451811744,6.06510204975342,-0.0457053845354807,0.195130814811009,6.96492166663687
5,0.4,24,83.1826182416355,NA,104.594238403256,0.5,100.991190981183,0.5,105.677522263657,0.5,105.720914214751,0.5,105.75442569908,0.5,105.634568756097,0.5,105.900532251136,0.5,104.811449101846,0.5,0.110909090909091,0.0924444444444446,-0.0429535075600427,0.179618036384781,-0.942976597233738,0.0433919510940939,0.265963495038918,0.07690343542275,-0.823119654250945,4.90934126995317
5,0.4,25,78.1434259381901,NA,102.563685436741,0.5,99.105565549837,0.5,103.204154232318,0.5,104.229619053704,0.5,102.100084161746,0.5,102.411995599991,0.5,103.952264856082,0.5,100.555055804721,0.5,0.0756521739130434,0.0561702127659576,-0.792158632326363,-0.277354197622628,-1.54502835702526,1.02546482138651,1.54026925609024,-1.10407007057154,-1.85693979527043,4.84669930624473
5,0.4,26,92.4304569875215,NA,118.134101900894,0.5,119.206670892732,0.499999999999999,120.228561509919,0.5,126.45497222799,0.5,120.277592703358,0.5,119.637750646052,0.5,127.010604617176,0.5,119.186285634184,0.5,0.265555555555556,0.244324324324324,-0.590810863867262,0.555632389185746,-1.09130706917433,6.22641071807094,7.37285397112394,0.0490311934393759,-0.451465011867697,7.80393372444394
5,0.4,27,83.8537545362297,NA,105.626691646431,0.5,104.405111205442,0.5,106.785475568623,0.5,108.028965124906,0.5,107.320577509978,0.5,107.624926655239,0.5,107.807733205551,0.5,107.667685950058,0.5,0.176410256410257,0.166,0.839451086616037,-0.221231919355517,0.347108440080405,1.24348955628355,0.182806550311994,0.53510194135508,0.0427592948194473,3.40262200010859
5,0.4,28,83.2653321851345,NA,106.678684115655,0.5,104.465556162108,0.5,108.024308013887,0.5,108.692639407916,0.5,106.980706522733,0.5,107.952992729261,0.5,108.746056625091,0.5,106.7523507733,0.5,0.136190476190476,0.122790697674419,-0.0713152846256975,0.0534172171757348,-0.228355749433092,0.668331394028996,0.793063895830429,-1.04360149115404,-1.20064195596143,4.28050046298326
5,0.4,29,81.536997376275,NA,108.329349151163,0.5,108.177847539143,0.499999999999999,110.093254036269,0.5,108.859064206998,0.5,109.463074120512,0.5,109.670303662909,0.5,109.465513625238,0.5,111.188142059506,0.5,0.122790697674419,0.108181818181818,-0.422950373360067,0.606449418239819,1.72506793899392,-1.23418982927051,-0.20479003767062,-0.630179915756585,1.5178383965974,1.28766608609511
5,0.4,30,79.0113806792586,NA,101.382714159243,0.5,97.623877678008,0.5,103.547822926609,0.5,104.211943124526,0.5,103.68887976519,0.5,103.56472519971,0.5,104.341312497035,0.5,103.241144443453,0.5,0.165853658536585,0.146666666666667,0.0169022731009676,0.129369372508748,-0.447735321736815,0.664120197917171,0.776587297324951,0.141056838580994,-0.323580756256789,6.71743481902699
5,0.4,31,79.5604690629828,NA,102.157097948738,0.5,97.0078554513978,0.5,102.60045470217,0.5,102.543843949557,0.5,101.859903835953,0.5,103.03143229698,0.5,103.624197058645,0.5,102.415920616591,0.5,0.117209302325581,0.103636363636364,0.430977594810415,1.08035310908889,0.55601678063789,-0.0566107526130963,0.592764761665379,-0.740550866216239,-0.615511680388764,6.6163416072477
5,0.4,32,88.3604317744256,NA,115.815078769995,0.5,110.22460038938,0.5,117.610514980994,0.5,118.292177095132,0.5,117.241676932031,0.5,116.424618453269,0.5,118.821797209692,0.5,116.858442895772,0.5,0.127441860465116,0.133953488372093,-1.18589652772468,0.529620114560245,-0.383234036258415,0.681662114138348,2.39717875642327,-0.3688380489629,0.433824442503365,8.59719682031201
5,0.4,33,87.4573378425784,NA,110.545147666951,0.5,108.83542205374,0.5,111.283324247257,0.5,109.556364634304,0.5,111.159843514214,0.5,110.424852798029,0.5,108.68517556941,0.5,109.708274088916,0.5,0.272,0.285714285714286,-0.858471449227267,-0.871189064894082,-1.45156942529802,-1.7269596129526,-1.73967722861941,-0.12348073304284,-0.716578709113591,-0.150246484330111
5,0.4,34,87.0341257874078,NA,113.052350255035,0.5,111.122045056367,0.5,113.433243889894,0.5,129.139310593592,0.5,115.668218810219,0.5,114.464213338138,0.5,127.918448410399,0.5,115.820906640085,0.5,0.376,0.558,1.03096944824482,-1.22086218319218,0.152687829866707,15.706066703698,13.454235072261,2.23497492032516,1.35669330194705,16.7964033540319
5,0.4,35,90.9743215335107,NA,116.572186095135,0.5,114.14849247393,0.5,117.856778307651,0.5,136.588725502641,0.5,118.796052853875,0.5,120.773669368929,0.5,134.021729073753,0.5,118.577706021526,0.5,0.363870967741936,0.498333333333333,2.91689106127718,-2.56699642888793,-0.2183468323488,18.7319471949898,13.2480597048247,0.939274546223473,-2.19596334740251,19.8732365998237
5,0.4,36,88.7369831411652,NA,110.126671593859,0.5,108.216398710837,0.5,112.154826606166,0.5,110.861272098812,0.5,110.984524143391,0.5,112.522342262238,0.5,111.792767581553,0.5,111.075687482455,0.5,0.160975609756097,0.122790697674419,0.367515656072015,0.931495482741028,0.0911633390646642,-1.29355450735441,-0.729574680685403,-1.17030246277567,-1.44665477978302,3.57636887071595
5,0.4,37,84.0844496872529,NA,107.337304833711,0.5,102.729519566796,0.5,106.316328251286,0.5,106.988617187361,0.5,107.463875857974,0.5,107.379938346341,0.5,106.423558958355,0.5,106.718543232765,0.5,0.145714285714286,0.141904761904762,1.06361009505548,-0.565058229005786,-0.745332625208832,0.672288936075176,-0.95637938798609,1.14754760668809,-0.661395113576219,3.69403939155937
5,0.4,38,84.9751390138024,NA,105.623799166012,0.5,101.51667534951,0.5,106.984392535537,0.5,106.048086832134,0.5,106.30236860713,0.5,107.125470884633,0.5,106.067382446995,0.5,106.823093313268,0.5,0.136190476190476,0.136190476190476,0.141078349096162,0.0192956148606811,0.520724706138495,-0.936305703402653,-1.05808843763813,-0.682023928406778,-0.302377571364445,4.55070709748495
5,0.4,39,79.7394309247993,NA,101.298873259509,0.5,98.5804302616752,0.5,102.191689683044,0.5,102.132359362024,0.5,100.985076864363,0.5,101.895707716432,0.5,101.984185043629,0.5,101.01448719278,0.5,0.088888888888889,0.103636363636364,-0.295981966612359,-0.14817431839532,0.0294103284167306,-0.0593303210196439,0.0884773271973955,-1.20661281868074,-0.881220523651649,3.40375478195386
5,0.4,40,85.5857070255288,NA,107.823506530512,0.5,104.754189645779,0.5,108.748339141328,0.5,106.772994874268,0.5,108.38250800013,0.5,108.02583856755,0.5,107.386986168046,0.5,108.560174956759,0.5,0.145714285714286,0.145714285714286,-0.722500573778731,0.613991293778199,0.177666956629409,-1.97534426706024,-0.638852399503307,-0.365831141198555,0.534336389209585,2.6327965222674
5,0.4,41,88.839693879905,NA,118.164287319212,0.5,117.938572614128,0.5,118.679855399409,0.5,119.490874617694,0.5,117.512744777389,0.5,117.530177138767,0.5,119.403678794455,0.5,119.338996296394,0.5,0.122790697674419,0.0730434782608695,-1.14967826064171,-0.0871958232393553,1.82625151900497,0.811019218285011,1.87350165568736,-1.16711062201992,1.80881915762676,1.46510618032714
5,0.4,42,88.529987696364,NA,118.380607432857,0.5,115.734060424249,0.5,121.0165591649,0.5,121.168569280651,0.5,120.286285612317,0.5,119.929842181469,0.5,122.077973154978,0.5,119.905038557663,0.5,0.145714285714286,0.140952380952381,-1.08671698343025,0.909403874327211,-0.381247054654182,0.152010115751096,2.14813097350856,-0.730273552582389,-0.0248036238063207,6.34391273072843
5,0.4,43,84.3741328810526,NA,106.913381309927,0.5,105.071254829493,0.5,107.683621195201,0.5,108.092641003846,0.5,106.945483257541,0.5,107.784059856491,0.5,108.946785672463,0.5,107.263697140369,0.5,0.18974358974359,0.154146341463415,0.100438661290298,0.854144668617025,0.318213882828033,0.409019808644715,1.16272581597144,-0.738137937659829,-0.520362716122094,3.87553084296958
5,0.4,44,85.9780486272438,NA,106.068037154024,0.5,102.228085932223,0.5,108.089568863729,0.5,120.589746735638,0.5,107.138272916185,0.5,106.83896350808,0.5,120.739051107422,0.5,108.531881746549,0.5,0.366451612903226,0.309411764705882,-1.25060535564918,0.149304371783444,1.39360883036402,12.5001778719097,13.9000875993423,-0.951295947543485,1.69291823846972,18.5109651751989
5,0.4,45,89.864105953441,NA,110.733287578328,0.5,106.668905951033,0.5,112.782794940693,0.5,154.178414097047,0.5,110.847086558621,0.5,112.133950942484,0.5,141.322015976831,0.5,112.087704111534,0.5,0.653333333333333,0.604444444444444,-0.648843998209287,-12.8563981202155,1.24061755291255,41.3956191563534,29.1880650343472,-1.93570838207197,-0.0462468309501247,34.6531100257978
5,0.4,46,85.4145833415256,NA,109.744181978041,0.5,107.167033356018,0.5,111.671546084583,0.5,111.872250967879,0.5,111.171650658084,0.5,110.834380317592,0.5,111.514217253251,0.5,111.393217659882,0.5,0.238918918918919,0.222105263157895,-0.837165766990807,-0.358033714627311,0.221567001797766,0.200704883295487,0.679836935658983,-0.499895426499293,0.55883734228928,4.34718389723341
5,0.4,47,81.1892117137457,NA,106.56683993548,0.5,104.810359163461,0.5,107.645106856803,0.5,108.417233850097,0.5,106.886457331295,0.5,108.175625060284,0.5,107.851956015083,0.5,106.245346743156,0.5,0.110909090909091,0.0924444444444446,0.530518203480796,-0.565277835013603,-0.641110588139398,0.772126993293952,-0.323669045200447,-0.758649525507494,-1.93027831712769,3.04159685162263
5,0.4,48,86.5080650286883,NA,110.814730010202,0.5,107.288014228784,0.5,111.232595924908,0.5,113.588016983187,0.5,110.495778157325,0.5,112.614247307338,0.5,112.611379594108,0.5,111.46252032653,0.5,0.148292682926829,0.117209302325581,1.38165138242928,-0.976637389078732,0.966742169204764,2.35542105827884,-0.002867713229179,-0.736817767583162,-1.15172698080768,5.32336536532405
5,0.4,49,85.4813286992015,NA,109.52480767664,0.5,106.391918464698,0.5,112.550118296322,0.5,113.000618109809,0.5,111.021831125017,0.5,113.169146454948,0.5,112.917994591812,0.5,111.685210881253,0.5,0.167,0.166,0.619028158626634,-0.0826235179963959,0.663379756235827,0.450499813487085,-0.251151863135945,-1.52828717130487,-1.48393557369567,6.52607612711404
5,0.4,50,80.8567388007878,NA,101.729166971134,0.5,97.0729694814537,0.5,102.973649735273,0.5,103.561514406092,0.5,103.088000262095,0.5,102.952418691853,0.5,103.925944326991,0.5,103.009198428043,0.5,0.103636363636364,0.103636363636364,-0.0212310434201584,0.364429920898999,-0.0788018340523564,0.587864670819243,0.973525635138401,0.114350526821809,0.0567797361896112,6.85297484553763
20,0.4,1,84.0812033176961,NA,108.738200383692,0.5,106.027843141543,0.5,109.737332742471,0.5,109.252614293359,0.5,109.099626087866,0.5,109.071645709111,0.5,108.453663294225,0.5,109.254979385688,0.5,0.088888888888889,0.088888888888889,-0.665687033360399,-0.798950999133552,0.155353297822089,-0.484718449112535,-0.617982414885688,-0.637706654605154,0.183333676577334,2.4258201526825
20,0.4,2,89.8205690934302,NA,115.189709357578,0.5,112.923976579115,0.5,115.349859232918,0.5,115.685242240388,0.5,116.153609194348,0.5,116.216308881082,0.5,115.841226723848,0.5,116.180273437715,0.5,0.117209302325581,0.103636363636364,0.866449648164547,0.15598448345969,0.0266642433672075,0.335383007470156,-0.375082157234701,0.803749961430512,-0.0360354433668277,2.91725014473212
20,0.4,3,81.1587860555926,NA,101.886854633085,0.5,95.7205013083778,0.5,102.916477015661,0.5,102.414302632601,0.5,101.92307835962,0.5,102.721154621848,0.5,102.681080856416,0.5,101.682217436425,0.5,0.103636363636364,0.116363636363636,-0.195322393812901,0.266778223814924,-0.240860923195328,-0.502174383060222,-0.0400737654323962,-0.99339865604118,-1.03893718542361,6.96057954803798
20,0.4,4,92.8430195402,NA,119.625988578706,0.5,119.87041747088,0.5,119.126998339969,0.5,119.825980015992,0.5,120.219209753001,0.5,119.149991989974,0.5,119.107527268768,0.5,119.62324924337,0.5,0.103636363636364,0.103636363636364,0.0229936500053469,-0.718452747224433,-0.595960509630729,0.698981676022868,-0.0424647212069118,1.09221141303213,0.473257253396056,-0.762890202112914
20,0.4,5,88.7041135393562,NA,110.928470386738,0.5,108.876718051309,0.5,112.630808820551,0.5,112.434365319605,0.5,113.018118734898,0.5,112.159200340144,0.5,113.218864621819,0.5,112.201044789445,0.5,0.15,0.12952380952381,-0.471608480406928,0.784499302213916,-0.817073945453544,-0.196443500945463,1.05966428167538,0.387309914347696,0.041844449301081,4.34214657051017
20,0.4,6,97.88236553037,NA,125.199599682909,0.5,125.683288946757,0.5,127.793705063129,0.5,126.039360958661,0.5,126.274239016968,0.5,126.834921240201,0.5,126.945908713727,0.5,126.600892882581,0.5,0.12952380952381,0.12952380952381,-0.958783822927657,0.906547755065617,0.326653865612656,-1.75434410446765,0.110987473525626,-1.519466046161,-0.234028357620687,1.26261976696986
20,0.4,7,86.0186323436976,NA,114.212123147294,0.5,113.203134432568,0.5,117.065752171372,0.5,116.9358793295,0.5,116.227735260135,0.5,116.814444368788,0.5,117.332603142606,0.5,117.491923247727,0.5,0.088888888888889,0.088888888888889,-0.251307802583895,0.396723813106306,1.2641879875921,-0.129872841872057,0.518158773818143,-0.838016911236764,0.677478878939226,4.12946871003835
20,0.4,8,82.4558292688787,NA,107.316931810719,0.5,105.806690194171,0.5,107.618338853762,0.5,107.740289247286,0.5,106.483537275938,0.5,107.546789571034,0.5,107.255736759477,0.5,107.029557918841,0.5,0.0730434782608695,0.088888888888889,-0.071549282728256,-0.484552487809566,0.546020642902775,0.121950393524315,-0.291052811556995,-1.13480157782359,-0.517231652192564,1.44904656530542
20,0.4,9,83.4496976828367,NA,110.412934952637,0.5,107.236177792057,0.5,113.638155186876,0.5,114.187188858277,0.5,111.835208340414,0.5,113.476235132362,0.5,112.497109954325,0.5,114.156330523625,0.5,0.117209302325581,0.103636363636364,-0.161920054513459,-1.69007890395254,2.32112218321069,0.549033671401659,-0.979125178037421,-1.80294684646161,0.68009539126254,5.26093216226816
20,0.4,10,75.1566348224014,NA,98.6344050719202,0.5,95.3671017370569,0.5,99.0121007890956,0.5,98.6730784605763,0.5,98.8380898767211,0.5,98.3290019742351,0.5,99.275301942396,0.5,99.1040482047514,0.5,0.0561702127659576,0.0730434782608695,-0.683098814860415,0.602223481819664,0.26595832803028,-0.339022328519263,0.946299968160815,-0.17401091237447,0.775046230516224,3.90820020533901
20,0.4,11,73.1946339689589,NA,95.5396906285854,0.5,90.2651590891734,0.5,95.2246849552561,0.5,95.0493789503129,0.5,94.8043118781679,0.5,95.0374432572268,0.5,94.600094567755,0.5,94.2593915019059,0.5,0.0756521739130434,0.0756521739130434,-0.187241698029254,-0.449284382557948,-0.544920376261956,-0.175306004943167,-0.437348689471861,-0.4203730770882,-0.778051755320902,4.33493547858156
20,0.4,12,80.4573164028082,NA,103.602075581286,0.5,100.329958309023,0.5,104.820924878752,0.5,106.371999324846,0.5,104.40944211755,0.5,105.055847494016,0.5,104.969064643454,0.5,104.765353723081,0.5,0.088888888888889,0.0730434782608695,0.234922615263955,-1.40293468139197,0.355911605530622,1.55107444609361,-0.0867828505623152,-0.411482761202009,-0.290493770935342,4.63910633443045
20,0.4,13,84.248723706207,NA,108.113977221369,0.5,105.017919129597,0.5,109.252013339008,0.5,109.763734462098,0.5,108.690580002191,0.5,109.58862543905,0.5,109.576695586641,0.5,109.277471722787,0.5,0.131162790697674,0.126511627906977,0.336612100041791,-0.187038875457134,0.586891720596782,0.511721123089529,-0.0119298524093949,-0.561433336817771,-0.31115371626278,4.55877645704344
20,0.4,14,85.349680600568,NA,112.142878134599,0.5,107.913081955061,0.5,111.857091180678,0.5,110.901759063114,0.5,112.242623780507,0.5,112.047153060525,0.5,112.853111766818,0.5,111.856938754178,0.5,0.0924444444444446,0.0561702127659576,0.190061879847491,1.9513527037041,-0.385685026328318,-0.955332117563472,0.80595870629314,0.385532599829006,-0.190214306346803,4.94002981175751
20,0.4,15,98.4108470871269,NA,120.13695660343,0.5,116.955500522771,0.5,120.840212984527,0.5,119.567188010063,0.5,120.742839548839,0.5,120.333206548344,0.5,118.799951445637,0.5,120.673964110815,0.5,0.117209302325581,0.117209302325581,-0.507006436182522,-0.767236564425531,-0.0688754380245342,-1.27302497446431,-1.53325510270732,-0.0973734356877145,0.340757562470273,1.84445092286613
20,0.4,16,89.5004159315506,NA,113.532735108559,0.5,108.910670424132,0.5,113.9807798147,0.5,114.105564055858,0.5,113.524975830508,0.5,113.371855819384,0.5,113.658031170219,0.5,114.082761277987,0.5,0.148292682926829,0.136190476190476,-0.608923995315251,-0.447532885639021,0.557785447479645,0.124784241158594,0.286175350834824,-0.455803984192045,0.710905458602852,4.74736074608767
20,0.4,17,82.6229108805348,NA,109.20040405434,0.5,104.325698034229,0.5,109.754266638165,0.5,109.676911690288,0.5,109.662811131478,0.5,109.53250741367,0.5,110.15100094593,0.5,109.034025681804,0.5,0.0730434782608695,0.0730434782608695,-0.221759224495472,0.474089255641886,-0.628785449673558,-0.0773549478772395,0.618493532260118,-0.0914555066872396,-0.498481731865326,5.82530291170117
20,0.4,18,82.533724462504,NA,105.312644026852,0.5,103.483834392225,0.5,107.072939370181,0.5,106.598545195065,0.5,106.809268539745,0.5,106.760251981065,0.5,106.746313679267,0.5,108.246148378534,0.5,0.0730434782608695,0.0730434782608695,-0.312687389115993,0.147768484202075,1.43687983878827,-0.474394175116203,-0.0139383017981345,-0.26367083043607,1.4858963974682,3.26247928704198
20,0.4,19,94.2616411954613,NA,116.22038367083,0.5,112.807546922651,0.5,117.264076149972,0.5,117.117867979286,0.5,117.03003970956,0.5,118.097656494848,0.5,117.336250950946,0.5,117.590755660579,0.5,0.140487804878049,0.12952380952381,0.833580344875898,0.218382971659764,0.560715951019105,-0.146208170685981,-0.761405543902114,-0.23403644041224,-0.506900834269032,4.5287040282947
20,0.4,20,80.7741269739024,NA,105.16400604117,0.5,102.797186801679,0.5,106.779506359398,0.5,107.959575039993,0.5,106.705857733965,0.5,106.377254026435,0.5,106.871404304839,0.5,105.135628224075,0.5,0.103636363636364,0.088888888888889,-0.402252332962632,-1.08817073515321,-1.57022950988983,1.18006868059497,0.49415027840439,-0.0736486254325399,-1.24162580235974,4.07421750316011
20,0.4,21,93.4974728559607,NA,117.189477356256,0.5,114.7412466869,0.5,120.023421660183,0.5,120.978092091028,0.5,119.105234578671,0.5,118.632893493798,0.5,120.526756402518,0.5,119.572910887967,0.5,0.140487804878049,0.12952380952381,-1.39052816638545,-0.451335688509957,0.467676309296138,0.954670430845326,1.89386290872082,-0.918187081511846,0.940017394169743,5.78550971561805
20,0.4,22,82.8218926527541,NA,107.269916646462,0.5,109.058747357589,0.5,109.796327188287,0.5,110.722962275885,0.5,109.182181905081,0.5,110.136399343812,0.5,111.664280310616,0.5,108.325178100484,0.5,0.103636363636364,0.088888888888889,0.340072155525007,0.941318034731012,-0.857003804596957,0.92663508759891,1.52788096680491,-0.614145283205602,-1.81122124332757,2.60553295302751
20,0.4,23,93.9945367866301,NA,119.605063535032,0.5,119.272512531614,0.5,120.993542077363,0.5,121.747749629632,0.5,120.947836692827,0.5,120.172332148497,0.5,122.770412913663,0.5,120.367462963308,0.5,0.103636363636364,0.088888888888889,-0.82120992886513,1.02266328403023,-0.580373729518641,0.754207552269833,2.59808076516519,-0.0457053845354807,0.195130814811009,3.49790038204864
20,0.4,24,83.1826182416355,NA,104.594238403256,0.5,100.991190981183,0.5,105.677522263657,0.5,105.479811621116,0.5,105.75442569908,0.5,105.634568756097,0.5,105.515147104792,0.5,104.811449101846,0.5,0.0951111111111111,0.0756521739130434,-0.0429535075600427,0.0353354836761781,-0.942976597233738,-0.19771064254094,-0.119421651304719,0.07690343542275,-0.823119654250945,4.52395612360954
20,0.4,25,78.1434259381901,NA,102.563685436741,0.5,99.105565549837,0.5,103.204154232318,0.5,102.60933152549,0.5,102.100084161746,0.5,102.411995599991,0.5,102.667757461538,0.5,100.555055804721,0.5,0.0383333333333333,0.0561702127659576,-0.792158632326363,0.0584259360481241,-1.54502835702526,-0.594822706827571,0.255761861546915,-1.10407007057154,-1.85693979527043,3.5621919117014
20,0.4,26,92.4304569875215,NA,118.134101900894,0.5,119.206670892732,0.499999999999999,120.228561509919,0.5,120.696563143882,0.5,120.277592703358,0.5,119.637750646052,0.5,119.574960636648,0.5,119.186285634184,0.5,0.159,0.117209302325581,-0.590810863867262,-1.12160250723414,-1.09130706917433,0.468001633963226,-0.0627900094036562,0.0490311934393759,-0.451465011867697,0.368289743916336
20,0.4,27,83.8537545362297,NA,105.626691646431,0.5,104.405111205442,0.5,106.785475568623,0.5,107.564160170135,0.5,107.320577509978,0.5,107.624926655239,0.5,107.496040008139,0.5,107.667685950058,0.5,0.12952380952381,0.103636363636364,0.839451086616037,-0.0681201619958358,0.347108440080405,0.778684601512381,-0.128886647099492,0.53510194135508,0.0427592948194473,3.09092880269711
20,0.4,28,83.2653321851345,NA,106.678684115655,0.5,104.465556162108,0.5,108.024308013887,0.5,108.384814394683,0.5,106.980706522733,0.5,107.952992729261,0.5,108.469771041048,0.5,106.7523507733,0.5,0.122790697674419,0.108181818181818,-0.0713152846256975,0.0849566463648017,-0.228355749433092,0.360506380796693,0.516778311787192,-1.04360149115404,-1.20064195596143,4.00421487894002
20,0.4,29,81.536997376275,NA,108.329349151163,0.5,108.177847539143,0.499999999999999,110.093254036269,0.5,108.466979470161,0.5,109.463074120512,0.5,109.670303662909,0.5,109.169753133033,0.5,111.188142059506,0.5,0.088888888888889,0.0730434782608695,-0.422950373360067,0.702773662871209,1.72506793899392,-1.62627456610733,-0.500550529876051,-0.630179915756585,1.5178383965974,0.991905593889683
20,0.4,30,79.0113806792586,NA,101.382714159243,0.5,97.623877678008,0.5,103.547822926609,0.5,103.869179315757,0.5,103.68887976519,0.5,103.56472519971,0.5,103.569997654944,0.5,103.241144443453,0.5,0.136190476190476,0.12952380952381,0.0169022731009676,-0.299181660813048,-0.447735321736815,0.321356389147482,0.00527245523346664,0.141056838580994,-0.323580756256789,5.94611997693551
20,0.4,31,79.5604690629828,NA,102.157097948738,0.5,97.0078554513978,0.5,102.60045470217,0.5,102.441012814612,0.5,101.859903835953,0.5,103.03143229698,0.5,102.631714475307,0.5,102.415920616591,0.5,0.103636363636364,0.096888888888889,0.430977594810415,0.190701660695296,0.55601678063789,-0.15944188755789,-0.399717821673008,-0.740550866216239,-0.615511680388764,5.62385902390932
20,0.4,32,88.3604317744256,NA,115.815078769995,0.5,110.22460038938,0.5,117.610514980994,0.5,116.784142438384,0.5,117.241676932031,0.5,116.424618453269,0.5,117.836959058516,0.5,116.858442895772,0.5,0.103636363636364,0.088888888888889,-1.18589652772468,1.05281662013192,-0.383234036258415,-0.826372542609377,1.41234060524722,-0.3688380489629,0.433824442503365,7.61235866913596
20,0.4,33,87.4573378425784,NA,110.545147666951,0.5,108.83542205374,0.5,111.283324247257,0.5,110.768861484227,0.5,111.159843514214,0.5,110.424852798029,0.5,110.084393630317,0.5,109.708274088916,0.5,0.17578947368421,0.167,-0.858471449227267,-0.684467853910562,-1.45156942529802,-0.514462763029442,-0.340459167712737,-0.12348073304284,-0.716578709113591,1.24897157657657
20,0.4,34,87.0341257874078,NA,113.052350255035,0.5,111.122045056367,0.5,113.433243889894,0.5,117.461774332429,0.5,115.668218810219,0.5,114.464213338138,0.5,113.475609586132,0.5,115.820906640085,0.5,0.117209302325581,0.103636363636364,1.03096944824482,-3.98616474629746,0.152687829866707,4.02853044253558,-0.988603752006696,2.23497492032516,1.35669330194705,2.35356452976421
20,0.4,35,90.9743215335107,NA,116.572186095135,0.5,114.14849247393,0.5,117.856778307651,0.5,125.017681862503,0.5,118.796052853875,0.5,120.773669368929,0.5,122.437863791913,0.5,118.577706021526,0.5,0.158048780487805,0.148292682926829,2.91689106127718,-2.57981807059076,-0.2183468323488,7.16090355485197,1.66419442298402,0.939274546223473,-2.19596334740251,8.28937131798303
20,0.4,36,88.7369831411652,NA,110.126671593859,0.5,108.216398710837,0.5,112.154826606166,0.5,111.233151297715,0.5,110.984524143391,0.5,112.522342262238,0.5,111.79971399985,0.5,111.075687482455,0.5,0.12952380952381,0.088888888888889,0.367515656072015,0.566562702134405,0.0911633390646642,-0.921675308450901,-0.722628262388511,-1.17030246277567,-1.44665477978302,3.58331528901284
20,0.4,37,84.0844496872529,NA,107.337304833711,0.5,102.729519566796,0.5,106.316328251286,0.5,104.694928609472,0.5,107.463875857974,0.5,107.379938346341,0.5,106.067218334284,0.5,106.718543232765,0.5,0.232631578947368,0.156190476190476,1.06361009505548,1.37228972481113,-0.745332625208832,-1.62139964181348,-1.31272001205784,1.14754760668809,-0.661395113576219,3.33769876748762
20,0.4,38,84.9751390138024,NA,105.623799166012,0.5,101.51667534951,0.5,106.984392535537,0.5,106.761366922634,0.5,106.30236860713,0.5,107.125470884633,0.5,106.459259093345,0.5,106.823093313268,0.5,0.12952380952381,0.117209302325581,0.141078349096162,-0.302107829288175,0.520724706138495,-0.223025612903186,-0.666211791287523,-0.682023928406778,-0.302377571364445,4.94258374383556
20,0.4,39,79.7394309247993,NA,101.298873259509,0.5,98.5804302616752,0.5,102.191689683044,0.5,102.24246003239,0.5,100.985076864363,0.5,101.895707716432,0.5,102.160090873993,0.5,101.01448719278,0.5,0.117209302325581,0.103636363636364,-0.295981966612359,-0.0823691583973982,0.0294103284167306,0.0507703493461804,0.264383157561142,-1.20661281868074,-0.881220523651649,3.57966061231761
20,0.4,40,85.5857070255288,NA,107.823506530512,0.5,104.754189645779,0.5,108.748339141328,0.5,107.350028935744,0.5,108.38250800013,0.5,108.02583856755,0.5,106.569162098432,0.5,108.560174956759,0.5,0.103636363636364,0.231578947368421,-0.722500573778731,-0.780866837312246,0.177666956629409,-1.39831020558385,-1.45667646911737,-0.365831141198555,0.534336389209585,1.81497245265334
20,0.4,41,88.839693879905,NA,118.164287319212,0.5,117.938572614128,0.5,118.679855399409,0.5,117.694422270376,0.5,117.512744777389,0.5,117.530177138767,0.5,119.593142818503,0.5,119.338996296394,0.5,0.111818181818182,0.0730434782608695,-1.14967826064171,1.89872054812689,1.82625151900497,-0.985433129033424,2.06296567973517,-1.16711062201992,1.80881915762676,1.65457020437495
20,0.4,42,88.529987696364,NA,118.380607432857,0.5,115.734060424249,0.5,121.0165591649,0.5,119.390812676686,0.5,120.286285612317,0.5,119.929842181469,0.5,121.225494105123,0.5,119.905038557663,0.5,0.103636363636364,0.088888888888889,-1.08671698343025,1.83468142843648,-0.381247054654182,-1.62574648821354,1.2956519236532,-0.730273552582389,-0.0248036238063207,5.49143368087307
20,0.4,43,84.3741328810526,NA,106.913381309927,0.5,105.071254829493,0.5,107.683621195201,0.5,107.458620479515,0.5,106.945483257541,0.5,107.784059856491,0.5,108.217405390524,0.5,107.263697140369,0.5,0.140487804878049,0.117209302325581,0.100438661290298,0.758784911009187,0.318213882828033,-0.225000715686519,0.43334553403237,-0.738137937659829,-0.520362716122094,3.14615056103051
20,0.4,44,85.9780486272438,NA,106.068037154024,0.5,102.228085932223,0.5,108.089568863729,0.5,107.630739015511,0.5,107.138272916185,0.5,106.83896350808,0.5,107.9715356761,0.5,108.531881746549,0.5,0.157948717948718,0.157948717948718,-1.25060535564918,0.340796660588751,1.39360883036402,-0.458829848217349,1.13257216802059,-0.951295947543485,1.69291823846972,5.74344974387715
20,0.4,45,89.864105953441,NA,110.733287578328,0.5,106.668905951033,0.5,112.782794940693,0.5,151.10778951598,0.5,110.847086558621,0.5,112.133950942484,0.5,138.37172238361,0.5,112.087704111534,0.5,0.534545454545455,0.48,-0.648843998209287,-12.7360671323704,1.24061755291255,38.3249945752871,26.237771441126,-1.93570838207197,-0.0462468309501247,31.7028164325765
20,0.4,46,85.4145833415256,NA,109.744181978041,0.5,107.167033356018,0.5,111.671546084583,0.5,111.043112291174,0.5,111.171650658084,0.5,110.834380317592,0.5,110.921859638862,0.5,111.393217659882,0.5,0.140952380952381,0.126511627906977,-0.837165766990807,-0.121252652311725,0.221567001797766,-0.628433793409116,0.0874793212699672,-0.499895426499293,0.55883734228928,3.75482628284439
20,0.4,47,81.1892117137457,NA,106.56683993548,0.5,104.810359163461,0.5,107.645106856803,0.5,107.915472400027,0.5,106.886457331295,0.5,108.175625060284,0.5,107.226515101793,0.5,106.245346743156,0.5,0.0730434782608695,0.0730434782608695,0.530518203480796,-0.688957298234513,-0.641110588139398,0.270365543224173,-0.949109958491135,-0.758649525507494,-1.93027831712769,2.41615593833194
20,0.4,48,86.5080650286883,NA,110.814730010202,0.5,107.288014228784,0.5,111.232595924908,0.5,111.07822880202,0.5,110.495778157325,0.5,112.614247307338,0.5,111.42536960095,0.5,111.46252032653,0.5,0.103636363636364,0.088888888888889,1.38165138242928,0.34714079893017,0.966742169204764,-0.154367122888758,-1.18887770638787,-0.736817767583162,-1.15172698080768,4.13735537216536
20,0.4,49,85.4813286992015,NA,109.52480767664,0.5,106.391918464698,0.5,112.550118296322,0.5,112.98534601149,0.5,111.021831125017,0.5,113.169146454948,0.5,112.241090427553,0.5,111.685210881253,0.5,0.12952380952381,0.12952380952381,0.619028158626634,-0.744255583936948,0.663379756235827,0.435227715168622,-0.928056027394959,-1.52828717130487,-1.48393557369567,5.84917196285502
20,0.4,50,80.8567388007878,NA,101.729166971134,0.5,97.0729694814537,0.5,102.973649735273,0.5,103.197453163038,0.5,103.088000262095,0.5,102.952418691853,0.5,103.836619857369,0.5,103.009198428043,0.5,0.103636363636364,0.103636363636364,-0.0212310434201584,0.639166694330214,-0.0788018340523564,0.223803427765375,0.884201165515748,0.114350526821809,0.0567797361896112,6.76365037591498
0.1,0.65,1,86.0967566032317,NA,112.397569005964,0.5,109.476478950171,0.5,113.395253162533,0.5,119.922069281596,0.5,112.768919078564,0.5,112.757368995662,0.5,119.819209293853,0.5,112.771196299181,0.5,0.375384615384615,0.368571428571429,-0.637884166870464,-0.102859987743457,0.00227722061781321,6.52681611906368,7.06184029819069,-0.626334083968956,0.0138273035193208,10.3427303436813
0.1,0.65,2,92.0842750283556,NA,119.046262863673,0.5,116.533676013565,0.5,119.169107709852,0.5,127.905209578374,0.5,119.977678108821,0.5,120.061011210974,0.5,127.912734628429,0.5,120.01797237684,0.5,0.396,0.398095238095238,0.891903501122016,0.00752505005422677,0.0402942680188971,8.73610186852233,7.85172341745454,0.808570398968868,-0.0430388341342507,11.379058614863
0.1,0.65,3,83.6496157747652,NA,105.956613823367,0.5,99.4050400254075,0.5,107.03977769275,0.5,110.552010254461,0.5,106.015175310275,0.5,106.846125831507,0.5,110.079727725999,0.5,105.917425589695,0.5,0.2575,0.201081081081081,-0.193651861242216,-0.472282528461406,-0.0977497205794293,3.51223256171092,3.23360189449173,-1.02460238247468,-0.928700241811896,10.6746877005916
0.1,0.65,4,95.1377670437846,NA,123.472852162874,0.5,123.488200928101,0.5,123.031893447781,0.5,137.549009002924,0.5,124.080792155421,0.5,123.011444225754,0.5,136.651403245041,0.5,123.497383225444,0.5,0.427368421052632,0.386666666666667,-0.0204492220270964,-0.897605757882985,-0.583408929977253,14.5171155551429,13.639959019287,1.04889870764002,0.485938999689864,13.1632023169404
0.1,0.65,5,91.4518953490771,NA,115.195043215202,0.5,112.979611047782,0.5,116.956034743936,0.5,122.991574748722,0.5,117.337983362866,0.5,116.486751156631,0.5,122.996839202923,0.5,116.544390352622,0.5,0.365,0.34,-0.469283587304972,0.0052644542007414,-0.793593010243328,6.03554000478617,6.51008804629188,0.381948618929627,0.0576391959912712,10.017228155141
0.1,0.65,6,100.206133271932,NA,129.106378492184,0.5,129.468329354461,0.5,131.660458414383,0.5,139.575286784394,0.5,130.152117503517,0.5,130.717877084775,0.5,139.478365131289,0.5,130.50939915593,0.5,0.396190476190476,0.372173913043478,-0.942581329607577,-0.0969216531055963,0.357281652413008,7.91482837001132,8.7604880465133,-1.5083409108662,-0.20847792884561,10.0100357768275
0.1,0.65,7,87.8233852876827,NA,117.561828570627,0.5,116.292364116114,0.5,120.378163129337,0.5,135.756568410401,0.5,119.511334234764,0.5,120.119950146861,0.5,135.937492789533,0.5,120.758822698038,0.5,0.446153846153846,0.482666666666667,-0.258212982476081,0.180924379132193,1.24748846327468,15.3784052810632,15.8175426426715,-0.866828894573587,0.638872551177172,19.6451286734188
0.1,0.65,8,84.6624862572035,NA,111.071532408612,0.5,109.388082876288,0.5,111.422817278505,0.5,119.950634128448,0.5,110.223237267567,0.5,111.329809202368,0.5,119.927102736904,0.5,110.809017060919,0.5,0.380869565217391,0.3616,-0.0930080761373233,-0.0235313915436279,0.585779793352145,8.52781684994306,8.59729353453676,-1.19958001093848,-0.520792141449007,10.5390198606166
0.1,0.65,9,85.7260541669818,NA,114.147347379072,0.5,110.770169068553,0.5,117.447014577043,0.5,129.09971620672,0.5,115.609668634029,0.5,117.275557752432,0.5,128.910996262801,0.5,117.923321176797,0.5,0.385,0.385882352941177,-0.171456824610431,-0.188719943918272,2.31365254276815,11.6527016296769,11.635438510369,-1.83734594301383,0.647763424364754,18.140827194248
0.1,0.65,10,77.0057765536469,NA,102.149150732468,0.5,98.6569098890055,0.5,102.516389611957,0.5,105.90187464114,0.5,102.335553037484,0.5,101.830446717778,0.5,105.727770480993,0.5,102.601048504409,0.5,0.25875,0.236571428571429,-0.685942894178922,-0.174104160146399,0.265495466925088,3.38548502918253,3.89732376321506,-0.180836574473417,0.770601786630593,7.07086059198785
0.1,0.65,11,75.0088022688905,NA,99.0292003520987,0.5,93.4835476921433,0.5,98.7217328186821,0.5,101.853414973938,0.5,98.2675128338042,0.5,98.4981345823325,0.5,102.07119986464,0.5,97.6825328433441,0.5,0.242222222222222,0.237777777777778,-0.223598236349588,0.217784890701992,-0.584979990460084,3.1316821552564,3.57306528230798,-0.454219984877895,-0.815601738988391,8.58765217249716
0.1,0.65,12,82.5970064474581,NA,107.347473027811,0.5,103.828311472388,0.5,108.597637504827,0.5,114.094170395981,0.5,108.172761353616,0.5,108.844227526319,0.5,114.11750166752,0.5,108.520551464417,0.5,0.361538461538461,0.346666666666667,0.246590021492295,0.0233312715388223,0.347790110801142,5.49653289115436,5.27327414120089,-0.424876151211507,-0.32367606190266,10.2891901951319
0.1,0.65,13,86.6499133018207,NA,112.102122289807,0.5,108.798933893125,0.5,113.289670117088,0.5,118.263498218028,0.5,112.72692754025,0.5,113.620279680299,0.5,118.324370701626,0.5,113.320296001275,0.5,0.338461538461538,0.297333333333333,0.33060956321097,0.0608724835981178,0.593368461025037,4.97382810093913,4.70409102132628,-0.562742576838843,-0.299983679024777,9.52543680850042
0.1,0.65,14,87.1771122465449,NA,115.613668459676,0.5,111.200277020622,0.5,115.283006156059,0.5,122.604388930149,0.5,115.686747632312,0.5,115.5049282495,0.5,122.825312963942,0.5,115.289525351514,0.5,0.380869565217391,0.3728,0.221922093440696,0.220924033793182,-0.397222280797862,7.32138277409038,7.32038471444287,0.403741476253145,-0.215402897985413,11.6250359433201
0.1,0.65,15,101.382888759485,NA,124.669702978943,0.5,121.251978277407,0.5,125.399545089817,0.5,132.539620848919,0.5,125.236866166499,0.5,124.882401354037,0.5,132.65244294014,0.5,125.239943432584,0.5,0.419130434782609,0.398333333333333,-0.51714373578038,0.112822091220494,0.00307726608491521,7.1400757591021,7.77004158610298,-0.162678923318481,0.357542078546814,11.4004646627327
0.1,0.65,16,91.8865200803499,NA,117.523556094553,0.5,112.700538737368,0.5,117.970673988618,0.5,125.111311832805,0.5,117.531098858022,0.5,117.39234366092,0.5,124.958719147646,0.5,118.102733427601,0.5,0.369090909090909,0.340740740740741,-0.578330327697941,-0.152592685159163,0.571634569578933,7.14063784418765,7.56637548672643,-0.439575130595543,0.710389766681331,12.2581804102782
0.1,0.65,17,84.5372290633,NA,112.733148029442,0.5,107.588549469604,0.5,113.293103764131,0.5,119.689435846018,0.5,113.185986664614,0.5,113.033301953849,0.5,119.647153836878,0.5,112.520360741564,0.5,0.346086956521739,0.3328,-0.259801810282426,-0.042282009139754,-0.665625923050783,6.39633208188647,6.61385188302914,-0.107117099517026,-0.512941212285384,12.0586043672743
0.1,0.65,18,84.8958139315248,NA,109.230060620469,0.5,107.159837044593,0.5,111.061366551573,0.5,119.469612465268,0.5,110.767827934481,0.5,110.724638241949,0.5,119.280580814674,0.5,112.043685455725,0.5,0.455238095238095,0.448695652173913,-0.336728309624803,-0.189031650593265,1.2758575212444,8.40824591369422,8.55594257272575,-0.293538617092608,1.3190472137766,12.1207437700814
0.1,0.65,19,97.1742559351311,NA,120.742282099112,0.5,117.199439151431,0.5,121.763817064803,0.5,124.692266711385,0.5,121.591041189746,0.5,122.693395719358,0.5,124.637249521033,0.5,122.172002674906,0.5,0.309333333333333,0.255757575757576,0.92957865455567,-0.0550171903512648,0.580961485159946,2.92844964658205,1.94385380167512,-0.172775875056914,-0.521393044452637,7.43781036960277
0.1,0.65,20,82.9460165838294,NA,108.887351343257,0.5,106.337541758361,0.5,110.53849333121,0.5,120.286973160246,0.5,110.455557672348,0.5,110.128582789217,0.5,120.187045556407,0.5,108.803594623701,0.5,0.449090909090909,0.4064,-0.409910541992474,-0.0999276038387791,-1.65196304864698,9.74847982903637,10.0584627671901,-0.0829356588613308,-1.32498816551583,13.8495037980464
0.1,0.65,21,96.2712625666299,NA,121.48015805429,0.5,118.861432553858,0.5,124.383365534812,0.5,132.271694385368,0.5,123.406020113491,0.5,122.957524626126,0.5,132.106738174316,0.5,123.796847229098,0.5,0.398,0.375,-1.42584090868627,-0.164956211052299,0.390827115606257,7.88832885055598,9.14921354818995,-0.977345421320479,0.839322602972047,13.2453056204576
0.1,0.65,22,85.0065102231291,NA,111.023356879642,0.5,112.588588557442,0.5,113.534261331954,0.5,128.002161002352,0.5,112.90035318697,0.5,113.881765892661,0.5,127.795092114899,0.5,111.946107210592,0.5,0.542857142857143,0.535,0.347504560706625,-0.207068887453346,-0.954245976377905,14.467899670398,13.913326222238,-0.63390814498463,-1.93565868206916,15.2065035574567
0.1,0.65,23,96.3178272030563,NA,123.517782090849,0.5,122.982064929213,0.5,124.92630017951,0.5,134.602063304432,0.5,124.880012538888,0.5,124.123444071492,0.5,134.679498996683,0.5,124.320238946168,0.5,0.466666666666667,0.465454545454546,-0.802856108018048,0.0774356922509867,-0.559773592719992,9.67576312492113,10.5560549251902,-0.0462876406219834,0.196794874676073,11.6974340674692
0.1,0.65,24,85.8974808255101,NA,108.897908562215,0.5,105.117053435621,0.5,110.023052324198,0.5,113.611164871302,0.5,110.090969107949,0.5,109.983550684762,0.5,113.519329824369,0.5,109.147576995806,0.5,0.29125,0.267428571428572,-0.0395016394365229,-0.0918350469332978,-0.943392112143158,3.58811254710385,3.53577913960707,0.0679167837510732,-0.835973688955562,8.40227638874769
0.1,0.65,25,79.9854855288145,NA,106.044943926763,0.5,102.271087389269,0.5,106.658044054258,0.5,116.36868827373,0.5,105.563655343161,0.5,105.887564489625,0.5,115.739297453884,0.5,103.982668439777,0.5,0.494736842105263,0.4128,-0.770479564632566,-0.629390819846165,-1.58098690338416,9.71064421947234,9.85173296425874,-1.09438871109654,-1.90489604984813,13.4682100646146
0.1,0.65,26,94.7031187261566,NA,121.99474000851,0.5,122.844449709866,0.499999999999999,124.101176323517,0.5,139.091933884503,0.5,124.086631071443,0.5,123.519605970994,0.5,138.992187747104,0.5,122.703763462207,0.5,0.568571428571429,0.538823529411765,-0.581570352522263,-0.099746137399535,-1.38286760923638,14.9907575609866,15.4725817761093,-0.0145452520734466,-0.815842508787568,16.1477380372375
0.1,0.65,27,86.4207547983092,NA,109.722032576658,0.5,108.354898595619,0.5,110.922884928174,0.5,119.848811921794,0.5,111.440332661329,0.5,111.792947706868,0.5,119.821436663269,0.5,111.792294398751,0.5,0.443809523809524,0.422608695652174,0.870062778693878,-0.0273752585244154,0.351961737421803,8.92592699361984,8.02848895640155,0.517447733155024,-0.000653308117051665,11.4665380676499
0.1,0.65,28,85.6244716267189,NA,110.6271380737,0.5,108.233249124385,0.5,112.033614555379,0.5,116.780089787076,0.5,110.973567388612,0.5,111.657099781349,0.5,116.629759509704,0.5,110.75495085465,0.5,0.3344,0.32,-0.376514774029815,-0.150330277371637,-0.218616533961921,4.74647523169645,4.97265972835463,-1.06004716676723,-0.90214892669934,8.39651038531957
0.1,0.65,29,83.3192148618394,NA,111.726342847147,0.5,111.346330098219,0.499999999999999,113.437894067208,0.5,123.574826426177,0.5,112.791072209084,0.5,112.999797911314,0.5,123.519649493321,0.5,114.495812914481,0.5,0.463529411764706,0.432380952380952,-0.438096155894499,-0.055176932855943,1.70474070539686,10.136932358969,10.5198515820076,-0.646821858124099,1.49601500316726,12.1733193951024
0.1,0.65,30,81.4308172253701,NA,105.36392433305,0.5,101.340159223921,0.5,107.622765409038,0.5,111.33189113588,0.5,107.738818140448,0.5,107.640229998553,0.5,111.288570305551,0.5,107.289073493622,0.5,0.366153846153846,0.321333333333333,0.0174645895149297,-0.0433208303287671,-0.449744646826403,3.70912572684146,3.64834030699777,0.116052731410079,-0.351156504931254,9.9484110816301
0.1,0.65,31,81.6990060265867,NA,105.945255842782,0.5,100.411855524619,0.5,106.371663477261,0.5,110.084970542851,0.5,105.648293052322,0.5,106.848605562865,0.5,110.149023665968,0.5,106.212468790134,0.5,0.298064516129032,0.28375,0.476942085603795,0.0640531231173185,0.56417573781269,3.71330706558953,3.30041810310306,-0.723370424939418,-0.636136772730524,9.73716814134917
0.1,0.65,32,90.517698753767,NA,119.579149549918,0.5,113.780215316104,0.5,121.411983260013,0.5,127.85491262949,0.5,120.9998132346,0.5,120.242395000501,0.5,127.594895669142,0.5,120.643778870445,0.5,0.420869565217391,0.376923076923077,-1.16958825951228,-0.260016960348111,-0.356034364154851,6.44292936947703,7.3525006686412,-0.412170025413346,0.401383869944084,13.8146803530377
0.1,0.65,33,89.8618860518338,NA,114.581559813042,0.5,112.686295007169,0.5,115.323935394301,0.5,119.842706128514,0.5,115.180455243429,0.5,114.417959774105,0.5,119.972406477875,0.5,113.656051648865,0.5,0.342857142857143,0.308387096774194,-0.905975620195647,0.129700349361329,-1.52440359456385,4.51877073421282,5.5544467037698,-0.143480150871554,-0.761908125239756,7.2861114707061
0.1,0.65,34,89.209574231922,NA,116.781123856441,0.5,114.572139118164,0.5,117.212067466121,0.5,136.903522513107,0.5,119.397028771962,0.5,118.187808277256,0.5,137.596694636267,0.5,119.513333398944,0.5,0.472941176470588,0.603333333333333,0.975740811134571,0.693172123159911,0.116304626982085,19.691455046986,19.4088863590113,2.18496130584073,1.32552512168824,23.0245555181034
0.1,0.65,35,93.3071384763807,NA,120.482928906117,0.5,117.824539707271,0.5,121.796109526346,0.5,143.632952508602,0.5,122.706357693733,0.5,124.61716874139,0.5,142.136448700405,0.5,122.449972725717,0.5,0.492631578947369,0.543157894736842,2.82105921504377,-1.49650380819665,-0.256384968015922,21.8368429822553,17.5192799590149,0.910248167386655,-2.16719601567304,24.3119089931338
0.1,0.65,36,91.371284963141,NA,114.370768389197,0.5,112.181675477442,0.5,116.45452836603,0.5,118.702366103329,0.5,115.262736087983,0.5,116.820708526683,0.5,119.012014904282,0.5,115.350365668807,0.5,0.343703703703704,0.2875,0.366180160652704,0.309648800952729,0.0876295808240855,2.24783773729861,2.19130637759864,-1.19179227804769,-1.4703428578763,6.83033942684015
0.1,0.65,37,86.3430818369266,NA,111.237277810458,0.5,106.370541436792,0.5,110.200464977786,0.5,114.822299408386,0.5,111.381598816876,0.5,111.307175773292,0.5,114.829934673814,0.5,110.60152622047,0.5,0.268387096774193,0.24375,1.10671079550613,0.00763526542706927,-0.780072596405574,4.62183443060086,3.52275890052179,1.18113383909011,-0.705649552821598,8.45939323702198
0.1,0.65,38,87.6138549690837,NA,109.861698184567,0.5,105.505692950118,0.5,111.266847596783,0.5,113.941135176343,0.5,110.557738591388,0.5,111.427009227144,0.5,113.739183837228,0.5,111.103620449303,0.5,0.259354838709677,0.229411764705882,0.160161630360648,-0.201951339115396,0.545881857915461,2.67428757956033,2.31217461008428,-0.709109005395248,-0.323388777840435,8.23349088710978
0.1,0.65,39,82.0831508938677,NA,105.25268100714,0.5,102.348795768416,0.5,106.136425873841,0.5,110.185382883344,0.5,104.887332309632,0.5,105.878918216352,0.5,110.122426881831,0.5,104.935298632984,0.5,0.32,0.276470588235294,-0.257507657489299,-0.0629560015134416,0.0479663233520995,4.04895700950296,4.24350866547881,-1.24909356420937,-0.943619583367976,7.77363111341528
0.1,0.65,40,87.9576195173441,NA,111.794097071639,0.5,108.548453731592,0.5,112.730610592156,0.5,118.825912937937,0.5,112.350464650582,0.5,112.831721173013,0.5,118.759300244214,0.5,112.575365689773,0.5,0.382608695652174,0.363076923076923,0.101110580857181,-0.0666126937230587,0.224901039191721,6.09530234578139,5.92757907120115,-0.380145941574,-0.25635548323946,10.2108465126224
0.1,0.65,41,90.6962419671955,NA,121.592887118183,0.5,121.166290363961,0.5,122.06601763787,0.5,133.586928215063,0.5,120.933835327858,0.5,120.867679435299,0.5,133.791696215072,0.5,122.680017710201,0.5,0.43764705882353,0.434,-1.19833820257026,0.204768000008926,1.74618238234353,11.5209105771931,12.9240167797723,-1.1321823100118,1.81233827490199,12.6254058511102
0.1,0.65,42,90.310036546367,NA,121.740276404449,0.5,118.934347576838,0.5,124.378207277771,0.5,132.071725736616,0.5,123.666338611841,0.5,123.28048856276,0.5,132.184552036212,0.5,123.271701119727,0.5,0.338947368421053,0.329090909090909,-1.09771871501093,0.112826299596037,-0.394637492113986,7.69351845884519,8.90406347345215,-0.711868665929998,-0.00878744303305723,13.250204459374
0.1,0.65,43,86.5409456762462,NA,110.715553542061,0.5,108.679652188423,0.5,111.504874767148,0.5,115.703961160302,0.5,110.751057530811,0.5,111.615411516138,0.5,115.536704324298,0.5,111.084186201157,0.5,0.422608695652174,0.316129032258065,0.110536748990413,-0.167256836004455,0.3331286703459,4.19908639315442,3.92129280815955,-0.753817236336147,-0.531225314980659,6.85705213587464
0.1,0.65,44,88.7609012023387,NA,110.413157515762,0.5,106.299238621171,0.5,112.488041866683,0.5,127.683543553403,0.5,111.540649508612,0.5,111.261173909369,0.5,127.271062026255,0.5,112.883536841827,0.5,0.527619047619048,0.4592,-1.22686795731403,-0.412481527148628,1.342887333215,15.1955016867206,16.009888116886,-0.947392358070417,1.62236293245861,20.9718234050841
0.1,0.65,45,92.6966282333902,NA,115.119078966217,0.5,110.815695015985,0.5,117.175056928767,0.5,157.823642193897,0.5,115.258733445152,0.5,116.497300353239,0.5,145.201198444764,0.5,116.476958229329,0.5,0.6,0.615,-0.677756575528065,-12.6224437491327,1.21822478417634,40.6485852651298,28.7038980915252,-1.91632348361441,-0.0203421239099981,34.3855034287794
0.1,0.65,46,87.6340263913019,NA,113.534178691269,0.5,110.696703258129,0.5,115.519194869967,0.5,123.229621172332,0.5,114.984985392743,0.5,114.657706777946,0.5,123.202960212775,0.5,115.176523657341,0.5,0.448421052631579,0.446,-0.861488092021091,-0.0266609595568497,0.191538264598222,7.71042630236403,8.54525343482827,-0.534209477224863,0.51881687939445,12.5062569546456
0.1,0.65,47,83.272723764582,NA,110.253875903415,0.5,108.23834569212,0.5,111.333558289331,0.5,119.054050623642,0.5,110.549812835178,0.5,111.844168571015,0.5,118.900761946979,0.5,109.896264983368,0.5,0.418181818181818,0.358518518518519,0.510610281683753,-0.15328867666291,-0.653547851810089,7.72049233431032,7.05659337596366,-0.783745454153348,-1.94790358764719,10.662416254859
0.1,0.65,48,88.7112322091673,NA,114.626283692715,0.5,110.887576286183,0.5,114.982204138566,0.5,124.984292240279,0.5,114.209960454276,0.5,116.306350833824,0.5,124.845719863306,0.5,115.347483031218,0.5,0.48,0.426086956521739,1.32414669525791,-0.138572376972888,1.13752257694124,10.0020881017124,8.5393690294816,-0.772243684289919,-0.958867802606591,13.9581435771233
0.1,0.65,49,87.854710843896,NA,113.440824774172,0.5,110.040369405241,0.5,116.483713272571,0.5,125.17790147921,0.5,114.958153114011,0.5,117.120682796923,0.5,125.322183395005,0.5,115.596552717025,0.5,0.424,0.412727272727273,0.636969524352054,0.144281915794608,0.638399603014392,8.69418820663924,8.20150059808179,-1.52556015856017,-1.52413007989783,15.2818139897635
0.1,0.65,50,83.439707258478,NA,105.895386380614,0.5,100.906112820307,0.5,107.201752112116,0.5,109.872718555429,0.5,107.325097064944,0.5,107.207149246539,0.5,109.776818636413,0.5,107.231473143848,0.5,0.254117647058824,0.231111111111111,0.00539713442330481,-0.0958999190157073,-0.0936239210962526,2.67096644331265,2.56966938987364,0.12334495282802,0.024323897308463,8.87070581610577
1,0.65,1,86.0967566032317,NA,112.397569005964,0.5,109.476478950171,0.5,113.395253162533,0.5,117.427582856067,0.5,112.768919078564,0.5,112.757368995662,0.5,117.269371117292,0.5,112.771196299181,0.5,0.333333333333333,0.300606060606061,-0.637884166870464,-0.158211738774895,0.00227722061781321,4.03232969353444,4.51200212163,-0.626334083968956,0.0138273035193208,7.79289216712061
1,0.65,2,92.0842750283556,NA,119.046262863673,0.5,116.533676013565,0.5,119.169107709852,0.5,125.392293308291,0.5,119.977678108821,0.5,120.061011210974,0.5,125.436226152986,0.5,120.01797237684,0.5,0.371851851851852,0.329032258064516,0.891903501122016,0.0439328446948934,0.0402942680188971,6.22318559843892,5.37521494201179,0.808570398968868,-0.0430388341342507,8.90255013942027
1,0.65,3,83.6496157747652,NA,105.956613823367,0.5,99.4050400254075,0.5,107.03977769275,0.5,108.02966514519,0.5,106.015175310275,0.5,106.846125831507,0.5,108.322356521436,0.5,105.917425589695,0.5,0.145714285714286,0.128372093023256,-0.193651861242216,0.292691376246253,-0.0977497205794293,0.989887452440186,1.47623068992866,-1.02460238247468,-0.928700241811896,8.91731649602856
1,0.65,4,95.1377670437846,NA,123.472852162874,0.5,123.488200928101,0.5,123.031893447781,0.5,134.819675401176,0.5,124.080792155421,0.5,123.011444225754,0.5,134.730134272156,0.5,123.497383225444,0.5,0.471304347826087,0.421538461538461,-0.0204492220270964,-0.0895411290200627,-0.583408929977253,11.7877819533946,11.7186900464016,1.04889870764002,0.485938999689864,11.241933344055
1,0.65,5,91.4518953490771,NA,115.195043215202,0.5,112.979611047782,0.5,116.956034743936,0.5,121.335713252603,0.5,117.337983362866,0.5,116.486751156631,0.5,121.202523939234,0.5,116.544390352622,0.5,0.270588235294118,0.252571428571429,-0.469283587304972,-0.133189313368973,-0.793593010243328,4.37967850866647,4.71577278260247,0.381948618929627,0.0576391959912712,8.22291289145163
1,0.65,6,100.206133271932,NA,129.106378492184,0.5,129.468329354461,0.5,131.660458414383,0.5,137.63136595988,0.5,130.152117503517,0.5,130.717877084775,0.5,137.637025689271,0.5,130.50939915593,0.5,0.3824,0.377777777777778,-0.942581329607577,0.00565972939028825,0.357281652413008,5.97090754549751,6.91914860449538,-1.5083409108662,-0.20847792884561,8.1686963348096
1,0.65,7,87.8233852876827,NA,117.561828570627,0.5,116.292364116114,0.5,120.378163129337,0.5,135.895319640014,0.5,119.511334234764,0.5,120.119950146861,0.5,136.110878292474,0.5,120.758822698038,0.5,0.408,0.447272727272727,-0.258212982476081,0.215558652459492,1.24748846327468,15.5171565106768,15.9909281456124,-0.866828894573587,0.638872551177172,19.8185141763597
1,0.65,8,84.6624862572035,NA,111.071532408612,0.5,109.388082876288,0.5,111.422817278505,0.5,116.843038264719,0.5,110.223237267567,0.5,111.329809202368,0.5,116.566132347344,0.5,110.809017060919,0.5,0.31375,0.251111111111111,-0.0930080761373233,-0.276905917375061,0.585779793352145,5.42022098621358,5.23632314497584,-1.19958001093848,-0.520792141449007,7.17804947105569
1,0.65,9,85.7260541669818,NA,114.147347379072,0.5,110.770169068553,0.5,117.447014577043,0.5,126.399324994149,0.5,115.609668634029,0.5,117.275557752432,0.5,126.182576421589,0.5,117.923321176797,0.5,0.418333333333333,0.395384615384615,-0.171456824610431,-0.216748572559965,2.31365254276815,8.95231041710637,8.90701866915684,-1.83734594301383,0.647763424364754,15.4124073530359
1,0.65,10,77.0057765536469,NA,102.149150732468,0.5,98.6569098890055,0.5,102.516389611957,0.5,104.100463004056,0.5,102.335553037484,0.5,101.830446717778,0.5,104.126954679784,0.5,102.601048504409,0.5,0.168780487804878,0.133023255813953,-0.685942894178922,0.0264916757275842,0.265495466925088,1.58407339209876,2.29650796200526,-0.180836574473417,0.770601786630593,5.47004479077806
1,0.65,11,75.0088022688905,NA,99.0292003520987,0.5,93.4835476921433,0.5,98.7217328186821,0.5,99.6616113089065,0.5,98.2675128338042,0.5,98.4981345823325,0.5,99.8130676047531,0.5,97.6825328433441,0.5,0.130232558139535,0.0951111111111111,-0.223598236349588,0.151456295846629,-0.584979990460084,0.939878490224416,1.31493302242063,-0.454219984877895,-0.815601738988391,6.32951991260981
1,0.65,12,82.5970064474581,NA,107.347473027811,0.5,103.828311472388,0.5,108.597637504827,0.5,111.86217478844,0.5,108.172761353616,0.5,108.844227526319,0.5,112.00488035078,0.5,108.520551464417,0.5,0.301176470588235,0.264444444444444,0.246590021492295,0.142705562339671,0.347790110801142,3.26453728361292,3.1606528244603,-0.424876151211507,-0.32367606190266,8.17656887839129
1,0.65,13,86.6499133018207,NA,112.102122289807,0.5,108.798933893125,0.5,113.289670117088,0.5,116.241885816321,0.5,112.72692754025,0.5,113.620279680299,0.5,115.997853998202,0.5,113.320296001275,0.5,0.265142857142857,0.241111111111111,0.33060956321097,-0.244031818119396,0.593368461025037,2.95221569923308,2.37757431790271,-0.562742576838843,-0.299983679024777,7.19892010507685
1,0.65,14,87.1771122465449,NA,115.613668459676,0.5,111.200277020622,0.5,115.283006156059,0.5,120.382806329486,0.5,115.686747632312,0.5,115.5049282495,0.5,120.479159351991,0.5,115.289525351514,0.5,0.332903225806452,0.287058823529412,0.221922093440696,0.0963530225049425,-0.397222280797862,5.09980017342727,4.97423110249152,0.403741476253145,-0.215402897985413,9.27888233136878
1,0.65,15,101.382888759485,NA,124.669702978943,0.5,121.251978277407,0.5,125.399545089817,0.5,130.041147425898,0.5,125.236866166499,0.5,124.882401354037,0.5,129.864882515519,0.5,125.239943432584,0.5,0.294545454545455,0.281176470588235,-0.51714373578038,-0.176264910378279,0.00307726608491521,4.64160233608044,4.98248116148254,-0.162678923318481,0.357542078546814,8.61290423811226
1,0.65,16,91.8865200803499,NA,117.523556094553,0.5,112.700538737368,0.5,117.970673988618,0.5,122.764466314797,0.5,117.531098858022,0.5,117.39234366092,0.5,122.182743967856,0.5,118.102733427601,0.5,0.299393939393939,0.254444444444444,-0.578330327697941,-0.581722346940438,0.571634569578933,4.79379232617907,4.79040030693658,-0.439575130595543,0.710389766681331,9.48220523048835
1,0.65,17,84.5372290633,NA,112.733148029442,0.5,107.588549469604,0.5,113.293103764131,0.5,116.852010089201,0.5,113.185986664614,0.5,113.033301953849,0.5,117.181157088305,0.5,112.520360741564,0.5,0.258064516129032,0.221714285714286,-0.259801810282426,0.329146999104168,-0.665625923050783,3.55890632506954,4.14785513445614,-0.107117099517026,-0.512941212285384,9.59260761870129
1,0.65,18,84.8958139315248,NA,109.230060620469,0.5,107.159837044593,0.5,111.061366551573,0.5,116.977560135524,0.5,110.767827934481,0.5,110.724638241949,0.5,116.740306237402,0.5,112.043685455725,0.5,0.33,0.277714285714286,-0.336728309624803,-0.237253898121722,1.2758575212444,5.91619358395081,6.0156679954539,-0.293538617092608,1.3190472137766,9.58046919280955
1,0.65,19,97.1742559351311,NA,120.742282099112,0.5,117.199439151431,0.5,121.763817064803,0.5,123.346452594811,0.5,121.591041189746,0.5,122.693395719358,0.5,123.145711431758,0.5,122.172002674906,0.5,0.236666666666667,0.208421052631579,0.92957865455567,-0.20074116305338,0.580961485159946,1.58263553000825,0.452315712399198,-0.172775875056914,-0.521393044452637,5.94627228032685
1,0.65,20,82.9460165838294,NA,108.887351343257,0.5,106.337541758361,0.5,110.53849333121,0.5,118.495299653897,0.5,110.455557672348,0.5,110.128582789217,0.5,118.323067201266,0.5,108.803594623701,0.5,0.4528,0.32,-0.409910541992474,-0.172232452630965,-1.65196304864698,7.95680632268764,8.19448441204915,-0.0829356588613308,-1.32498816551583,11.9855254429055
1,0.65,21,96.2712625666299,NA,121.48015805429,0.5,118.861432553858,0.5,124.383365534812,0.5,130.618575498946,0.5,123.406020113491,0.5,122.957524626126,0.5,130.194172523625,0.5,123.796847229098,0.5,0.4304,0.404444444444445,-1.42584090868627,-0.42440297532039,0.390827115606257,6.23520996413362,7.2366478974995,-0.977345421320479,0.839322602972047,11.3327399697671
1,0.65,22,85.0065102231291,NA,111.023356879642,0.5,112.588588557442,0.5,113.534261331954,0.5,126.822378133596,0.5,112.90035318697,0.5,113.881765892661,0.5,126.350577280994,0.5,111.946107210592,0.5,0.554666666666667,0.545882352941176,0.347504560706625,-0.471800852601461,-0.954245976377905,13.2881168016416,12.4688113883335,-0.63390814498463,-1.93565868206916,13.7619887235522
1,0.65,23,96.3178272030563,NA,123.517782090849,0.5,122.982064929213,0.5,124.92630017951,0.5,133.472545447524,0.5,124.880012538888,0.5,124.123444071492,0.5,133.305943705754,0.5,124.320238946168,0.5,0.485454545454546,0.481818181818182,-0.802856108018048,-0.166601741769966,-0.559773592719992,8.54624526801368,9.18249963426176,-0.0462876406219834,0.196794874676073,10.3238787765408
1,0.65,24,85.8974808255101,NA,108.897908562215,0.5,105.117053435621,0.5,110.023052324198,0.5,112.659666366499,0.5,110.090969107949,0.5,109.983550684762,0.5,112.637332308086,0.5,109.147576995806,0.5,0.210526315789474,0.197948717948718,-0.0395016394365229,-0.0223340584121274,-0.943392112143158,2.63661404230022,2.65378162332462,0.0679167837510732,-0.835973688955562,7.52027887246524
1,0.65,25,79.9854855288145,NA,106.044943926763,0.5,102.271087389269,0.5,106.658044054258,0.5,114.910659439514,0.5,105.563655343161,0.5,105.887564489625,0.5,114.65900883441,0.5,103.982668439777,0.5,0.419259259259259,0.296470588235294,-0.770479564632566,-0.251650605104032,-1.58098690338416,8.25261538525592,8.77144434478446,-1.09438871109654,-1.90489604984813,12.3879214451403
1,0.65,26,94.7031187261566,NA,121.99474000851,0.5,122.844449709866,0.499999999999999,124.101176323517,0.5,137.432380384471,0.5,124.086631071443,0.5,123.519605970994,0.5,137.460604427894,0.5,122.703763462207,0.5,0.581538461538462,0.54,-0.581570352522263,0.0282240434231653,-1.38286760923638,13.3312040609543,13.9409984568997,-0.0145452520734466,-0.815842508787568,14.6161547180279
1,0.65,27,86.4207547983092,NA,109.722032576658,0.5,108.354898595619,0.5,110.922884928174,0.5,118.294002544714,0.5,111.440332661329,0.5,111.792947706868,0.5,117.925099911026,0.5,111.792294398751,0.5,0.336,0.3075,0.870062778693878,-0.368902633687668,0.351961737421803,7.37111761653993,6.13215220415839,0.517447733155024,-0.000653308117051665,9.57020131540675
1,0.65,28,85.6244716267189,NA,110.6271380737,0.5,108.233249124385,0.5,112.033614555379,0.5,114.448628123792,0.5,110.973567388612,0.5,111.657099781349,0.5,114.727725027217,0.5,110.75495085465,0.5,0.208421052631579,0.173,-0.376514774029815,0.27909690342517,-0.218616533961921,2.4150135684126,3.07062524586759,-1.06004716676723,-0.90214892669934,6.49447590283253
1,0.65,29,83.3192148618394,NA,111.726342847147,0.5,111.346330098219,0.499999999999999,113.437894067208,0.5,120.816755206997,0.5,112.791072209084,0.5,112.999797911314,0.5,120.738481269519,0.5,114.495812914481,0.5,0.4016,0.36,-0.438096155894499,-0.0782739374777037,1.70474070539686,7.37886113978851,7.73868335820531,-0.646821858124099,1.49601500316726,9.3921511713001
1,0.65,30,81.4308172253701,NA,105.36392433305,0.5,101.340159223921,0.5,107.622765409038,0.5,109.459850935361,0.5,107.738818140448,0.5,107.640229998553,0.5,109.462834197305,0.5,107.289073493622,0.5,0.254444444444444,0.217894736842105,0.0174645895149297,0.00298326194447895,-0.449744646826403,1.83708552632251,1.82260419875206,0.116052731410079,-0.351156504931254,8.12267497338439
1,0.65,31,81.6990060265867,NA,105.945255842782,0.5,100.411855524619,0.5,106.371663477261,0.5,108.559573443511,0.5,105.648293052322,0.5,106.848605562865,0.5,108.827293270953,0.5,106.212468790134,0.5,0.207368421052631,0.171,0.476942085603795,0.267719827441752,0.56417573781269,2.18790996625019,1.97868770808815,-0.723370424939418,-0.636136772730524,8.41543774633426
1,0.65,32,90.517698753767,NA,119.579149549918,0.5,113.780215316104,0.5,121.411983260013,0.5,126.009742966321,0.5,120.9998132346,0.5,120.242395000501,0.5,126.053225167879,0.5,120.643778870445,0.5,0.406153846153846,0.346666666666666,-1.16958825951228,0.0434822015572678,-0.356034364154851,4.59775970630858,5.81083016737813,-0.412170025413346,0.401383869944084,12.2730098517747
1,0.65,33,89.8618860518338,NA,114.581559813042,0.5,112.686295007169,0.5,115.323935394301,0.5,116.671405315567,0.5,115.180455243429,0.5,114.417959774105,0.5,116.796136391487,0.5,113.656051648865,0.5,0.30375,0.262857142857143,-0.905975620195647,0.124731075919556,-1.52440359456385,1.34746992126669,2.3781766173819,-0.143480150871554,-0.761908125239756,4.1098413843182
1,0.65,34,89.209574231922,NA,116.781123856441,0.5,114.572139118164,0.5,117.212067466121,0.5,134.960657642888,0.5,119.397028771962,0.5,118.187808277256,0.5,135.881114367856,0.5,119.513333398944,0.5,0.522105263157895,0.632727272727273,0.975740811134571,0.920456724968403,0.116304626982085,17.7485901767667,17.6933060906005,2.18496130584073,1.32552512168824,21.3089752496926
1,0.65,35,93.3071384763807,NA,120.482928906117,0.5,117.824539707271,0.5,121.796109526346,0.5,142.928273454083,0.5,122.706357693733,0.5,124.61716874139,0.5,140.923710488034,0.5,122.449972725717,0.5,0.488421052631579,0.565,2.82105921504377,-2.00456296604912,-0.256384968015922,21.1321639277365,16.3065417466436,0.910248167386655,-2.16719601567304,23.0991707807626
1,0.65,36,91.371284963141,NA,114.370768389197,0.5,112.181675477442,0.5,116.45452836603,0.5,118.603818264921,0.5,115.262736087983,0.5,116.820708526683,0.5,118.525931353591,0.5,115.350365668807,0.5,0.236666666666667,0.202105263157895,0.366180160652704,-0.0778869113306229,0.0876295808240855,2.14928989889079,1.70522282690746,-1.19179227804769,-1.4703428578763,6.34425587614898
1,0.65,37,86.3430818369266,NA,111.237277810458,0.5,106.370541436792,0.5,110.200464977786,0.5,112.824432938237,0.5,111.381598816876,0.5,111.307175773292,0.5,112.817751687938,0.5,110.60152622047,0.5,0.167,0.159,1.10671079550613,-0.00668125029827138,-0.780072596405574,2.62396796045101,1.51057591464661,1.18113383909011,-0.705649552821598,6.4472102511468
1,0.65,38,87.6138549690837,NA,109.861698184567,0.5,105.505692950118,0.5,111.266847596783,0.5,110.749565104213,0.5,110.557738591388,0.5,111.427009227144,0.5,111.143828156238,0.5,111.103620449303,0.5,0.12952380952381,0.12952380952381,0.160161630360648,0.394263052025082,0.545881857915461,-0.517282492570445,-0.283181070906011,-0.709109005395248,-0.323388777840435,5.63813520611949
1,0.65,39,82.0831508938677,NA,105.25268100714,0.5,102.348795768416,0.5,106.136425873841,0.5,109.602745890695,0.5,104.887332309632,0.5,105.878918216352,0.5,109.456639137662,0.5,104.935298632984,0.5,0.227368421052631,0.192,-0.257507657489299,-0.146106753032512,0.0479663233520995,3.46632001685347,3.57772092131026,-1.24909356420937,-0.943619583367976,7.10784336924672
1,0.65,40,87.9576195173441,NA,111.794097071639,0.5,108.548453731592,0.5,112.730610592156,0.5,115.687920585884,0.5,112.350464650582,0.5,112.831721173013,0.5,115.877708402238,0.5,112.575365689773,0.5,0.323870967741936,0.262857142857143,0.101110580857181,0.189787816354666,0.224901039191721,2.95730999372792,3.0459872292254,-0.380145941574,-0.25635548323946,7.32925467064662
1,0.65,41,90.6962419671955,NA,121.592887118183,0.5,121.166290363961,0.5,122.06601763787,0.5,131.761378741619,0.5,120.933835327858,0.5,120.867679435299,0.5,131.626051241728,0.5,122.680017710201,0.5,0.446315789473684,0.423636363636364,-1.19833820257026,-0.13532749989119,1.74618238234353,9.69536110374955,10.7583718064286,-1.1321823100118,1.81233827490199,10.4597608777664
1,0.65,42,90.310036546367,NA,121.740276404449,0.5,118.934347576838,0.5,124.378207277771,0.5,130.626229642688,0.5,123.666338611841,0.5,123.28048856276,0.5,130.630656842249,0.5,123.271701119727,0.5,0.402,0.387272727272727,-1.09771871501093,0.00442719956046744,-0.394637492113986,6.24802236491753,7.35016827948893,-0.711868665929998,-0.00878744303305723,11.6963092654108
1,0.65,43,86.5409456762462,NA,110.715553542061,0.5,108.679652188423,0.5,111.504874767148,0.5,113.921370144823,0.5,110.751057530811,0.5,111.615411516138,0.5,114.075449984529,0.5,111.084186201157,0.5,0.303030303030303,0.282352941176471,0.110536748990413,0.154079839706768,0.3331286703459,2.41649537767496,2.46003846839132,-0.753817236336147,-0.531225314980659,5.39579779610641
1,0.65,44,88.7609012023387,NA,110.413157515762,0.5,106.299238621171,0.5,112.488041866683,0.5,126.236992192035,0.5,111.540649508612,0.5,111.261173909369,0.5,125.895298738509,0.5,112.883536841827,0.5,0.422857142857143,0.3475,-1.22686795731403,-0.341693453526162,1.342887333215,13.7489503253526,14.6341248291404,-0.947392358070417,1.62236293245861,19.5960601173385
1,0.65,45,92.6966282333902,NA,115.119078966217,0.5,110.815695015985,0.5,117.175056928767,0.5,158.497881941247,0.5,115.258733445152,0.5,116.497300353239,0.5,142.700606403983,0.5,116.476958229329,0.5,0.702222222222222,0.654285714285714,-0.677756575528065,-15.7972755372644,1.21822478417634,41.3228250124803,26.203306050744,-1.91632348361441,-0.0203421239099981,31.8849113879982
1,0.65,46,87.6340263913019,NA,113.534178691269,0.5,110.696703258129,0.5,115.519194869967,0.5,119.960639907437,0.5,114.984985392743,0.5,114.657706777946,0.5,120.438751726131,0.5,115.176523657341,0.5,0.4112,0.332903225806452,-0.861488092021091,0.478111818694359,0.191538264598222,4.44144503746949,5.78104494818494,-0.534209477224863,0.51881687939445,9.74204846800222
1,0.65,47,83.272723764582,NA,110.253875903415,0.5,108.23834569212,0.5,111.333558289331,0.5,117.090166563842,0.5,110.549812835178,0.5,111.844168571015,0.5,116.900852819352,0.5,109.896264983368,0.5,0.318620689655172,0.299354838709677,0.510610281683753,-0.189313744489567,-0.653547851810089,5.75660827451054,5.05668424833722,-0.783745454153348,-1.94790358764719,8.6625071272326
1,0.65,48,88.7112322091673,NA,114.626283692715,0.5,110.887576286183,0.5,114.982204138566,0.5,123.657987039136,0.5,114.209960454276,0.5,116.306350833824,0.5,123.272290963788,0.5,115.347483031218,0.5,0.426153846153846,0.32875,1.32414669525791,-0.385696075347568,1.13752257694124,8.67578290056936,6.96594012996388,-0.772243684289919,-0.958867802606591,12.3847146776056
1,0.65,49,87.854710843896,NA,113.440824774172,0.5,110.040369405241,0.5,116.483713272571,0.5,123.753826385317,0.5,114.958153114011,0.5,117.120682796923,0.5,123.40794486997,0.5,115.596552717025,0.5,0.42,0.392307692307692,0.636969524352054,-0.345881515347216,0.638399603014392,7.27011311274607,6.2872620730468,-1.52556015856017,-1.52413007989783,13.3675754647285
1,0.65,50,83.439707258478,NA,105.895386380614,0.5,100.906112820307,0.5,107.201752112116,0.5,108.917753298842,0.5,107.325097064944,0.5,107.207149246539,0.5,109.047546170267,0.5,107.231473143848,0.5,0.160975609756097,0.131162790697674,0.00539713442330481,0.129792871425025,-0.0936239210962526,1.71600118672573,1.84039692372745,0.12334495282802,0.024323897308463,8.14143334995958
5,0.65,1,86.0967566032317,NA,112.397569005964,0.5,109.476478950171,0.5,113.395253162533,0.5,111.919587138473,0.5,112.768919078564,0.5,112.757368995662,0.5,111.200260857098,0.5,112.771196299181,0.5,0.145714285714286,0.143809523809524,-0.637884166870464,-0.719326281375302,0.00227722061781321,-1.47566602405954,-1.55710813856437,-0.626334083968956,0.0138273035193208,1.72378190692623
5,0.65,2,92.0842750283556,NA,119.046262863673,0.5,116.533676013565,0.5,119.169107709852,0.5,120.708165496098,0.5,119.977678108821,0.5,120.061011210974,0.5,121.035994481489,0.5,120.01797237684,0.5,0.148292682926829,0.117209302325581,0.891903501122016,0.32782898539152,0.0402942680188971,1.53905778624562,0.974983270515125,0.808570398968868,-0.0430388341342507,4.5023184679236
5,0.65,3,83.6496157747652,NA,105.956613823367,0.5,99.4050400254075,0.5,107.03977769275,0.5,106.642948940947,0.5,106.015175310275,0.5,106.846125831507,0.5,106.830441113044,0.5,105.917425589695,0.5,0.0924444444444446,0.114545454545455,-0.193651861242216,0.187492172096569,-0.0977497205794293,-0.396828751802516,-0.0156847184637314,-1.02460238247468,-0.928700241811896,7.42540108763617
5,0.65,4,95.1377670437846,NA,123.472852162874,0.5,123.488200928101,0.5,123.031893447781,0.5,124.646233945288,0.5,124.080792155421,0.5,123.011444225754,0.5,124.600034272809,0.5,123.497383225444,0.5,0.103636363636364,0.088888888888889,-0.0204492220270964,-0.0461996724795455,-0.583408929977253,1.61434049750711,1.58859004705467,1.04889870764002,0.485938999689864,1.11183334470809
5,0.65,5,91.4518953490771,NA,115.195043215202,0.5,112.979611047782,0.5,116.956034743936,0.5,117.95029334249,0.5,117.337983362866,0.5,116.486751156631,0.5,118.391781408794,0.5,116.544390352622,0.5,0.167,0.148292682926829,-0.469283587304972,0.441488066304032,-0.793593010243328,0.994258598554083,1.90503025216309,0.381948618929627,0.0576391959912712,5.41217036101224
5,0.65,6,100.206133271932,NA,129.106378492184,0.5,129.468329354461,0.5,131.660458414383,0.5,130.816717603309,0.5,130.152117503517,0.5,130.717877084775,0.5,132.168781514577,0.5,130.50939915593,0.5,0.148292682926829,0.148292682926829,-0.942581329607577,1.35206391126857,0.357281652413008,-0.843740811074099,1.45090442980205,-1.5083409108662,-0.20847792884561,2.70045216011627
5,0.65,7,87.8233852876827,NA,117.561828570627,0.5,116.292364116114,0.5,120.378163129337,0.5,126.058721488061,0.5,119.511334234764,0.5,120.119950146861,0.5,126.428064820933,0.5,120.758822698038,0.5,0.268888888888889,0.3,-0.258212982476081,0.369343332871807,1.24748846327468,5.68055835872339,6.30811467407128,-0.866828894573587,0.638872551177172,10.1357007048186
5,0.65,8,84.6624862572035,NA,111.071532408612,0.5,109.388082876288,0.5,111.422817278505,0.5,112.453160228884,0.5,110.223237267567,0.5,111.329809202368,0.5,111.98398816903,0.5,110.809017060919,0.5,0.103636363636364,0.088888888888889,-0.0930080761373233,-0.469172059853577,0.585779793352145,1.03034295037889,0.654178966662641,-1.19958001093848,-0.520792141449007,2.59590529274249
5,0.65,9,85.7260541669818,NA,114.147347379072,0.5,110.770169068553,0.5,117.447014577043,0.5,118.186508967269,0.5,115.609668634029,0.5,117.275557752432,0.5,116.74729879179,0.5,117.923321176797,0.5,0.117209302325581,0.117209302325581,-0.171456824610431,-1.43921017547952,2.31365254276815,0.739494390226284,-0.528258960642802,-1.83734594301383,0.647763424364754,5.97712972323622
5,0.65,10,77.0057765536469,NA,102.149150732468,0.5,98.6569098890055,0.5,102.516389611957,0.5,102.571057869596,0.5,102.335553037484,0.5,101.830446717778,0.5,102.46020871239,0.5,102.601048504409,0.5,0.088888888888889,0.0730434782608695,-0.685942894178922,-0.110849157206133,0.265495466925088,0.0546682576384256,0.629761994611215,-0.180836574473417,0.770601786630593,3.80329882338401
5,0.65,11,75.0088022688905,NA,99.0292003520987,0.5,93.4835476921433,0.5,98.7217328186821,0.5,98.0908257636599,0.5,98.2675128338042,0.5,98.4981345823325,0.5,98.0368419889099,0.5,97.6825328433441,0.5,0.0951111111111111,0.0756521739130434,-0.223598236349588,-0.0539837747499234,-0.584979990460084,-0.630907055022206,-0.461292593422542,-0.454219984877895,-0.815601738988391,4.55329429676664
5,0.65,12,82.5970064474581,NA,107.347473027811,0.5,103.828311472388,0.5,108.597637504827,0.5,110.878290345843,0.5,108.172761353616,0.5,108.844227526319,0.5,110.688531412547,0.5,108.520551464417,0.5,0.14952380952381,0.114545454545455,0.246590021492295,-0.189758933296275,0.347790110801142,2.28065284101629,1.84430388622772,-0.424876151211507,-0.32367606190266,6.86021994015871
5,0.65,13,86.6499133018207,NA,112.102122289807,0.5,108.798933893125,0.5,113.289670117088,0.5,112.913220042832,0.5,112.72692754025,0.5,113.620279680299,0.5,113.229603301501,0.5,113.320296001275,0.5,0.211282051282051,0.186,0.33060956321097,0.316383258669163,0.593368461025037,-0.376450074256397,-0.390676378798204,-0.562742576838843,-0.299983679024777,4.43066940837593
5,0.65,14,87.1771122465449,NA,115.613668459676,0.5,111.200277020622,0.5,115.283006156059,0.5,116.417748024022,0.5,115.686747632312,0.5,115.5049282495,0.5,117.142870483855,0.5,115.289525351514,0.5,0.088888888888889,0.0730434782608695,0.221922093440696,0.725122459833955,-0.397222280797862,1.13474186796267,1.63794223435593,0.403741476253145,-0.215402897985413,5.9425934632332
5,0.65,15,101.382888759485,NA,124.669702978943,0.5,121.251978277407,0.5,125.399545089817,0.5,124.054634730422,0.5,125.236866166499,0.5,124.882401354037,0.5,123.411978718967,0.5,125.239943432584,0.5,0.168205128205128,0.136190476190476,-0.51714373578038,-0.642656011454847,0.00307726608491521,-1.34491035939513,-1.4704226350696,-0.162678923318481,0.357542078546814,2.16000044156013
5,0.65,16,91.8865200803499,NA,117.523556094553,0.5,112.700538737368,0.5,117.970673988618,0.5,118.082363973288,0.5,117.531098858022,0.5,117.39234366092,0.5,117.538796615545,0.5,118.102733427601,0.5,0.12952380952381,0.167,-0.578330327697941,-0.543567357742987,0.571634569578933,0.111689984670448,0.146452954625403,-0.439575130595543,0.710389766681331,4.83825787817717
5,0.65,17,84.5372290633,NA,112.733148029442,0.5,107.588549469604,0.5,113.293103764131,0.5,113.370676831241,0.5,113.185986664614,0.5,113.033301953849,0.5,113.326747207925,0.5,112.520360741564,0.5,0.141904761904762,0.108181818181818,-0.259801810282426,-0.0439296233165578,-0.665625923050783,0.0775730671099666,0.293445254075834,-0.107117099517026,-0.512941212285384,5.73819773832099
5,0.65,18,84.8958139315248,NA,109.230060620469,0.5,107.159837044593,0.5,111.061366551573,0.5,111.459655083319,0.5,110.767827934481,0.5,110.724638241949,0.5,111.305885478283,0.5,112.043685455725,0.5,0.108181818181818,0.108181818181818,-0.336728309624803,-0.153769605036231,1.2758575212444,0.398288531745649,0.581247236334221,-0.293538617092608,1.3190472137766,4.14604843368987
5,0.65,19,97.1742559351311,NA,120.742282099112,0.5,117.199439151431,0.5,121.763817064803,0.5,121.637885862334,0.5,121.591041189746,0.5,122.693395719358,0.5,121.915916931521,0.5,122.172002674906,0.5,0.157948717948718,0.140487804878049,0.92957865455567,0.27803106918708,0.580961485159946,-0.125931202469133,-0.777478787837723,-0.172775875056914,-0.521393044452637,4.71647778008993
5,0.65,20,82.9460165838294,NA,108.887351343257,0.5,106.337541758361,0.5,110.53849333121,0.5,112.987751608904,0.5,110.455557672348,0.5,110.128582789217,0.5,112.84905492078,0.5,108.803594623701,0.5,0.136190476190476,0.122790697674419,-0.409910541992474,-0.13869668812319,-1.65196304864698,2.44925827769397,2.72047213156326,-0.0829356588613308,-1.32498816551583,6.51151316241958
5,0.65,21,96.2712625666299,NA,121.48015805429,0.5,118.861432553858,0.5,124.383365534812,0.5,127.854088039156,0.5,123.406020113491,0.5,122.957524626126,0.5,127.08804618631,0.5,123.796847229098,0.5,0.205263157894737,0.177,-1.42584090868627,-0.766041852845916,0.390827115606257,3.47072250434371,4.13052156018406,-0.977345421320479,0.839322602972047,8.22661363245169
5,0.65,22,85.0065102231291,NA,111.023356879642,0.5,112.588588557442,0.5,113.534261331954,0.5,122.989536125964,0.5,112.90035318697,0.5,113.881765892661,0.5,123.124318092263,0.5,111.946107210592,0.5,0.391724137931034,0.318787878787879,0.347504560706625,0.134781966299471,-0.954245976377905,9.45527479400953,9.24255219960237,-0.63390814498463,-1.93565868206916,10.5357295348211
5,0.65,23,96.3178272030563,NA,123.517782090849,0.5,122.982064929213,0.5,124.92630017951,0.5,130.822955648163,0.5,124.880012538888,0.5,124.123444071492,0.5,130.066166234997,0.5,124.320238946168,0.5,0.223157894736842,0.131162790697674,-0.802856108018048,-0.756789413166075,-0.559773592719992,5.89665546865231,5.94272216350429,-0.0462876406219834,0.196794874676073,7.08410130578336
5,0.65,24,85.8974808255101,NA,108.897908562215,0.5,105.117053435621,0.5,110.023052324198,0.5,110.073406540111,0.5,110.090969107949,0.5,109.983550684762,0.5,110.249033166293,0.5,109.147576995806,0.5,0.110909090909091,0.0924444444444446,-0.0395016394365229,0.175626626182051,-0.943392112143158,0.0503542159122503,0.265482481530825,0.0679167837510732,-0.835973688955562,5.13197973067145
5,0.65,25,79.9854855288145,NA,106.044943926763,0.5,102.271087389269,0.5,106.658044054258,0.5,107.699586470609,0.5,105.563655343161,0.5,105.887564489625,0.5,107.417767151897,0.5,103.982668439777,0.5,0.0756521739130434,0.0561702127659576,-0.770479564632566,-0.281819318712493,-1.58098690338416,1.04154241635158,1.53020266227165,-1.09438871109654,-1.90489604984813,5.14667976262749
5,0.65,26,94.7031187261566,NA,121.99474000851,0.5,122.844449709866,0.499999999999999,124.101176323517,0.5,130.257016170927,0.5,124.086631071443,0.5,123.519605970994,0.5,130.942012336329,0.5,122.703763462207,0.5,0.265555555555556,0.21025641025641,-0.581570352522263,0.684996165401259,-1.38286760923638,6.15583984741066,7.42240636533418,-0.0145452520734466,-0.815842508787568,8.09756262646236
5,0.65,27,86.4207547983092,NA,109.722032576658,0.5,108.354898595619,0.5,110.922884928174,0.5,112.180885525754,0.5,111.440332661329,0.5,111.792947706868,0.5,111.947275030017,0.5,111.792294398751,0.5,0.176410256410257,0.166,0.870062778693878,-0.233610495736883,0.351961737421803,1.25800059757971,0.154327323148948,0.517447733155024,-0.000653308117051665,3.59237643439731
5,0.65,28,85.6244716267189,NA,110.6271380737,0.5,108.233249124385,0.5,112.033614555379,0.5,112.706988125763,0.5,110.973567388612,0.5,111.657099781349,0.5,112.87608539381,0.5,110.75495085465,0.5,0.136190476190476,0.108181818181818,-0.376514774029815,0.169097268047068,-0.218616533961921,0.673373570384086,1.21898561246097,-1.06004716676723,-0.90214892669934,4.64283626942591
5,0.65,29,83.3192148618394,NA,111.726342847147,0.5,111.346330098219,0.499999999999999,113.437894067208,0.5,112.135477286804,0.5,112.791072209084,0.5,112.999797911314,0.5,112.802184150007,0.5,114.495812914481,0.5,0.122790697674419,0.108181818181818,-0.438096155894499,0.666706863202961,1.70474070539686,-1.30241678040467,-0.19761376130721,-0.646821858124099,1.49601500316726,1.45585405178758
5,0.65,30,81.4308172253701,NA,105.36392433305,0.5,101.340159223921,0.5,107.622765409038,0.5,108.274086590881,0.5,107.738818140448,0.5,107.640229998553,0.5,108.452091338322,0.5,107.289073493622,0.5,0.165853658536585,0.141904761904762,0.0174645895149297,0.178004747441719,-0.449744646826403,0.651321181842434,0.811861339769223,0.116052731410079,-0.351156504931254,7.11193211440155
5,0.65,31,81.6990060265867,NA,105.945255842782,0.5,100.411855524619,0.5,106.371663477261,0.5,106.341077295723,0.5,105.648293052322,0.5,106.848605562865,0.5,107.44245418463,0.5,106.212468790134,0.5,0.117209302325581,0.103636363636364,0.476942085603795,1.10137688890724,0.56417573781269,-0.0305861815380126,0.593848621765432,-0.723370424939418,-0.636136772730524,7.03059866001155
5,0.65,32,90.517698753767,NA,119.579149549918,0.5,113.780215316104,0.5,121.411983260013,0.5,122.082856158764,0.5,120.9998132346,0.5,120.242395000501,0.5,122.210995344289,0.5,120.643778870445,0.5,0.127441860465116,0.131162790697674,-1.16958825951228,0.12813918552439,-0.356034364154851,0.670872898751583,1.96860034378825,-0.412170025413346,0.401383869944084,8.43078002818478
5,0.65,33,89.8618860518338,NA,114.581559813042,0.5,112.686295007169,0.5,115.323935394301,0.5,113.536739286058,0.5,115.180455243429,0.5,114.417959774105,0.5,112.59550527292,0.5,113.656051648865,0.5,0.272,0.285714285714286,-0.905975620195647,-0.941234013137432,-1.52440359456385,-1.78719610824295,-1.82245450118474,-0.143480150871554,-0.761908125239756,-0.0907897342484318
5,0.65,34,89.209574231922,NA,116.781123856441,0.5,114.572139118164,0.5,117.212067466121,0.5,132.64300968762,0.5,119.397028771962,0.5,118.187808277256,0.5,131.545063885161,0.5,119.513333398944,0.5,0.376,0.540952380952381,0.975740811134571,-1.09794580245989,0.116304626982085,15.4309422214991,13.3572556079046,2.18496130584073,1.32552512168824,16.9729247669967
5,0.65,35,93.3071384763807,NA,120.482928906117,0.5,117.824539707271,0.5,121.796109526346,0.5,139.985793507648,0.5,122.706357693733,0.5,124.61716874139,0.5,137.47572143192,0.5,122.449972725717,0.5,0.363870967741936,0.48,2.82105921504377,-2.51007207572823,-0.256384968015922,18.1896839813022,12.8585526905302,0.910248167386655,-2.16719601567304,19.6511817246491
5,0.65,36,91.371284963141,NA,114.370768389197,0.5,112.181675477442,0.5,116.45452836603,0.5,115.12898096345,0.5,115.262736087983,0.5,116.820708526683,0.5,116.368909914537,0.5,115.350365668807,0.5,0.160975609756097,0.108181818181818,0.366180160652704,1.23992895108677,0.0876295808240855,-1.32554740258064,-0.451798612146575,-1.19179227804769,-1.4703428578763,4.18723443709494
5,0.65,37,86.3430818369266,NA,111.237277810458,0.5,106.370541436792,0.5,110.200464977786,0.5,110.895261404523,0.5,111.381598816876,0.5,111.307175773292,0.5,110.312622174596,0.5,110.60152622047,0.5,0.145714285714286,0.141904761904762,1.10671079550613,-0.582639229927068,-0.780072596405574,0.694796426737511,-0.994553598695688,1.18113383909011,-0.705649552821598,3.9420807378045
5,0.65,38,87.6138549690837,NA,109.861698184567,0.5,105.505692950118,0.5,111.266847596783,0.5,110.320751012174,0.5,110.557738591388,0.5,111.427009227144,0.5,110.347062650127,0.5,111.103620449303,0.5,0.136190476190476,0.136190476190476,0.160161630360648,0.0263116379524035,0.545881857915461,-0.946096584608824,-1.07994657701707,-0.709109005395248,-0.323388777840435,4.84136970000843
5,0.65,39,82.0831508938677,NA,105.25268100714,0.5,102.348795768416,0.5,106.136425873841,0.5,106.131230764105,0.5,104.887332309632,0.5,105.878918216352,0.5,105.707720874427,0.5,104.935298632984,0.5,0.088888888888889,0.088888888888889,-0.257507657489299,-0.423509889678485,0.0479663233520995,-0.00519510973587956,-0.171197341925065,-1.24909356420937,-0.943619583367976,3.3589251060114
5,0.65,40,87.9576195173441,NA,111.794097071639,0.5,108.548453731592,0.5,112.730610592156,0.5,110.682758722491,0.5,112.350464650582,0.5,112.831721173013,0.5,111.153176844693,0.5,112.575365689773,0.5,0.145714285714286,0.130232558139535,0.101110580857181,0.470418122201579,0.224901039191721,-2.04785186966467,-1.67854432832027,-0.380145941574,-0.25635548323946,2.60472311310095
5,0.65,41,90.6962419671955,NA,121.592887118183,0.5,121.166290363961,0.5,122.06601763787,0.5,122.86582586085,0.5,120.933835327858,0.5,120.867679435299,0.5,122.806271864253,0.5,122.680017710201,0.5,0.122790697674419,0.0730434782608695,-1.19833820257026,-0.0595539965972023,1.74618238234353,0.799808222980204,1.93859242895326,-1.1321823100118,1.81233827490199,1.63998150029109
5,0.65,42,90.310036546367,NA,121.740276404449,0.5,118.934347576838,0.5,124.378207277771,0.5,124.505373596788,0.5,123.666338611841,0.5,123.28048856276,0.5,125.358886275695,0.5,123.271701119727,0.5,0.145714285714286,0.122790697674419,-1.09771871501093,0.853512678907336,-0.394637492113986,0.127166319016766,2.07839771293503,-0.711868665929998,-0.00878744303305723,6.42453869885689
5,0.65,43,86.5409456762462,NA,110.715553542061,0.5,108.679652188423,0.5,111.504874767148,0.5,111.925889254536,0.5,110.751057530811,0.5,111.615411516138,0.5,112.777681395038,0.5,111.084186201157,0.5,0.18974358974359,0.154146341463415,0.110536748990413,0.851792140501445,0.3331286703459,0.421014487388746,1.16226987889978,-0.753817236336147,-0.531225314980659,4.09802920661487
5,0.65,44,88.7609012023387,NA,110.413157515762,0.5,106.299238621171,0.5,112.488041866683,0.5,124.852870890127,0.5,111.540649508612,0.5,111.261173909369,0.5,124.631418547477,0.5,112.883536841827,0.5,0.366451612903226,0.290285714285714,-1.22686795731403,-0.221452342649769,1.342887333215,12.3648290234443,13.3702446381085,-0.947392358070417,1.62236293245861,18.3321799263066
5,0.65,45,92.6966282333902,NA,115.119078966217,0.5,110.815695015985,0.5,117.175056928767,0.5,157.701841068123,0.5,115.258733445152,0.5,116.497300353239,0.5,144.76339276152,0.5,116.476958229329,0.5,0.653333333333333,0.587368421052632,-0.677756575528065,-12.9384483066029,1.21822478417634,40.5267841393562,28.2660924082814,-1.91632348361441,-0.0203421239099981,33.9476977455356
5,0.65,46,87.6340263913019,NA,113.534178691269,0.5,110.696703258129,0.5,115.519194869967,0.5,115.586877165881,0.5,114.984985392743,0.5,114.657706777946,0.5,115.401099317255,0.5,115.176523657341,0.5,0.238918918918919,0.204102564102564,-0.861488092021091,-0.185777848625918,0.191538264598222,0.0676822959130305,0.743392539308203,-0.534209477224863,0.51881687939445,4.70439605912549
5,0.65,47,83.272723764582,NA,110.253875903415,0.5,108.23834569212,0.5,111.333558289331,0.5,112.089897068154,0.5,110.549812835178,0.5,111.844168571015,0.5,111.519961607075,0.5,109.896264983368,0.5,0.110909090909091,0.0924444444444446,0.510610281683753,-0.569935461079169,-0.653547851810089,0.75633877882278,-0.324206963940142,-0.783745454153348,-1.94790358764719,3.28161591495524
5,0.65,48,88.7112322091673,NA,114.626283692715,0.5,110.887576286183,0.5,114.982204138566,0.5,117.366441940972,0.5,114.209960454276,0.5,116.306350833824,0.5,116.414568131124,0.5,115.347483031218,0.5,0.148292682926829,0.117209302325581,1.32414669525791,-0.951873809847839,1.13752257694124,2.38423780240566,0.108217297299916,-0.772243684289919,-0.958867802606591,5.52699184494165
5,0.65,49,87.854710843896,NA,113.440824774172,0.5,110.040369405241,0.5,116.483713272571,0.5,116.921874049449,0.5,114.958153114011,0.5,117.120682796923,0.5,116.466374355447,0.5,115.596552717025,0.5,0.167,0.148292682926829,0.636969524352054,-0.45549969400119,0.638399603014392,0.438160776877737,-0.654308441475507,-1.52556015856017,-1.52413007989783,6.42600495020623
5,0.65,50,83.439707258478,NA,105.895386380614,0.5,100.906112820307,0.5,107.201752112116,0.5,107.824457250149,0.5,107.325097064944,0.5,107.207149246539,0.5,108.200764955913,0.5,107.231473143848,0.5,0.103636363636364,0.103636363636364,0.00539713442330481,0.37630770576429,-0.0936239210962526,0.622705138032899,0.993615709373884,0.12334495282802,0.024323897308463,7.29465213560601
20,0.65,1,86.0967566032317,NA,112.397569005964,0.5,109.476478950171,0.5,113.395253162533,0.5,112.958003119728,0.5,112.768919078564,0.5,112.757368995662,0.5,112.119493622051,0.5,112.771196299181,0.5,0.088888888888889,0.088888888888889,-0.637884166870464,-0.838509497677038,0.00227722061781321,-0.43725004280418,-0.637875373610754,-0.626334083968956,0.0138273035193208,2.64301467187985
20,0.65,2,92.0842750283556,NA,119.046262863673,0.5,116.533676013565,0.5,119.169107709852,0.5,119.515529178569,0.5,119.977678108821,0.5,120.061011210974,0.5,119.681722291768,0.5,120.01797237684,0.5,0.117209302325581,0.103636363636364,0.891903501122016,0.166193113198318,0.0402942680188971,0.346421468717324,-0.379288919206374,0.808570398968868,-0.0430388341342507,3.1480462782021
20,0.65,3,83.6496157747652,NA,105.956613823367,0.5,99.4050400254075,0.5,107.03977769275,0.5,106.515658342687,0.5,106.015175310275,0.5,106.846125831507,0.5,106.79097071725,0.5,105.917425589695,0.5,0.103636363636364,0.116363636363636,-0.193651861242216,0.275312374562844,-0.0977497205794293,-0.524119350062278,-0.055155114257218,-1.02460238247468,-0.928700241811896,7.38593069184269
20,0.65,4,95.1377670437846,NA,123.472852162874,0.5,123.488200928101,0.5,123.031893447781,0.5,123.696606995016,0.5,124.080792155421,0.5,123.011444225754,0.5,123.001174527215,0.5,123.497383225444,0.5,0.103636363636364,0.103636363636364,-0.0204492220270964,-0.69543246780124,-0.583408929977253,0.664713547234697,-0.0102696985394459,1.04889870764002,0.485938999689864,-0.487026400886023
20,0.65,5,91.4518953490771,NA,115.195043215202,0.5,112.979611047782,0.5,116.956034743936,0.5,116.750867788721,0.5,117.337983362866,0.5,116.486751156631,0.5,117.550814855377,0.5,116.544390352622,0.5,0.15,0.12952380952381,-0.469283587304972,0.799947066656884,-0.793593010243328,-0.205166955215603,1.06406369874625,0.381948618929627,0.0576391959912712,4.57120380759541
20,0.65,6,100.206133271932,NA,129.106378492184,0.5,129.468329354461,0.5,131.660458414383,0.5,129.947286155986,0.5,130.152117503517,0.5,130.717877084775,0.5,130.399936397362,0.5,130.50939915593,0.5,0.12952380952381,0.12952380952381,-0.942581329607577,0.452650241376091,0.357281652413008,-1.7131722583967,-0.317940687413028,-1.5083409108662,-0.20847792884561,0.931607042901192
20,0.65,7,87.8233852876827,NA,117.561828570627,0.5,116.292364116114,0.5,120.378163129337,0.5,120.265247609458,0.5,119.511334234764,0.5,120.119950146861,0.5,120.635631745645,0.5,120.758822698038,0.5,0.088888888888889,0.088888888888889,-0.258212982476081,0.370384136186928,1.24748846327468,-0.112915519879181,0.515681598783829,-0.866828894573587,0.638872551177172,4.34326762953116
20,0.65,8,84.6624862572035,NA,111.071532408612,0.5,109.388082876288,0.5,111.422817278505,0.5,111.526147149263,0.5,110.223237267567,0.5,111.329809202368,0.5,111.012226422096,0.5,110.809017060919,0.5,0.0730434782608695,0.0730434782608695,-0.0930080761373233,-0.513920727167573,0.585779793352145,0.103329870758387,-0.317582780271863,-1.19958001093848,-0.520792141449007,1.62414354580798
20,0.65,9,85.7260541669818,NA,114.147347379072,0.5,110.770169068553,0.5,117.447014577043,0.5,118.005483405906,0.5,115.609668634029,0.5,117.275557752432,0.5,116.210432315838,0.5,117.923321176797,0.5,0.117209302325581,0.103636363636364,-0.171456824610431,-1.79505109006804,2.31365254276815,0.558468828863582,-1.06512543659403,-1.83734594301383,0.647763424364754,5.44026324728499
20,0.65,10,77.0057765536469,NA,102.149150732468,0.5,98.6569098890055,0.5,102.516389611957,0.5,102.183425404905,0.5,102.335553037484,0.5,101.830446717778,0.5,102.793285843885,0.5,102.601048504409,0.5,0.0561702127659576,0.0730434782608695,-0.685942894178922,0.609860438980377,0.265495466925088,-0.332964207052314,0.962839126106985,-0.180836574473417,0.770601786630593,4.13637595487978
20,0.65,11,75.0088022688905,NA,99.0292003520987,0.5,93.4835476921433,0.5,98.7217328186821,0.5,98.4886762529722,0.5,98.2675128338042,0.5,98.4981345823325,0.5,98.0537507772582,0.5,97.6825328433441,0.5,0.0756521739130434,0.0756521739130434,-0.223598236349588,-0.434925475713968,-0.584979990460084,-0.233056565709859,-0.444383805074239,-0.454219984877895,-0.815601738988391,4.57020308511494
20,0.65,12,82.5970064474581,NA,107.347473027811,0.5,103.828311472388,0.5,108.597637504827,0.5,110.086941457509,0.5,108.172761353616,0.5,108.844227526319,0.5,108.74254499235,0.5,108.520551464417,0.5,0.088888888888889,0.0730434782608695,0.246590021492295,-1.34439646515952,0.347790110801142,1.48930395268198,-0.101682533969836,-0.424876151211507,-0.32367606190266,4.91423351996116
20,0.65,13,86.6499133018207,NA,112.102122289807,0.5,108.798933893125,0.5,113.289670117088,0.5,113.823185003129,0.5,112.72692754025,0.5,113.620279680299,0.5,113.630117520296,0.5,113.320296001275,0.5,0.131162790697674,0.126511627906977,0.33060956321097,-0.193067482833129,0.593368461025037,0.533514886040436,0.00983783999633658,-0.562742576838843,-0.299983679024777,4.83118362717047
20,0.65,14,87.1771122465449,NA,115.613668459676,0.5,111.200277020622,0.5,115.283006156059,0.5,114.271885212152,0.5,115.686747632312,0.5,115.5049282495,0.5,116.300996400439,0.5,115.289525351514,0.5,0.0924444444444446,0.0561702127659576,0.221922093440696,2.02911118828686,-0.397222280797862,-1.01112094390719,0.796068150938979,0.403741476253145,-0.215402897985413,5.10071937981624
20,0.65,15,101.382888759485,NA,124.669702978943,0.5,121.251978277407,0.5,125.399545089817,0.5,124.12207573126,0.5,125.236866166499,0.5,124.882401354037,0.5,124.175977092292,0.5,125.239943432584,0.5,0.117209302325581,0.103636363636364,-0.51714373578038,0.0539013610319046,0.00307726608491521,-1.27746935855723,-0.706424261744942,-0.162678923318481,0.357542078546814,2.92399881488478
20,0.65,16,91.8865200803499,NA,117.523556094553,0.5,112.700538737368,0.5,117.970673988618,0.5,118.140787817293,0.5,117.531098858022,0.5,117.39234366092,0.5,117.687761682923,0.5,118.102733427601,0.5,0.148292682926829,0.136190476190476,-0.578330327697941,-0.45302613436931,0.571634569578933,0.170113828674914,0.295418022003545,-0.439575130595543,0.710389766681331,4.98722294555532
20,0.65,17,84.5372290633,NA,112.733148029442,0.5,107.588549469604,0.5,113.293103764131,0.5,113.212044574294,0.5,113.185986664614,0.5,113.033301953849,0.5,113.680346275903,0.5,112.520360741564,0.5,0.0730434782608695,0.0730434782608695,-0.259801810282426,0.468301701609306,-0.665625923050783,-0.0810591898375321,0.6470443220542,-0.107117099517026,-0.512941212285384,6.09179680629936
20,0.65,18,84.8958139315248,NA,109.230060620469,0.5,107.159837044593,0.5,111.061366551573,0.5,110.56147928603,0.5,110.767827934481,0.5,110.724638241949,0.5,110.735243241872,0.5,112.043685455725,0.5,0.0730434782608695,0.0730434782608695,-0.336728309624803,0.173763955842929,1.2758575212444,-0.499887265543805,0.0106049999239275,-0.293538617092608,1.3190472137766,3.57540619727958
20,0.65,19,97.1742559351311,NA,120.742282099112,0.5,117.199439151431,0.5,121.763817064803,0.5,121.686804378238,0.5,121.591041189746,0.5,122.693395719358,0.5,121.901572934989,0.5,122.172002674906,0.5,0.140487804878049,0.12952380952381,0.92957865455567,0.214768556751324,0.580961485159946,-0.0770126865646148,-0.791822784368961,-0.172775875056914,-0.521393044452637,4.70213378355869
20,0.65,20,82.9460165838294,NA,108.887351343257,0.5,106.337541758361,0.5,110.53849333121,0.5,111.724928463772,0.5,110.455557672348,0.5,110.128582789217,0.5,110.601074089696,0.5,108.803594623701,0.5,0.103636363636364,0.088888888888889,-0.409910541992474,-1.12385437407619,-1.65196304864698,1.18643513256272,0.472491300479007,-0.0829356588613308,-1.32498816551583,4.26353233133533
20,0.65,21,96.2712625666299,NA,121.48015805429,0.5,118.861432553858,0.5,124.383365534812,0.5,125.316327555188,0.5,123.406020113491,0.5,122.957524626126,0.5,124.888968813182,0.5,123.796847229098,0.5,0.140487804878049,0.12952380952381,-1.42584090868627,-0.427358742005879,0.390827115606257,0.93296202037584,1.93144418705623,-0.977345421320479,0.839322602972047,6.02753625932385
20,0.65,22,85.0065102231291,NA,111.023356879642,0.5,112.588588557442,0.5,113.534261331954,0.5,114.443679725166,0.5,112.90035318697,0.5,113.881765892661,0.5,114.508495069289,0.5,111.946107210592,0.5,0.103636363636364,0.0561702127659576,0.347504560706625,0.0648153441233887,-0.954245976377905,0.909418393211325,0.626729176628089,-0.63390814498463,-1.93565868206916,1.91990651184678
20,0.65,23,96.3178272030563,NA,123.517782090849,0.5,122.982064929213,0.5,124.92630017951,0.5,125.686013793182,0.5,124.880012538888,0.5,124.123444071492,0.5,126.671286920343,0.5,124.320238946168,0.5,0.103636363636364,0.088888888888889,-0.802856108018048,0.985273127161207,-0.559773592719992,0.759713613671778,2.54784284885103,-0.0462876406219834,0.196794874676073,3.68922199113011
20,0.65,24,85.8974808255101,NA,108.897908562215,0.5,105.117053435621,0.5,110.023052324198,0.5,109.832360456785,0.5,110.090969107949,0.5,109.983550684762,0.5,109.857606130107,0.5,109.147576995806,0.5,0.0951111111111111,0.0756521739130434,-0.0395016394365229,0.0252456733217485,-0.943392112143158,-0.19069186741352,-0.125944554655248,0.0679167837510732,-0.835973688955562,4.74055269448537
20,0.65,25,79.9854855288145,NA,106.044943926763,0.5,102.271087389269,0.5,106.658044054258,0.5,106.08585437303,0.5,105.563655343161,0.5,105.887564489625,0.5,106.152591235876,0.5,103.982668439777,0.5,0.0383333333333333,0.0561702127659576,-0.770479564632566,0.066736862845616,-1.58098690338416,-0.572189681227869,0.265026746250314,-1.09438871109654,-1.90489604984813,3.88150384660615
20,0.65,26,94.7031187261566,NA,121.99474000851,0.5,122.844449709866,0.499999999999999,124.101176323517,0.5,124.559505210645,0.5,124.086631071443,0.5,123.519605970994,0.5,123.377764910151,0.5,122.703763462207,0.5,0.159,0.117209302325581,-0.581570352522263,-1.18174030049414,-1.38286760923638,0.458328887128857,-0.141841060843021,-0.0145452520734466,-0.815842508787568,0.533315200285159
20,0.65,27,86.4207547983092,NA,109.722032576658,0.5,108.354898595619,0.5,110.922884928174,0.5,111.688634350611,0.5,111.440332661329,0.5,111.792947706868,0.5,111.628908839772,0.5,111.792294398751,0.5,0.12952380952381,0.103636363636364,0.870062778693878,-0.0597255108382768,0.351961737421803,0.76574942243677,-0.164038867095385,0.517447733155024,-0.000653308117051665,3.27401024415298
20,0.65,28,85.6244716267189,NA,110.6271380737,0.5,108.233249124385,0.5,112.033614555379,0.5,112.393926816758,0.5,110.973567388612,0.5,111.657099781349,0.5,112.491352543008,0.5,110.75495085465,0.5,0.122790697674419,0.108181818181818,-0.376514774029815,0.0974257262494405,-0.218616533961921,0.360312261378795,0.83425276165805,-1.06004716676723,-0.90214892669934,4.25810341862299
20,0.65,29,83.3192148618394,NA,111.726342847147,0.5,111.346330098219,0.499999999999999,113.437894067208,0.5,111.732149134899,0.5,112.791072209084,0.5,112.999797911314,0.5,112.516721738617,0.5,114.495812914481,0.5,0.088888888888889,0.0730434782608695,-0.438096155894499,0.784572603718431,1.70474070539686,-1.70574493230933,-0.4830761726964,-0.646821858124099,1.49601500316726,1.17039164039839
20,0.65,30,81.4308172253701,NA,105.36392433305,0.5,101.340159223921,0.5,107.622765409038,0.5,107.938534145275,0.5,107.738818140448,0.5,107.640229998553,0.5,107.641157647459,0.5,107.289073493622,0.5,0.136190476190476,0.12952380952381,0.0174645895149297,-0.297376497815804,-0.449744646826403,0.315768736236663,0.000927648905928891,0.116052731410079,-0.351156504931254,6.30099842353826
20,0.65,31,81.6990060265867,NA,105.945255842782,0.5,100.411855524619,0.5,106.371663477261,0.5,106.221106696433,0.5,105.648293052322,0.5,106.848605562865,0.5,106.416383913813,0.5,106.212468790134,0.5,0.103636363636364,0.096888888888889,0.476942085603795,0.195277217379655,0.56417573781269,-0.150556780828197,-0.432221649052337,-0.723370424939418,-0.636136772730524,6.00452838919378
20,0.65,32,90.517698753767,NA,119.579149549918,0.5,113.780215316104,0.5,121.411983260013,0.5,120.589779478768,0.5,120.9998132346,0.5,120.242395000501,0.5,121.642587550933,0.5,120.643778870445,0.5,0.103636363636364,0.088888888888889,-1.16958825951228,1.05280807216467,-0.356034364154851,-0.822203781244923,1.40019255043202,-0.412170025413346,0.401383869944084,7.86237223482856
20,0.65,33,89.8618860518338,NA,114.581559813042,0.5,112.686295007169,0.5,115.323935394301,0.5,114.792324013745,0.5,115.180455243429,0.5,114.417959774105,0.5,114.07406710535,0.5,113.656051648865,0.5,0.17578947368421,0.167,-0.905975620195647,-0.71825690839465,-1.52440359456385,-0.531611380555759,-0.343892668754762,-0.143480150871554,-0.761908125239756,1.38777209818154
20,0.65,34,89.209574231922,NA,116.781123856441,0.5,114.572139118164,0.5,117.212067466121,0.5,121.114638363121,0.5,119.397028771962,0.5,118.187808277256,0.5,117.231204547531,0.5,119.513333398944,0.5,0.117209302325581,0.103636363636364,0.975740811134571,-3.88343381558956,0.116304626982085,3.90257089699949,-0.956603729724634,2.18496130584073,1.32552512168824,2.65906542936744
20,0.65,35,93.3071384763807,NA,120.482928906117,0.5,117.824539707271,0.5,121.796109526346,0.5,128.666150602561,0.5,122.706357693733,0.5,124.61716874139,0.5,126.157114882556,0.5,122.449972725717,0.5,0.158048780487805,0.148292682926829,2.82105921504377,-2.5090357200059,-0.256384968015922,6.87004107621517,1.5399461411655,0.910248167386655,-2.16719601567304,8.33257517528445
20,0.65,36,91.371284963141,NA,114.370768389197,0.5,112.181675477442,0.5,116.45452836603,0.5,115.519741628166,0.5,115.262736087983,0.5,116.820708526683,0.5,116.070110377161,0.5,115.350365668807,0.5,0.12952380952381,0.088888888888889,0.366180160652704,0.55036874899551,0.0876295808240855,-0.93478673786467,-0.750598149521863,-1.19179227804769,-1.4703428578763,3.88843489971966
20,0.65,37,86.3430818369266,NA,111.237277810458,0.5,106.370541436792,0.5,110.200464977786,0.5,108.429613857436,0.5,111.381598816876,0.5,111.307175773292,0.5,109.994430659189,0.5,110.60152622047,0.5,0.232631578947368,0.155238095238095,1.10671079550613,1.56481680175285,-0.780072596405574,-1.77085112034923,-1.31274511410251,1.18113383909011,-0.705649552821598,3.62388922239768
20,0.65,38,87.6138549690837,NA,109.861698184567,0.5,105.505692950118,0.5,111.266847596783,0.5,111.048624196031,0.5,110.557738591388,0.5,111.427009227144,0.5,110.740421476643,0.5,111.103620449303,0.5,0.12952380952381,0.117209302325581,0.160161630360648,-0.308202719388049,0.545881857915461,-0.218223400751612,-0.686587750500308,-0.709109005395248,-0.323388777840435,5.23472852652519
20,0.65,39,82.0831508938677,NA,105.25268100714,0.5,102.348795768416,0.5,106.136425873841,0.5,106.234383076408,0.5,104.887332309632,0.5,105.878918216352,0.5,105.905951749653,0.5,104.935298632984,0.5,0.117209302325581,0.088888888888889,-0.257507657489299,-0.328431326754952,0.0479663233520995,0.0979572025667181,0.027033533301065,-1.24909356420937,-0.943619583367976,3.55715598123753
20,0.65,40,87.9576195173441,NA,111.794097071639,0.5,108.548453731592,0.5,112.730610592156,0.5,111.293676521298,0.5,112.350464650582,0.5,112.831721173013,0.5,110.694758075821,0.5,112.575365689773,0.5,0.103636363636364,0.212307692307692,0.101110580857181,-0.598918445476926,0.224901039191721,-1.43693407085803,-2.13696309719214,-0.380145941574,-0.25635548323946,2.14630434422908
20,0.65,41,90.6962419671955,NA,121.592887118183,0.5,121.166290363961,0.5,122.06601763787,0.5,121.053423515456,0.5,120.933835327858,0.5,120.867679435299,0.5,122.259434911666,0.5,122.680017710201,0.5,0.111818181818182,0.0383333333333333,-1.19833820257026,1.20601139620948,1.74618238234353,-1.01259412241336,1.39175547636637,-1.1321823100118,1.81233827490199,1.0931445477042
20,0.65,42,90.310036546367,NA,121.740276404449,0.5,118.934347576838,0.5,124.378207277771,0.5,122.704093903301,0.5,123.666338611841,0.5,123.28048856276,0.5,124.594292597074,0.5,123.271701119727,0.5,0.103636363636364,0.088888888888889,-1.09771871501093,1.89019869377253,-0.394637492113986,-1.67411337446951,1.31380403431395,-0.711868665929998,-0.00878744303305723,5.65994502023581
20,0.65,43,86.5409456762462,NA,110.715553542061,0.5,108.679652188423,0.5,111.504874767148,0.5,111.272386805143,0.5,110.751057530811,0.5,111.615411516138,0.5,112.056341419762,0.5,111.084186201157,0.5,0.140487804878049,0.117209302325581,0.110536748990413,0.783954614618878,0.3331286703459,-0.232487962004441,0.440929903624024,-0.753817236336147,-0.531225314980659,3.37668923133911
20,0.65,44,88.7609012023387,NA,110.413157515762,0.5,106.299238621171,0.5,112.488041866683,0.5,112.008780913426,0.5,111.540649508612,0.5,111.261173909369,0.5,112.374645344362,0.5,112.883536841827,0.5,0.157948717948718,0.157948717948718,-1.22686795731403,0.365864430935773,1.342887333215,-0.479260953256912,1.11347143499289,-0.947392358070417,1.62236293245861,6.07540672319097
20,0.65,45,92.6966282333902,NA,115.119078966217,0.5,110.815695015985,0.5,117.175056928767,0.5,154.599148348758,0.5,115.258733445152,0.5,116.497300353239,0.5,141.868503471076,0.5,116.476958229329,0.5,0.534545454545455,0.461538461538461,-0.677756575528065,-12.7306448776823,1.21822478417634,37.4240914199911,25.3712031178369,-1.91632348361441,-0.0203421239099981,31.0528084550911
20,0.65,46,87.6340263913019,NA,113.534178691269,0.5,110.696703258129,0.5,115.519194869967,0.5,114.828776928944,0.5,114.984985392743,0.5,114.657706777946,0.5,114.705831032279,0.5,115.176523657341,0.5,0.140952380952381,0.126511627906977,-0.861488092021091,-0.122945896665158,0.191538264598222,-0.690417941023739,0.048124254332194,-0.534209477224863,0.51881687939445,4.00912777414948
20,0.65,47,83.272723764582,NA,110.253875903415,0.5,108.23834569212,0.5,111.333558289331,0.5,111.592686300896,0.5,110.549812835178,0.5,111.844168571015,0.5,110.906547172503,0.5,109.896264983368,0.5,0.0730434782608695,0.0730434782608695,0.510610281683753,-0.686139128392725,-0.653547851810089,0.259128011564599,-0.93762139851188,-0.783745454153348,-1.94790358764719,2.6682014803835
20,0.65,48,88.7112322091673,NA,114.626283692715,0.5,110.887576286183,0.5,114.982204138566,0.5,114.853049562085,0.5,114.209960454276,0.5,116.306350833824,0.5,115.2166291274,0.5,115.347483031218,0.5,0.103636363636364,0.088888888888889,1.32414669525791,0.363579565314581,1.13752257694124,-0.129154576481142,-1.08972170642447,-0.772243684289919,-0.958867802606591,4.32905284121726
20,0.65,49,87.854710843896,NA,113.440824774172,0.5,110.040369405241,0.5,116.483713272571,0.5,116.917587020082,0.5,114.958153114011,0.5,117.120682796923,0.5,116.170214896468,0.5,115.596552717025,0.5,0.12952380952381,0.12952380952381,0.636969524352054,-0.74737212361407,0.638399603014392,0.433873747510717,-0.950467900455408,-1.52556015856017,-1.52413007989783,6.12984549122633
20,0.65,50,83.439707258478,NA,105.895386380614,0.5,100.906112820307,0.5,107.201752112116,0.5,107.453404385936,0.5,107.325097064944,0.5,107.207149246539,0.5,108.099475471651,0.5,107.231473143848,0.5,0.103636363636364,0.103636363636364,0.00539713442330481,0.646071085715334,-0.0936239210962526,0.251652273819445,0.892326225111475,0.12334495282802,0.024323897308463,7.1933626513436
0.1,0.95,1,88.2658210382565,NA,116.349439557045,0.5,113.21063126312,0.5,117.343476834685,0.5,123.89729232744,0.5,116.729007743905,0.5,116.732300878528,0.5,123.759034845205,0.5,116.662188158802,0.5,0.375384615384615,0.351724137931035,-0.611175956156842,-0.138257482234991,-0.0668195851032465,6.55381549275509,7.02673396667694,-0.61446909077992,-0.0701127197263247,10.5484035820852
0.1,0.95,2,94.5268856764112,NA,123.221118322794,0.5,120.456649214762,0.5,123.303676681555,0.5,132.12006706647,0.5,124.114458905212,0.5,124.219384705371,0.5,132.147490780273,0.5,124.169262591319,0.5,0.396,0.387272727272727,0.915708023816677,0.0274237138027047,0.0548036861078458,8.81639038491554,7.92810607490156,0.810782223656815,-0.0501221140520158,11.6908415655108
0.1,0.95,3,86.3541578252522,NA,110.385766253294,0.5,103.440636378222,0.5,111.522738005137,0.5,115.135382055081,0.5,110.468431384328,0.5,111.331809491942,0.5,114.643271930668,0.5,110.373947880169,0.5,0.2575,0.201081081081081,-0.190928513195672,-0.49211012441333,-0.0944835041586884,3.61264404994397,3.31146243872631,-1.05430662080931,-0.95786161177233,11.2026355524465
0.1,0.95,4,97.6225801297228,NA,127.643568823336,0.5,127.415787971591,0.5,127.261518024503,0.5,141.660151612008,0.5,128.263099295301,0.5,127.162004872644,0.5,140.766340806873,0.5,127.563972522555,0.5,0.427368421052632,0.386666666666667,-0.0995131518588295,-0.893810805134507,-0.699126772745984,14.3986335875042,13.6043359342286,1.00158127079797,0.401967649910816,13.3505528352819
0.1,0.95,5,94.4480096336584,NA,119.850662265954,0.5,117.465779305915,0.5,121.669228788819,0.5,127.816106459358,0.5,122.043962135045,0.5,121.204618508683,0.5,127.810933739574,0.5,121.250035691225,0.5,0.365,0.34,-0.464610280135787,-0.00517271978397105,-0.793926443819714,6.14687767053881,6.60631523089063,0.37473334622571,0.0454171825417831,10.3451544336589
0.1,0.95,6,102.723047841373,NA,133.339022316023,0.5,133.574125247879,0.5,135.843418224199,0.5,143.759465005453,0.5,134.352357851712,0.5,135.078954026108,0.5,143.725893156857,0.5,134.741986549022,0.5,0.396190476190476,0.361739130434783,-0.764464198090565,-0.0335718485954715,0.389628697309547,7.91604678125412,8.64693913074922,-1.49106037248649,-0.336967477086375,10.1517679089787
0.1,0.95,7,89.7624138017381,NA,121.181126508513,0.5,119.639581403429,0.5,123.950454592336,0.5,139.160842986567,0.5,123.055221228422,0.5,123.683030958641,0.5,139.349632547548,0.5,124.282238536545,0.5,0.446153846153846,0.482666666666667,-0.267423633695401,0.188789560980325,1.22701730812248,15.2103883942315,15.6666015889072,-0.895233363913718,0.599207577904167,19.7100511441191
0.1,0.95,8,87.0618666114523,NA,115.156656761188,0.5,113.292022956131,0.5,115.561598611136,0.5,124.111758839719,0.5,114.295558277929,0.5,115.44713550743,0.5,124.029192705751,0.5,114.921391201088,0.5,0.380869565217391,0.353846153846154,-0.114463103706143,-0.0825661339688253,0.625832923158896,8.55016022858366,8.58205719832098,-1.26604033320682,-0.525744306341778,10.7371697496199
0.1,0.95,9,88.22919247162,NA,118.237861279937,0.5,114.653962633897,0.5,121.611349658651,0.5,133.2305435995,0.5,119.74568716337,0.5,121.427666209218,0.5,132.986851464789,0.5,122.042335228981,0.5,0.385,0.381052631578948,-0.18368344943292,-0.243692134711551,2.29664806561102,11.6191939408495,11.5591852555709,-1.86566249528133,0.614669019762616,18.3328888308915
0.1,0.95,10,78.9956328503657,NA,105.946055304439,0.5,102.225996766239,0.5,106.301954621698,0.5,109.766987610993,0.5,106.113974026363,0.5,105.615425754426,0.5,109.578952319148,0.5,106.377475654498,0.5,0.25875,0.236571428571429,-0.686528867271932,-0.188035291845154,0.263501628135458,3.46503298929522,3.963526564722,-0.187980595334864,0.762049900072526,7.35295555290891
0.1,0.95,11,76.9549860992773,NA,102.796897740098,0.5,96.9784685619745,0.5,102.498275695527,0.5,105.650793917685,0.5,102.010490620512,0.5,102.235829239617,0.5,105.851397762164,0.5,101.411220186675,0.5,0.242222222222222,0.219459459459459,-0.262446455909313,0.200603844478678,-0.599270433837248,3.15251822215859,3.61556852254658,-0.487785075014628,-0.824609052942563,8.87292920018946
0.1,0.95,12,84.9102197909444,NA,111.40802988419,0.5,107.634950598479,0.5,112.688363496858,0.5,118.237054270234,0.5,112.252446113787,0.5,112.946131646313,0.5,118.141955943743,0.5,112.589653816509,0.5,0.361538461538461,0.329655172413793,0.257768149455444,-0.095098326491069,0.337207702722083,5.54869077337628,5.19582429742977,-0.435917383071214,-0.356477829804575,10.5070053452639
0.1,0.95,13,89.2794454552676,NA,116.452722137761,0.5,112.935587195353,0.5,117.691758759227,0.5,122.714616354831,0.5,117.12982859798,0.5,117.798951282375,0.5,122.778395270263,0.5,117.727928601249,0.5,0.338461538461538,0.297333333333333,0.107192523148584,0.0637789154320956,0.598100003269039,5.02285759560388,4.97944398788739,-0.561930161246238,-0.0710226811257826,9.84280807490934
0.1,0.95,14,89.1409595868278,NA,119.355405959557,0.5,114.756419732996,0.5,118.978206123988,0.5,126.360386853927,0.5,119.399588439668,0.5,119.283478362243,0.5,126.538369147525,0.5,118.990173217441,0.5,0.380869565217391,0.348148148148148,0.305272238255114,0.177982293598589,-0.409415222226698,7.38218072993854,7.25489078528202,0.421382315679708,-0.293305144802105,11.7819494145296
0.1,0.95,15,104.61586902368,NA,129.607905890103,0.5,125.950597645227,0.5,130.366272604379,0.5,137.583411035486,0.5,130.130799688537,0.5,129.840070999354,0.5,137.6923405672,0.5,130.211832597316,0.5,0.419130434782609,0.3888,-0.52620160502525,0.108929531714523,0.081032908779548,7.21713843110638,7.85226956784615,-0.235472915842649,0.371761597962148,11.7417429219731
0.1,0.95,16,94.462526557865,NA,121.846111173959,0.5,116.820574673036,0.5,122.285369567282,0.5,129.507509918292,0.5,121.867912957347,0.5,121.743177882946,0.5,129.247263339715,0.5,122.45202215676,0.5,0.369090909090909,0.315862068965517,-0.54219168433626,-0.260246578577693,0.584109199413092,7.22214035101001,7.50408545676858,-0.417456609934817,0.708844273814535,12.4266886666788
0.1,0.95,17,86.5999834273785,NA,116.549515355835,0.5,111.127352544105,0.5,117.114228809673,0.5,123.544535246868,0.5,116.990300336925,0.5,116.813814179699,0.5,123.476466466168,0.5,116.28769143372,0.5,0.346086956521739,0.324444444444445,-0.300414629974398,-0.0680687806999032,-0.702608903204663,6.43030643719473,6.66265228646922,-0.123928472748446,-0.526122745978711,12.3491139220626
0.1,0.95,18,87.4765686560624,NA,113.504417507434,0.5,111.18741013571,0.5,115.410095568155,0.5,123.835851763314,0.5,115.086465715645,0.5,115.049076628165,0.5,123.640785548891,0.5,116.291462175494,0.5,0.455238095238095,0.448695652173913,-0.361018939990132,-0.195066214423221,1.20499645984931,8.42575619515968,8.59170892072659,-0.323629852509953,1.24238554732949,12.4533754131813
0.1,0.95,19,100.347042498307,NA,125.666191187423,0.5,121.996591062746,0.5,126.658954923341,0.5,129.736793036651,0.5,126.554148816084,0.5,127.490229234132,0.5,129.664887051914,0.5,127.154228365394,0.5,0.309333333333333,0.255757575757576,0.831274310791542,-0.0719059847366168,0.60007954931028,3.07783811331024,2.17465781778208,-0.104806107256721,-0.336000868737983,7.66829598916817
0.1,0.95,20,85.2987540481774,NA,112.930760632412,0.5,110.191961930668,0.5,114.615089800523,0.5,124.37391518262,0.5,114.521345746742,0.5,114.195919423886,0.5,124.265541907268,0.5,112.783827751921,0.5,0.449090909090909,0.4064,-0.419170376637382,-0.108373275351738,-1.73751799482123,9.75882538209675,10.0696224833824,-0.093744053781009,-1.41209167196486,14.0735799766002
0.1,0.95,21,99.2859732921194,NA,126.151584231082,0.5,123.35910864599,0.5,129.117818401903,0.5,137.048094389751,0.5,128.085437724234,0.5,127.660710887154,0.5,136.861240644575,0.5,128.47916692087,0.5,0.398,0.3616,-1.45710751474881,-0.186853745176109,0.39372919663586,7.93027598784778,9.20052975742048,-1.03238067766893,0.818456033715748,13.5021319985846
0.1,0.95,22,87.3840832131402,NA,115.108171489517,0.5,116.438605000966,0.5,117.597161700719,0.5,131.958674743253,0.5,116.948165893575,0.5,117.849254234143,0.5,131.738225301791,0.5,115.885862126393,0.5,0.542857142857143,0.5275,0.252092533423436,-0.220449441461625,-1.0623037671823,14.3615130425338,13.8889710676487,-0.648995807144203,-1.96339210774994,15.2996203008252
0.1,0.95,23,98.8317721155403,NA,127.757642048282,0.5,127.008020505697,0.5,129.180956363641,0.5,138.842157566161,0.5,129.136310072971,0.5,128.401301795944,0.5,138.91727883658,0.5,128.599053371658,0.5,0.466666666666667,0.465454545454546,-0.779654567696724,0.075121270418407,-0.537256701313026,9.66120120252077,10.5159770406359,-0.0446462906695615,0.197751575714136,11.9092583308829
0.1,0.95,24,88.880548381235,NA,113.61121112859,0.5,109.652904334569,0.5,114.779257084501,0.5,118.463669183494,0.5,114.837763018611,0.5,114.743234760026,0.5,118.336329025989,0.5,113.897500297902,0.5,0.29125,0.251111111111111,-0.0360223244747431,-0.127340157504932,-0.940262720708915,3.68441209899237,3.59309426596218,0.058505934109462,-0.84573446212471,8.68342469141913
0.1,0.95,25,81.9611235729405,NA,109.802066036795,0.5,105.706290788438,0.5,110.383474311771,0.5,120.089785791986,0.5,109.301073684106,0.5,109.732466936353,0.5,119.41642827298,0.5,107.684263687283,0.5,0.494736842105263,0.401538461538461,-0.651007375417777,-0.673357519006515,-1.61680999682312,9.70631148021504,9.6839613366263,-1.08240062766509,-2.04820324907044,13.7101374845413
0.1,0.95,26,97.1502603802456,NA,126.168571254999,0.5,126.778607829356,0.499999999999999,128.279566821872,0.5,143.121268004461,0.5,128.195064397154,0.5,127.70969195222,0.5,142.986043484804,0.5,126.88392740163,0.5,0.568571428571429,0.526666666666667,-0.569874869651144,-0.135224519656333,-1.31113699552336,14.8417011825891,15.2763515325839,-0.0845024247177548,-0.825764550589966,16.2074356554489
0.1,0.95,27,89.2059829941464,NA,114.181495374764,0.5,112.663076846691,0.5,115.421748974088,0.5,124.414014270228,0.5,115.921895741061,0.5,116.321493614043,0.5,124.378237975606,0.5,116.27787956483,0.5,0.443809523809524,0.422608695652174,0.899744639955017,-0.0357762946221669,0.355983823769606,8.99226529613989,8.05674436156271,0.500146766972293,-0.0436140492131187,11.7151611289148
0.1,0.95,28,88.1861546490005,NA,114.918572961557,0.5,112.337434052879,0.5,116.384374140792,0.5,121.176422711855,0.5,115.309375838138,0.5,115.999470942908,0.5,121.075394939466,0.5,115.101766748408,0.5,0.3344,0.311724137931034,-0.384903197884356,-0.101027772389287,-0.207609089729829,4.79204857106272,5.07592399655779,-1.07499830265445,-0.897704194499923,8.73796088658692
0.1,0.95,29,85.229692233658,NA,115.389068783653,0.5,114.766362849392,0.499999999999999,117.04058130091,0.5,127.163488505712,0.5,116.378260855777,0.5,116.588748407747,0.5,127.111594597242,0.5,118.056575486666,0.5,0.463529411764706,0.432380952380952,-0.451832893163029,-0.0518939084694949,1.67831463088964,10.1229072048019,10.5228461894955,-0.66232044513329,1.46782707891938,12.3452317478502
0.1,0.95,30,84.077440863156,NA,109.711878836847,0.5,105.419451383185,0.5,112.064659589008,0.5,115.817466608267,0.5,112.153800185776,0.5,111.933061941018,0.5,115.779418142037,0.5,111.703563431893,0.5,0.366153846153846,0.307096774193548,-0.131597647989935,-0.0380484662308618,-0.450236753883829,3.7528070192598,3.84635620101888,0.0891405967687859,-0.229498509125108,10.3599667588518
0.1,0.95,31,84.0095898708584,NA,110.048727054828,0.5,104.126664636933,0.5,110.454478135348,0.5,114.260648112045,0.5,109.752206893966,0.5,110.979215240261,0.5,114.254681796479,0.5,110.324082073886,0.5,0.298064516129032,0.250588235294118,0.524737104913328,-0.00596631556589955,0.571875179920227,3.8061699766978,3.27546655621857,-0.702271241381737,-0.655133166374839,10.1280171595468
0.1,0.95,32,92.8649955215508,NA,123.663233517405,0.5,117.661935027348,0.5,125.529325400898,0.5,131.958629127087,0.5,125.072465886955,0.5,124.381717646959,0.5,131.609834101875,0.5,124.746429649134,0.5,0.420869565217391,0.364444444444445,-1.14760775393881,-0.3487950252117,-0.326036237821086,6.42930372618838,7.22811645491549,-0.456859513943243,0.364712002174485,13.9478990745274
0.1,0.95,33,92.4529531854884,NA,118.94905359293,0.5,116.862449986229,0.5,119.69177399595,0.5,124.271562853731,0.5,119.527514455747,0.5,118.73840452265,0.5,124.397479965046,0.5,117.927839556636,0.5,0.342857142857143,0.308387096774194,-0.953369473299929,0.125917111315502,-1.59967489911126,4.57978885778138,5.65907544239681,-0.164259540202067,-0.810564966013402,7.53502997881786
0.1,0.95,34,91.5623946549835,NA,120.822602499193,0.5,118.321151318352,0.5,121.303967967142,0.5,140.70010132852,0.5,123.432133130304,0.5,122.18817148447,0.5,141.380646136113,0.5,123.5097744387,0.5,0.472941176470588,0.603333333333333,0.884203517328501,0.680544807592469,0.0776413083956413,19.3961333613788,19.1924746516428,2.12816516316229,1.32160295422943,23.0594948177609
0.1,0.95,35,95.8401000574397,NA,124.728836868965,0.5,121.834181672858,0.5,126.071528727476,0.5,147.337008966043,0.5,126.946630170728,0.5,128.808962305804,0.5,146.08045740706,0.5,126.650663902521,0.5,0.492631578947369,0.543157894736842,2.73743357832707,-1.25655155898289,-0.295966268206158,21.2654802385668,17.2714951012568,0.875101443251111,-2.15829840328212,24.2462757342025
0.1,0.95,36,94.2236076988015,NA,118.978558837429,0.5,116.500423811989,0.5,121.115083075451,0.5,123.383049131852,0.5,119.904333304293,0.5,121.477374002847,0.5,123.678192006603,0.5,119.989583976803,0.5,0.343703703703704,0.275151515151515,0.36229092739535,0.295142874751022,0.0852506725099715,2.26796605640072,2.2008180037564,-1.21074977115855,-1.48779002604392,7.17776819461376
0.1,0.95,37,88.7988510613502,NA,115.472655398898,0.5,110.343599712252,0.5,114.425920319572,0.5,119.157270005253,0.5,115.637719863837,0.5,115.57271485652,0.5,119.166757889956,0.5,114.823802778878,0.5,0.268387096774193,0.225882352941177,1.14679453694815,0.00948788470296336,-0.81391708495886,4.73134968568105,3.59404303343587,1.21179954426522,-0.748912077641791,8.82315817770352
0.1,0.95,38,90.4767978542671,NA,114.470573673772,0.5,109.865804976613,0.5,115.919065311728,0.5,118.682717086322,0.5,115.182592873903,0.5,116.098662470777,0.5,118.294927569247,0.5,115.753483099135,0.5,0.259354838709677,0.225142857142857,0.17959715904837,-0.38778951707549,0.57089022523239,2.76365177459392,2.19626509847006,-0.73647243782581,-0.345179371641791,8.42912259263369
0.1,0.95,39,84.624755145556,NA,109.548331552293,0.5,106.457513599692,0.5,110.417369249519,0.5,114.563896332663,0.5,109.125088033112,0.5,110.204807255361,0.5,114.494895669915,0.5,109.195756312,0.5,0.32,0.276470588235294,-0.212561994157923,-0.0690006627473991,0.070668278887922,4.14652708314368,4.2900884145542,-1.29228121640656,-1.00905094336072,8.03738207022337
0.1,0.95,40,90.5144391291801,NA,116.096437394581,0.5,112.670159715385,0.5,117.038636124129,0.5,123.19670129347,0.5,116.647816577794,0.5,117.155243409434,0.5,123.0407876802,0.5,116.879359270882,0.5,0.382608695652174,0.351111111111111,0.116607285304582,-0.155913613270371,0.231542693087633,6.15806516934057,5.88554427076562,-0.39081954633501,-0.275884138551959,10.3706279648145
0.1,0.95,41,92.6963144706907,NA,125.294648857568,0.5,124.659012605632,0.5,125.722808483879,0.5,137.205911011821,0.5,124.627419149169,0.5,124.474073395965,0.5,137.428653451648,0.5,126.28418859681,0.5,0.43764705882353,0.426666666666667,-1.24873508791437,0.222742439827613,1.65676944764175,11.4831025279414,12.9545800556833,-1.09538933471083,1.81011520084529,12.769640846016
0.1,0.95,42,92.2296810237149,NA,125.367884520065,0.5,122.399027126089,0.5,127.996876433287,0.5,135.641641746717,0.5,127.306182415375,0.5,126.815570568316,0.5,135.748577124249,0.5,126.898439190162,0.5,0.338947368421053,0.321739130434783,-1.18130586497136,0.106935377532068,-0.407743225212982,7.64476531342918,8.93300655593261,-0.690694017912733,0.0828686218456482,13.3495499981593
0.1,0.95,43,88.8782271075106,NA,114.831186291711,0.5,112.594399694259,0.5,115.636368385148,0.5,119.916624948633,0.5,114.870631838264,0.5,115.757700926557,0.5,119.610310479064,0.5,115.217538295641,0.5,0.422608695652174,0.305,0.121332541409132,-0.30631446956825,0.346906457377216,4.28025656348446,3.85260955250708,-0.765736546884654,-0.540162630916569,7.01591078480513
0.1,0.95,44,91.7825407948364,NA,115.146721805653,0.5,110.756780111261,0.5,117.270554967114,0.5,132.333752445845,0.5,116.329670427858,0.5,116.004965049113,0.5,131.53122777777,0.5,117.617652044759,0.5,0.527619047619048,0.425185185185185,-1.2655899180008,-0.802524668074881,1.28798161690135,15.0631974787312,15.5262627286571,-0.940884539256288,1.61268699564586,20.774447666509
0.1,0.95,45,95.7780946623764,NA,119.899729077886,0.5,115.351225189386,0.5,121.955822030181,0.5,161.678915734698,0.5,120.06617485514,0.5,121.250528806773,0.5,149.110757865858,0.5,121.409563675742,0.5,0.6,0.628,-0.705293223408461,-12.5681578688396,1.34338882060223,39.7230937045164,27.8602290590852,-1.88964717504163,0.159034868969059,33.7595326764718
0.1,0.95,46,90.0334443872856,NA,117.644549047083,0.5,114.534314535256,0.5,119.681313202551,0.5,127.399064100211,0.5,119.11626220009,0.5,118.79862993632,0.5,127.241323291874,0.5,119.273886494191,0.5,0.448421052631579,0.427272727272727,-0.882683266230501,-0.157740808336072,0.157624294100543,7.7177508976598,8.44269335555423,-0.565051002460748,0.475256557870296,12.7070087566182
0.1,0.95,47,85.5287448514076,NA,114.252201064065,0.5,111.966626718031,0.5,115.329178473599,0.5,123.077675352338,0.5,114.521919572593,0.5,115.818550130829,0.5,122.922402691267,0.5,113.749790848026,0.5,0.418181818181818,0.342857142857143,0.489371657230052,-0.155272661070995,-0.772128724567409,7.74849687873947,7.10385256043843,-0.807258901005767,-2.06875928280323,10.955775973236
0.1,0.95,48,91.082546959511,NA,118.747409258762,0.5,114.790055195125,0.5,119.034031751244,0.5,129.100256468017,0.5,118.227202139487,0.5,120.292752585889,0.5,128.935019170149,0.5,119.433153364052,0.5,0.48,0.426086956521739,1.25872083464462,-0.165237297867975,1.20595122456479,10.0662247167725,8.64226658425993,-0.80682961175674,-0.859599221836575,14.1449639750235
0.1,0.95,49,90.4319316941373,NA,117.700332261782,0.5,114.02370405673,0.5,120.753259139934,0.5,129.485574724679,0.5,119.236960659737,0.5,121.408269974205,0.5,129.624250469566,0.5,119.84712763428,0.5,0.424,0.412727272727273,0.65501083427192,0.138675744887109,0.610166974543304,8.73231558474505,8.21598049536024,-1.51629848019685,-1.56114233992547,15.6005464128353
0.1,0.95,50,86.2656537543993,NA,110.446055922108,0.5,105.121164296556,0.5,111.817758960102,0.5,114.570448486941,0.5,111.949922696437,0.5,111.850558865853,0.5,114.343185280897,0.5,111.883086893433,0.5,0.254117647058824,0.19578947368421,0.0327999057513324,-0.227263206043517,-0.0668358030041105,2.75268952683894,2.49262641504409,0.132163736335485,0.0325280275800424,9.22202098434178
1,0.95,1,88.2658210382565,NA,116.349439557045,0.5,113.21063126312,0.5,117.343476834685,0.5,121.360242387113,0.5,116.729007743905,0.5,116.732300878528,0.5,121.145580371923,0.5,116.662188158802,0.5,0.333333333333333,0.270857142857143,-0.611175956156842,-0.214662015189717,-0.0668195851032465,4.0167655524277,4.41327949339482,-0.61446909077992,-0.0701127197263247,7.93494910880307
1,0.95,2,94.5268856764112,NA,123.221118322794,0.5,120.456649214762,0.5,123.303676681555,0.5,129.578332407479,0.5,124.114458905212,0.5,124.219384705371,0.5,129.452381672229,0.5,124.169262591319,0.5,0.371851851851852,0.304242424242424,0.915708023816677,-0.125950735250456,0.0548036861078458,6.27465572592448,5.23299696685734,0.810782223656815,-0.0501221140520158,8.9957324574666
1,0.95,3,86.3541578252522,NA,110.385766253294,0.5,103.440636378222,0.5,111.522738005137,0.5,112.539113543665,0.5,110.468431384328,0.5,111.331809491942,0.5,112.454975861718,0.5,110.373947880169,0.5,0.145714285714286,0.110909090909091,-0.190928513195672,-0.0841376819471265,-0.0944835041586884,1.0163755385279,1.12316636977644,-1.05430662080931,-0.95786161177233,9.0143394834966
1,0.95,4,97.6225801297228,NA,127.643568823336,0.5,127.415787971591,0.5,127.261518024503,0.5,138.934230930508,0.5,128.263099295301,0.5,127.162004872644,0.5,138.901164455833,0.5,127.563972522555,0.5,0.471304347826087,0.407407407407407,-0.0995131518588295,-0.0330664746743992,-0.699126772745984,11.6727129060046,11.739159583189,1.00158127079797,0.401967649910816,11.4853764842423
1,0.95,5,94.4480096336584,NA,119.850662265954,0.5,117.465779305915,0.5,121.669228788819,0.5,126.137893841845,0.5,122.043962135045,0.5,121.204618508683,0.5,125.995379022213,0.5,121.250035691225,0.5,0.270588235294118,0.252571428571429,-0.464610280135787,-0.142514819631259,-0.793926443819714,4.46866505302567,4.7907605135302,0.37473334622571,0.0454171825417831,8.52959971629845
1,0.95,6,102.723047841373,NA,133.339022316023,0.5,133.574125247879,0.5,135.843418224199,0.5,141.844593272365,0.5,134.352357851712,0.5,135.078954026108,0.5,141.560140821693,0.5,134.741986549022,0.5,0.3824,0.371428571428571,-0.764464198090565,-0.284452450671949,0.389628697309547,6.00117504816629,6.4811867955849,-1.49106037248649,-0.336967477086375,7.98601557381434
1,0.95,7,89.7624138017381,NA,121.181126508513,0.5,119.639581403429,0.5,123.950454592336,0.5,139.308350945041,0.5,123.055221228422,0.5,123.683030958641,0.5,139.529365616103,0.5,124.282238536545,0.5,0.408,0.447272727272727,-0.267423633695401,0.221014671062875,1.22701730812248,15.3578963527046,15.8463346574629,-0.895233363913718,0.599207577904167,19.8897842126747
1,0.95,8,87.0618666114523,NA,115.156656761188,0.5,113.292022956131,0.5,115.561598611136,0.5,120.993973612172,0.5,114.295558277929,0.5,115.44713550743,0.5,120.712621904372,0.5,114.921391201088,0.5,0.31375,0.251111111111111,-0.114463103706143,-0.281351707800326,0.625832923158896,5.43237500103621,5.26548639694202,-1.26604033320682,-0.525744306341778,7.42059894824095
1,0.95,9,88.22919247162,NA,118.237861279937,0.5,114.653962633897,0.5,121.611349658651,0.5,130.526150677496,0.5,119.74568716337,0.5,121.427666209218,0.5,130.25204296263,0.5,122.042335228981,0.5,0.418333333333333,0.379259259259259,-0.18368344943292,-0.274107714865494,2.29664806561102,8.91480101884483,8.82437675341225,-1.86566249528133,0.614669019762616,15.5980803287329
1,0.95,10,78.9956328503657,NA,105.946055304439,0.5,102.225996766239,0.5,106.301954621698,0.5,107.917796689187,0.5,106.113974026363,0.5,105.615425754426,0.5,107.777740206217,0.5,106.377475654498,0.5,0.168780487804878,0.096888888888889,-0.686528867271932,-0.140056482969385,0.263501628135458,1.61584206748927,2.16231445179181,-0.187980595334864,0.762049900072526,5.55174343997872
1,0.95,11,76.9549860992773,NA,102.796897740098,0.5,96.9784685619745,0.5,102.498275695527,0.5,103.421104970354,0.5,102.010490620512,0.5,102.235829239617,0.5,103.4924359187,0.5,101.411220186675,0.5,0.130232558139535,0.077391304347826,-0.262446455909313,0.0713309483468123,-0.599270433837248,0.922829274826981,1.25660667908311,-0.487785075014628,-0.824609052942563,6.51396735672598
1,0.95,12,84.9102197909444,NA,111.40802988419,0.5,107.634950598479,0.5,112.688363496858,0.5,115.985452365345,0.5,112.252446113787,0.5,112.946131646313,0.5,116.041163492629,0.5,112.589653816509,0.5,0.301176470588235,0.245405405405406,0.257768149455444,0.0557111272837432,0.337207702722083,3.29708886848698,3.09503184631528,-0.435917383071214,-0.356477829804575,8.4062128941494
1,0.95,13,89.2794454552676,NA,116.452722137761,0.5,112.935587195353,0.5,117.691758759227,0.5,120.658989113291,0.5,117.12982859798,0.5,117.798951282375,0.5,120.41548645483,0.5,117.727928601249,0.5,0.265142857142857,0.241111111111111,0.107192523148584,-0.243502658461139,0.598100003269039,2.96723035406448,2.61653517245476,-0.561930161246238,-0.0710226811257826,7.47989925947671
1,0.95,14,89.1409595868278,NA,119.355405959557,0.5,114.756419732996,0.5,118.978206123988,0.5,124.147851427518,0.5,119.399588439668,0.5,119.283478362243,0.5,124.228987881587,0.5,118.990173217441,0.5,0.332903225806452,0.287058823529412,0.305272238255114,0.0811364540685844,-0.409415222226698,5.1696453035303,4.94550951934377,0.421382315679708,-0.293305144802105,9.47256814859135
1,0.95,15,104.61586902368,NA,129.607905890103,0.5,125.950597645227,0.5,130.366272604379,0.5,135.075907150644,0.5,130.130799688537,0.5,129.840070999354,0.5,134.895574986188,0.5,130.211832597316,0.5,0.294545454545455,0.266285714285714,-0.52620160502525,-0.180332164456104,0.081032908779548,4.70963454626522,5.05550398683437,-0.235472915842649,0.371761597962148,8.9449773409613
1,0.95,16,94.462526557865,NA,121.846111173959,0.5,116.820574673036,0.5,122.285369567282,0.5,127.140048767567,0.5,121.867912957347,0.5,121.743177882946,0.5,126.453197912566,0.5,122.45202215676,0.5,0.299393939393939,0.235675675675676,-0.54219168433626,-0.686850855000714,0.584109199413092,4.85467920028478,4.71002002962032,-0.417456609934817,0.708844273814535,9.63262323953055
1,0.95,17,86.5999834273785,NA,116.549515355835,0.5,111.127352544105,0.5,117.114228809673,0.5,120.668839488313,0.5,116.990300336925,0.5,116.813814179699,0.5,121.031132780191,0.5,116.28769143372,0.5,0.258064516129032,0.207777777777778,-0.300414629974398,0.362293291877904,-0.702608903204663,3.55461067864019,4.21731860049249,-0.123928472748446,-0.526122745978711,9.90378023608589
1,0.95,18,87.4765686560624,NA,113.504417507434,0.5,111.18741013571,0.5,115.410095568155,0.5,121.293917007072,0.5,115.086465715645,0.5,115.049076628165,0.5,121.06067941074,0.5,116.291462175494,0.5,0.33,0.277714285714286,-0.361018939990132,-0.23323759633206,1.20499645984931,5.88382143891727,6.01160278257534,-0.323629852509953,1.24238554732949,9.87326927503003
1,0.95,19,100.347042498307,NA,125.666191187423,0.5,121.996591062746,0.5,126.658954923341,0.5,128.359068959382,0.5,126.554148816084,0.5,127.490229234132,0.5,128.150140159839,0.5,127.154228365394,0.5,0.236666666666667,0.208421052631579,0.831274310791542,-0.208928799543571,0.60007954931028,1.70011403604144,0.659910925706328,-0.104806107256721,-0.336000868737983,6.15354909709242
1,0.95,20,85.2987540481774,NA,112.930760632412,0.5,110.191961930668,0.5,114.615089800523,0.5,122.56522126375,0.5,114.521345746742,0.5,114.195919423886,0.5,122.368225594006,0.5,112.783827751921,0.5,0.4528,0.32,-0.419170376637382,-0.196995669743615,-1.73751799482123,7.95013146322668,8.17230617012045,-0.093744053781009,-1.41209167196486,12.1762636633382
1,0.95,21,99.2859732921194,NA,126.151584231082,0.5,123.35910864599,0.5,129.117818401903,0.5,135.388053623532,0.5,128.085437724234,0.5,127.660710887154,0.5,134.841634263223,0.5,128.47916692087,0.5,0.4304,0.388571428571429,-1.45710751474881,-0.546419360309102,0.39372919663586,6.27023522162844,7.18092337606815,-1.03238067766893,0.818456033715748,11.4825256172323
1,0.95,22,87.3840832131402,NA,115.108171489517,0.5,116.438605000966,0.5,117.597161700719,0.5,130.780754103418,0.5,116.948165893575,0.5,117.849254234143,0.5,130.131941336658,0.5,115.885862126393,0.5,0.554666666666667,0.522105263157895,0.252092533423436,-0.648812766760045,-1.0623037671823,13.1835924026989,12.2826871025154,-0.648995807144203,-1.96339210774994,13.6933363356918
1,0.95,23,98.8317721155403,NA,127.757642048282,0.5,127.008020505697,0.5,129.180956363641,0.5,137.715320205399,0.5,129.136310072971,0.5,128.401301795944,0.5,137.564013239687,0.5,128.599053371658,0.5,0.485454545454546,0.453333333333333,-0.779654567696724,-0.15130696571228,-0.537256701313026,8.53436384175848,9.16271144374292,-0.0446462906695615,0.197751575714136,10.5559927339899
1,0.95,24,88.880548381235,NA,113.61121112859,0.5,109.652904334569,0.5,114.779257084501,0.5,117.486692282172,0.5,114.837763018611,0.5,114.743234760026,0.5,117.18704260142,0.5,113.897500297902,0.5,0.210526315789474,0.160975609756097,-0.0360223244747431,-0.299649680751997,-0.940262720708915,2.70743519767075,2.44380784139349,0.058505934109462,-0.84573446212471,7.53413826685045
1,0.95,25,81.9611235729405,NA,109.802066036795,0.5,105.706290788438,0.5,110.383474311771,0.5,118.611212885011,0.5,109.301073684106,0.5,109.732466936353,0.5,118.347693941755,0.5,107.684263687283,0.5,0.419259259259259,0.296470588235294,-0.651007375417777,-0.263518943255846,-1.61680999682312,8.22773857323975,8.61522700540168,-1.08240062766509,-2.04820324907044,12.6414031533167
1,0.95,26,97.1502603802456,NA,126.168571254999,0.5,126.778607829356,0.499999999999999,128.279566821872,0.5,141.464522790768,0.5,128.195064397154,0.5,127.70969195222,0.5,141.443389524232,0.5,126.88392740163,0.5,0.581538461538462,0.528421052631579,-0.569874869651144,-0.0211332665360828,-1.31113699552336,13.1849559688966,13.7336975720117,-0.0845024247177548,-0.825764550589966,14.6647816948766
1,0.95,27,89.2059829941464,NA,114.181495374764,0.5,112.663076846691,0.5,115.421748974088,0.5,122.820682891674,0.5,115.921895741061,0.5,116.321493614043,0.5,122.377434011229,0.5,116.27787956483,0.5,0.336,0.28969696969697,0.899744639955017,-0.443248880445381,0.355983823769606,7.39893391758615,6.05594039718575,0.500146766972293,-0.0436140492131187,9.71435716453789
1,0.95,28,88.1861546490005,NA,114.918572961557,0.5,112.337434052879,0.5,116.384374140792,0.5,118.809317398901,0.5,115.309375838138,0.5,115.999470942908,0.5,119.090834282217,0.5,115.101766748408,0.5,0.208421052631579,0.173,-0.384903197884356,0.281516883315987,-0.207609089729829,2.42494325810922,3.09136333930957,-1.07499830265445,-0.897704194499923,6.7534002293387
1,0.95,29,85.229692233658,NA,115.389068783653,0.5,114.766362849392,0.499999999999999,117.04058130091,0.5,124.383089021987,0.5,116.378260855777,0.5,116.588748407747,0.5,124.302738727927,0.5,118.056575486666,0.5,0.4016,0.36,-0.451832893163029,-0.0803502940599685,1.67831463088964,7.34250772107742,7.71399032018049,-0.66232044513329,1.46782707891938,9.53637587853525
1,0.95,30,84.077440863156,NA,109.711878836847,0.5,105.419451383185,0.5,112.064659589008,0.5,113.929483302291,0.5,112.153800185776,0.5,111.933061941018,0.5,113.920897671217,0.5,111.703563431893,0.5,0.254444444444444,0.217894736842105,-0.131597647989935,-0.00858563107368582,-0.450236753883829,1.86482371328327,1.98783573019952,0.0891405967687859,-0.229498509125108,8.50144628803248
1,0.95,31,84.0095898708584,NA,110.048727054828,0.5,104.126664636933,0.5,110.454478135348,0.5,112.70121192241,0.5,109.752206893966,0.5,110.979215240261,0.5,112.981869374316,0.5,110.324082073886,0.5,0.207368421052631,0.171,0.524737104913328,0.280657451906194,0.571875179920227,2.2467337870621,2.00265413405496,-0.702271241381737,-0.655133166374839,8.8552047373832
1,0.95,32,92.8649955215508,NA,123.663233517405,0.5,117.661935027348,0.5,125.529325400898,0.5,130.111042093208,0.5,125.072465886955,0.5,124.381717646959,0.5,130.141431622017,0.5,124.746429649134,0.5,0.406153846153846,0.346666666666666,-1.14760775393881,0.0303895288096214,-0.326036237821086,4.58171669230956,5.75971397505799,-0.456859513943243,0.364712002174485,12.4794965946699
1,0.95,33,92.4529531854884,NA,118.94905359293,0.5,116.862449986229,0.5,119.69177399595,0.5,121.039299343785,0.5,119.527514455747,0.5,118.73840452265,0.5,121.157606771168,0.5,117.927839556636,0.5,0.30375,0.262857142857143,-0.953369473299929,0.118307427383286,-1.59967489911126,1.34752534783524,2.41920224851846,-0.164259540202067,-0.810564966013402,4.29515678493951
1,0.95,34,91.5623946549835,NA,120.822602499193,0.5,118.321151318352,0.5,121.303967967142,0.5,138.746341545945,0.5,123.432133130304,0.5,122.18817148447,0.5,139.666442515928,0.5,123.5097744387,0.5,0.522105263157895,0.626666666666667,0.884203517328501,0.920100969983224,0.0776413083956413,17.442373578803,17.4782710314578,2.12816516316229,1.32160295422943,21.3452911975759
1,0.95,35,95.8401000574397,NA,124.728836868965,0.5,121.834181672858,0.5,126.071528727476,0.5,146.63885404161,0.5,126.946630170728,0.5,128.808962305804,0.5,144.863564212617,0.5,126.650663902521,0.5,0.488421052631579,0.565,2.73743357832707,-1.77528982899338,-0.295966268206158,20.5673253141336,16.0546019068131,0.875101443251111,-2.15829840328212,23.0293825397588
1,0.95,36,94.2236076988015,NA,118.978558837429,0.5,116.500423811989,0.5,121.115083075451,0.5,123.294421055905,0.5,119.904333304293,0.5,121.477374002847,0.5,123.214262662133,0.5,119.989583976803,0.5,0.236666666666667,0.202105263157895,0.36229092739535,-0.0801583937721233,0.0852506725099715,2.17933798045352,1.73688865928605,-1.21074977115855,-1.48779002604392,6.71383885014342
1,0.95,37,88.7988510613502,NA,115.472655398898,0.5,110.343599712252,0.5,114.425920319572,0.5,117.113510083096,0.5,115.637719863837,0.5,115.57271485652,0.5,117.083299471009,0.5,114.823802778878,0.5,0.167,0.148292682926829,1.14679453694815,-0.0302106120866625,-0.81391708495886,2.6875897635244,1.51058461448959,1.21179954426522,-0.748912077641791,6.73969975875724
1,0.95,38,90.4767978542671,NA,114.470573673772,0.5,109.865804976613,0.5,115.919065311728,0.5,115.412618252007,0.5,115.182592873903,0.5,116.098662470777,0.5,115.811808782291,0.5,115.753483099135,0.5,0.12952380952381,0.12952380952381,0.17959715904837,0.39919053028396,0.57089022523239,-0.506447059721012,-0.286853688485422,-0.73647243782581,-0.345179371641791,5.9460038056782
1,0.95,39,84.624755145556,NA,109.548331552293,0.5,106.457513599692,0.5,110.417369249519,0.5,113.960941611793,0.5,109.125088033112,0.5,110.204807255361,0.5,113.812439955985,0.5,109.195756312,0.5,0.227368421052631,0.192,-0.212561994157923,-0.148501655807863,0.070668278887922,3.54357236227365,3.60763270062371,-1.29228121640656,-1.00905094336072,7.35492635629288
1,0.95,40,90.5144391291801,NA,116.096437394581,0.5,112.670159715385,0.5,117.038636124129,0.5,119.983812948702,0.5,116.647816577794,0.5,117.155243409434,0.5,120.326862961423,0.5,116.879359270882,0.5,0.323870967741936,0.245555555555556,0.116607285304582,0.343050012720795,0.231542693087633,2.9451768245728,3.17161955198901,-0.39081954633501,-0.275884138551959,7.65670324603788
1,0.95,41,92.6963144706907,NA,125.294648857568,0.5,124.659012605632,0.5,125.722808483879,0.5,135.389028019294,0.5,124.627419149169,0.5,124.474073395965,0.5,135.269773415802,0.5,126.28418859681,0.5,0.446315789473684,0.398333333333333,-1.24873508791437,-0.119254603492436,1.65676944764175,9.66621953541508,10.795700019837,-1.09538933471083,1.81011520084529,10.6107608101697
1,0.95,42,92.2296810237149,NA,125.367884520065,0.5,122.399027126089,0.5,127.996876433287,0.5,134.216697757607,0.5,127.306182415375,0.5,126.815570568316,0.5,134.238489069404,0.5,126.898439190162,0.5,0.402,0.375652173913043,-1.18130586497136,0.0217913117965054,-0.407743225212982,6.21982132432005,7.42291850108792,-0.690694017912733,0.0828686218456482,11.8394619433146
1,0.95,43,88.8782271075106,NA,114.831186291711,0.5,112.594399694259,0.5,115.636368385148,0.5,118.104816840562,0.5,114.870631838264,0.5,115.757700926557,0.5,118.268698448531,0.5,115.217538295641,0.5,0.303030303030303,0.265142857142857,0.121332541409132,0.163881607968975,0.346906457377216,2.46844845541354,2.51099752197338,-0.765736546884654,-0.540162630916569,5.67429875427143
1,0.95,44,91.7825407948364,NA,115.146721805653,0.5,110.756780111261,0.5,117.270554967114,0.5,130.883466203184,0.5,116.329670427858,0.5,116.004965049113,0.5,130.132166175476,0.5,117.617652044759,0.5,0.422857142857143,0.328484848484849,-1.2655899180008,-0.751300027708623,1.28798161690135,13.6129112360703,14.1272011263625,-0.940884539256288,1.61268699564586,19.3753860642144
1,0.95,45,95.7780946623764,NA,119.899729077886,0.5,115.351225189386,0.5,121.955822030181,0.5,162.337179211612,0.5,120.06617485514,0.5,121.250528806773,0.5,146.764434100789,0.5,121.409563675742,0.5,0.702222222222222,0.64,-0.705293223408461,-15.5727451108233,1.34338882060223,40.3813571814305,25.5139052940156,-1.88964717504163,0.159034868969059,31.4132089114023
1,0.95,46,90.0334443872856,NA,117.644549047083,0.5,114.534314535256,0.5,119.681313202551,0.5,124.098488426841,0.5,119.11626220009,0.5,118.79862993632,0.5,124.578425700842,0.5,119.273886494191,0.5,0.4112,0.332903225806452,-0.882683266230501,0.479937274000292,0.157624294100543,4.41717522429057,5.77979576452137,-0.565051002460748,0.475256557870296,10.0441111655854
1,0.95,47,85.5287448514076,NA,114.252201064065,0.5,111.966626718031,0.5,115.329178473599,0.5,121.089739622547,0.5,114.521919572593,0.5,115.818550130829,0.5,120.594884759,0.5,113.749790848026,0.5,0.318620689655172,0.271764705882353,0.489371657230052,-0.494854863546848,-0.772128724567409,5.76056114894841,4.77633462817151,-0.807258901005767,-2.06875928280323,8.62825804096904
1,0.95,48,91.082546959511,NA,118.747409258762,0.5,114.790055195125,0.5,119.034031751244,0.5,127.749983667083,0.5,118.227202139487,0.5,120.292752585889,0.5,127.345422179365,0.5,119.433153364052,0.5,0.426153846153846,0.32875,1.25872083464462,-0.404561487718752,1.20595122456479,8.71595191583914,7.05266959347577,-0.80682961175674,-0.859599221836575,12.5553669842393
1,0.95,49,90.4319316941373,NA,117.700332261782,0.5,114.02370405673,0.5,120.753259139934,0.5,128.054525158264,0.5,119.236960659737,0.5,121.408269974205,0.5,127.537691357399,0.5,119.84712763428,0.5,0.42,0.361428571428571,0.65501083427192,-0.51683380086503,0.610166974543304,7.30126601833057,6.12942138319362,-1.51629848019685,-1.56114233992547,13.5139873006687
1,0.95,50,86.2656537543993,NA,110.446055922108,0.5,105.121164296556,0.5,111.817758960102,0.5,113.589637034627,0.5,111.949922696437,0.5,111.850558865853,0.5,113.578464488355,0.5,111.883086893433,0.5,0.160975609756097,0.127441860465116,0.0327999057513324,-0.0111725462717231,-0.0668358030041105,1.77187807452503,1.72790562250198,0.132163736335485,0.0325280275800424,8.45730019179967
5,0.95,1,88.2658210382565,NA,116.349439557045,0.5,113.21063126312,0.5,117.343476834685,0.5,115.902395703649,0.5,116.729007743905,0.5,116.732300878528,0.5,115.158785505378,0.5,116.662188158802,0.5,0.145714285714286,0.143809523809524,-0.611175956156842,-0.743610198270503,-0.0668195851032465,-1.44108113103599,-1.57351537314965,-0.61446909077992,-0.0701127197263247,1.9481542422586
5,0.95,2,94.5268856764112,NA,123.221118322794,0.5,120.456649214762,0.5,123.303676681555,0.5,124.854185242725,0.5,124.114458905212,0.5,124.219384705371,0.5,125.188078944053,0.5,124.169262591319,0.5,0.148292682926829,0.117209302325581,0.915708023816677,0.333893701327995,0.0548036861078458,1.55050856117022,0.968694238681536,0.810782223656815,-0.0501221140520158,4.7314297292908
5,0.95,3,86.3541578252522,NA,110.385766253294,0.5,103.440636378222,0.5,111.522738005137,0.5,111.106841855653,0.5,110.468431384328,0.5,111.331809491942,0.5,111.30907644665,0.5,110.373947880169,0.5,0.0924444444444446,0.114545454545455,-0.190928513195672,0.202234590996937,-0.0944835041586884,-0.415896149484198,-0.0227330452915879,-1.05430662080931,-0.95786161177233,7.86844006842857
5,0.95,4,97.6225801297228,NA,127.643568823336,0.5,127.415787971591,0.5,127.261518024503,0.5,128.834180889277,0.5,128.263099295301,0.5,127.162004872644,0.5,128.778979331014,0.5,127.563972522555,0.5,0.103636363636364,0.088888888888889,-0.0995131518588295,-0.0552015582629508,-0.699126772745984,1.57266286477335,1.61697445836923,1.00158127079797,0.401967649910816,1.36319135942256
5,0.95,5,94.4480096336584,NA,119.850662265954,0.5,117.465779305915,0.5,121.669228788819,0.5,122.703391544223,0.5,122.043962135045,0.5,121.204618508683,0.5,123.121930315116,0.5,121.250035691225,0.5,0.167,0.148292682926829,-0.464610280135787,0.418538770892468,-0.793926443819714,1.03416275540441,1.91731180643266,0.37473334622571,0.0454171825417831,5.65615100920091
5,0.95,6,102.723047841373,NA,133.339022316023,0.5,133.574125247879,0.5,135.843418224199,0.5,135.051090779071,0.5,134.352357851712,0.5,135.078954026108,0.5,136.351369964686,0.5,134.741986549022,0.5,0.148292682926829,0.136190476190476,-0.764464198090565,1.30027918561504,0.389628697309547,-0.792327445127825,1.27241593857778,-1.49106037248649,-0.336967477086375,2.77724471680722
5,0.95,7,89.7624138017381,NA,121.181126508513,0.5,119.639581403429,0.5,123.950454592336,0.5,129.550918563191,0.5,123.055221228422,0.5,123.683030958641,0.5,129.860493690789,0.5,124.282238536545,0.5,0.268888888888889,0.282285714285714,-0.267423633695401,0.309575127598066,1.22701730812248,5.60046397085524,6.17746273214871,-0.895233363913718,0.599207577904167,10.2209122873605
5,0.95,8,87.0618666114523,NA,115.156656761188,0.5,113.292022956131,0.5,115.561598611136,0.5,116.589748690022,0.5,114.295558277929,0.5,115.44713550743,0.5,116.09912252165,0.5,114.921391201088,0.5,0.103636363636364,0.088888888888889,-0.114463103706143,-0.4906261683727,0.625832923158896,1.02815007888653,0.651987014219969,-1.26604033320682,-0.525744306341778,2.8070995655189
5,0.95,9,88.22919247162,NA,118.237861279937,0.5,114.653962633897,0.5,121.611349658651,0.5,122.367419142757,0.5,119.74568716337,0.5,121.427666209218,0.5,120.786637668375,0.5,122.042335228981,0.5,0.117209302325581,0.117209302325581,-0.18368344943292,-1.58078147438206,2.29664806561102,0.756069484106376,-0.641028540842768,-1.86566249528133,0.614669019762616,6.13267503447784
5,0.95,10,78.9956328503657,NA,105.946055304439,0.5,102.225996766239,0.5,106.301954621698,0.5,106.36018250723,0.5,106.113974026363,0.5,105.615425754426,0.5,106.247841294823,0.5,106.377475654498,0.5,0.088888888888889,0.0730434782608695,-0.686528867271932,-0.112341212407202,0.263501628135458,0.0582278855321618,0.632415540396892,-0.187980595334864,0.762049900072526,4.0218445285838
5,0.95,11,76.9549860992773,NA,102.796897740098,0.5,96.9784685619745,0.5,102.498275695527,0.5,101.806732304056,0.5,102.010490620512,0.5,102.235829239617,0.5,101.778776115888,0.5,101.411220186675,0.5,0.0951111111111111,0.0756521739130434,-0.262446455909313,-0.0279561881683463,-0.599270433837248,-0.691543391470347,-0.457053123729381,-0.487785075014628,-0.824609052942563,4.8003075539135
5,0.95,12,84.9102197909444,NA,111.40802988419,0.5,107.634950598479,0.5,112.688363496858,0.5,114.926162566524,0.5,112.252446113787,0.5,112.946131646313,0.5,114.783430072349,0.5,112.589653816509,0.5,0.14952380952381,0.114545454545455,0.257768149455444,-0.142732494175348,0.337207702722083,2.23779906966587,1.83729842603508,-0.435917383071214,-0.356477829804575,7.1484794738692
5,0.95,13,89.2794454552676,NA,116.452722137761,0.5,112.935587195353,0.5,117.691758759227,0.5,117.299883891577,0.5,117.12982859798,0.5,117.798951282375,0.5,117.456748856733,0.5,117.727928601249,0.5,0.211282051282051,0.169756097560976,0.107192523148584,0.156864965155748,0.598100003269039,-0.391874867649491,-0.342202425642327,-0.561930161246238,-0.0710226811257826,4.52116166137962
5,0.95,14,89.1409595868278,NA,119.355405959557,0.5,114.756419732996,0.5,118.978206123988,0.5,120.123240516235,0.5,119.399588439668,0.5,119.283478362243,0.5,120.854123775419,0.5,118.990173217441,0.5,0.088888888888889,0.0730434782608695,0.305272238255114,0.73088325918458,-0.409415222226698,1.14503439224679,1.57064541317625,0.421382315679708,-0.293305144802105,6.09770404242383
5,0.95,15,104.61586902368,NA,129.607905890103,0.5,125.950597645227,0.5,130.366272604379,0.5,129.046514291108,0.5,130.130799688537,0.5,129.840070999354,0.5,128.798787314235,0.5,130.211832597316,0.5,0.168205128205128,0.122790697674419,-0.52620160502525,-0.247726976872713,0.081032908779548,-1.31975831327159,-1.04128368511905,-0.235472915842649,0.371761597962148,2.84818966900788
5,0.95,16,94.462526557865,NA,121.846111173959,0.5,116.820574673036,0.5,122.285369567282,0.5,122.438451157739,0.5,121.867912957347,0.5,121.743177882946,0.5,121.862315238356,0.5,122.45202215676,0.5,0.12952380952381,0.155121951219512,-0.54219168433626,-0.576135919383418,0.584109199413092,0.153081590456978,0.119137355409819,-0.417456609934817,0.708844273814535,5.04174056532004
5,0.95,17,86.5999834273785,NA,116.549515355835,0.5,111.127352544105,0.5,117.114228809673,0.5,117.185398555813,0.5,116.990300336925,0.5,116.813814179699,0.5,117.146297588857,0.5,116.28769143372,0.5,0.141904761904762,0.108181818181818,-0.300414629974398,-0.0391009669558571,-0.702608903204663,0.0711697461400576,0.332483409158598,-0.123928472748446,-0.526122745978711,6.018945044752
5,0.95,18,87.4765686560624,NA,113.504417507434,0.5,111.18741013571,0.5,115.410095568155,0.5,115.780000950315,0.5,115.086465715645,0.5,115.049076628165,0.5,115.43969607874,0.5,116.291462175494,0.5,0.108181818181818,0.088888888888889,-0.361018939990132,-0.340304871574403,1.20499645984931,0.369905382160084,0.390619450575812,-0.323629852509953,1.24238554732949,4.2522859430305
5,0.95,19,100.347042498307,NA,125.666191187423,0.5,121.996591062746,0.5,126.658954923341,0.5,126.601156581258,0.5,126.554148816084,0.5,127.490229234132,0.5,126.886073767667,0.5,127.154228365394,0.5,0.157948717948718,0.140487804878049,0.831274310791542,0.284917186409288,0.60007954931028,-0.057798342082819,-0.604155466465073,-0.104806107256721,-0.336000868737983,4.88948270492102
5,0.95,20,85.2987540481774,NA,112.930760632412,0.5,110.191961930668,0.5,114.615089800523,0.5,117.041217585621,0.5,114.521345746742,0.5,114.195919423886,0.5,116.795973441649,0.5,112.783827751921,0.5,0.136190476190476,0.122790697674419,-0.419170376637382,-0.245244143972712,-1.73751799482123,2.42612778509816,2.60005401776283,-0.093744053781009,-1.41209167196486,6.60401151098063
5,0.95,21,99.2859732921194,NA,126.151584231082,0.5,123.35910864599,0.5,129.117818401903,0.5,132.5545720548,0.5,128.085437724234,0.5,127.660710887154,0.5,131.810507683285,0.5,128.47916692087,0.5,0.205263157894737,0.177,-1.45710751474881,-0.744064371514952,0.39372919663586,3.43675365289718,4.14979679613104,-1.03238067766893,0.818456033715748,8.45139903729518
5,0.95,22,87.3840832131402,NA,115.108171489517,0.5,116.438605000966,0.5,117.597161700719,0.5,126.868819621256,0.5,116.948165893575,0.5,117.849254234143,0.5,126.426761188948,0.5,115.885862126393,0.5,0.391724137931034,0.282285714285714,0.252092533423436,-0.442058432307775,-1.0623037671823,9.27165792053646,8.57750695480524,-0.648995807144203,-1.96339210774994,9.98815618798167
5,0.95,23,98.8317721155403,NA,127.757642048282,0.5,127.008020505697,0.5,129.180956363641,0.5,135.020536735883,0.5,129.136310072971,0.5,128.401301795944,0.5,134.201062952438,0.5,128.599053371658,0.5,0.223157894736842,0.131162790697674,-0.779654567696724,-0.819473783445318,-0.537256701313026,5.83958037224252,5.79976115649393,-0.0446462906695615,0.197751575714136,7.19304244674089
5,0.95,24,88.880548381235,NA,113.61121112859,0.5,109.652904334569,0.5,114.779257084501,0.5,114.836677446844,0.5,114.837763018611,0.5,114.743234760026,0.5,115.346048216261,0.5,113.897500297902,0.5,0.110909090909091,0.088888888888889,-0.0360223244747431,0.509370769416762,-0.940262720708915,0.0574203623426257,0.602813456234131,0.058505934109462,-0.84573446212471,5.69314388169109
5,0.95,25,81.9611235729405,NA,109.802066036795,0.5,105.706290788438,0.5,110.383474311771,0.5,111.44302115035,0.5,109.301073684106,0.5,109.732466936353,0.5,111.15496334477,0.5,107.684263687283,0.5,0.0756521739130434,0.0561702127659576,-0.651007375417777,-0.288057805580209,-1.61680999682312,1.05954683857871,1.42249640841628,-1.08240062766509,-2.04820324907044,5.44867255633129
5,0.95,26,97.1502603802456,NA,126.168571254999,0.5,126.778607829356,0.499999999999999,128.279566821872,0.5,134.352635420776,0.5,128.195064397154,0.5,127.70969195222,0.5,134.916488547595,0.5,126.88392740163,0.5,0.265555555555556,0.21025641025641,-0.569874869651144,0.56385312681931,-1.31113699552336,6.07306859890403,7.20679659537448,-0.0845024247177548,-0.825764550589966,8.13788071823943
5,0.95,27,89.2059829941464,NA,114.181495374764,0.5,112.663076846691,0.5,115.421748974088,0.5,116.691384958036,0.5,115.921895741061,0.5,116.321493614043,0.5,116.445069991061,0.5,116.27787956483,0.5,0.176410256410257,0.166,0.899744639955017,-0.246314966974083,0.355983823769606,1.26963598394725,0.123576377018153,0.500146766972293,-0.0436140492131187,3.78199314437029
5,0.95,28,88.1861546490005,NA,114.918572961557,0.5,112.337434052879,0.5,116.384374140792,0.5,117.061045709776,0.5,115.309375838138,0.5,115.999470942908,0.5,117.247613475011,0.5,115.101766748408,0.5,0.136190476190476,0.108181818181818,-0.384903197884356,0.186567765234827,-0.207609089729829,0.67667156898392,1.2481425321031,-1.07499830265445,-0.897704194499923,4.91017942213223
5,0.95,29,85.229692233658,NA,115.389068783653,0.5,114.766362849392,0.499999999999999,117.04058130091,0.5,115.672009436449,0.5,116.378260855777,0.5,116.588748407747,0.5,116.398658466552,0.5,118.056575486666,0.5,0.122790697674419,0.108181818181818,-0.451832893163029,0.726649030103403,1.67831463088964,-1.36857186446112,-0.190089941194685,-0.66232044513329,1.46782707891938,1.63229561716008
5,0.95,30,84.077440863156,NA,109.711878836847,0.5,105.419451383185,0.5,112.064659589008,0.5,112.70078080701,0.5,112.153800185776,0.5,111.933061941018,0.5,112.907715099994,0.5,111.703563431893,0.5,0.165853658536585,0.141904761904762,-0.131597647989935,0.206934292983988,-0.450236753883829,0.636121218002685,0.974653158976608,0.0891405967687859,-0.229498509125108,7.48826371680957
5,0.95,31,84.0095898708584,NA,110.048727054828,0.5,104.126664636933,0.5,110.454478135348,0.5,110.454459684209,0.5,109.752206893966,0.5,110.979215240261,0.5,111.572755864957,0.5,110.324082073886,0.5,0.117209302325581,0.103636363636364,0.524737104913328,1.11829618074795,0.571875179920227,-1.84511388994224e-05,0.59354062469572,-0.702271241381737,-0.655133166374839,7.44609122802396
5,0.95,32,92.8649955215508,NA,123.663233517405,0.5,117.661935027348,0.5,125.529325400898,0.5,126.18956663815,0.5,125.072465886955,0.5,124.381717646959,0.5,126.329538831063,0.5,124.746429649134,0.5,0.127441860465116,0.114545454545455,-1.14760775393881,0.139972192912154,-0.326036237821086,0.660241237252222,1.94782118410319,-0.456859513943243,0.364712002174485,8.66760380371511
5,0.95,33,92.4529531854884,NA,118.94905359293,0.5,116.862449986229,0.5,119.69177399595,0.5,117.849219067023,0.5,119.527514455747,0.5,118.73840452265,0.5,116.971020403405,0.5,117.927839556636,0.5,0.272,0.282285714285714,-0.953369473299929,-0.878198663618264,-1.59967489911126,-1.84255492892645,-1.76738411924478,-0.164259540202067,-0.810564966013402,0.108570417176267
5,0.95,34,91.5623946549835,NA,120.822602499193,0.5,118.321151318352,0.5,121.303967967142,0.5,136.424519461796,0.5,123.432133130304,0.5,122.18817148447,0.5,135.371181376119,0.5,123.5097744387,0.5,0.376,0.527272727272727,0.884203517328501,-1.05333808567713,0.0776413083956413,15.1205514946547,13.183009891649,2.12816516316229,1.32160295422943,17.0500300577671
5,0.95,35,95.8401000574397,NA,124.728836868965,0.5,121.834181672858,0.5,126.071528727476,0.5,143.6642275162,0.5,126.946630170728,0.5,128.808962305804,0.5,141.118490851807,0.5,126.650663902521,0.5,0.363870967741936,0.461538461538461,2.73743357832707,-2.54573666439327,-0.295966268206158,17.5926987887239,12.3095285460035,0.875101443251111,-2.15829840328212,19.2843091789492
5,0.95,36,94.2236076988015,NA,118.978558837429,0.5,116.500423811989,0.5,121.115083075451,0.5,119.760059557503,0.5,119.904333304293,0.5,121.477374002847,0.5,121.017084890811,0.5,119.989583976803,0.5,0.160975609756097,0.108181818181818,0.36229092739535,1.25702533330806,0.0852506725099715,-1.35502351794838,-0.460289112035667,-1.21074977115855,-1.48779002604392,4.5166610788217
5,0.95,37,88.7988510613502,NA,115.472655398898,0.5,110.343599712252,0.5,114.425920319572,0.5,115.13979367956,0.5,115.637719863837,0.5,115.57271485652,0.5,114.542082232443,0.5,114.823802778878,0.5,0.145714285714286,0.141904761904762,1.14679453694815,-0.597711447116694,-0.81391708495886,0.713873359988384,-1.03063262407646,1.21179954426522,-0.748912077641791,4.19848252019119
5,0.95,38,90.4767978542671,NA,114.470573673772,0.5,109.865804976613,0.5,115.919065311728,0.5,114.965553167734,0.5,115.182592873903,0.5,116.098662470777,0.5,115.092220071534,0.5,115.753483099135,0.5,0.136190476190476,0.122790697674419,0.17959715904837,0.126666903799816,0.57089022523239,-0.953512143994573,-1.00644239924313,-0.73647243782581,-0.345179371641791,5.2264150949205
5,0.95,39,84.624755145556,NA,109.548331552293,0.5,106.457513599692,0.5,110.417369249519,0.5,110.473296274324,0.5,109.125088033112,0.5,110.204807255361,0.5,110.030510120361,0.5,109.195756312,0.5,0.088888888888889,0.088888888888889,-0.212561994157923,-0.442786153963112,0.070668278887922,0.0559270248052428,-0.174297134999946,-1.29228121640656,-1.00905094336072,3.57299652066922
5,0.95,40,90.5144391291801,NA,116.096437394581,0.5,112.670159715385,0.5,117.038636124129,0.5,114.921449416483,0.5,116.647816577794,0.5,117.155243409434,0.5,115.414560565384,0.5,116.879359270882,0.5,0.145714285714286,0.130232558139535,0.116607285304582,0.493111148900198,0.231542693087633,-2.11718670764603,-1.74068284405041,-0.39081954633501,-0.275884138551959,2.74440084999846
5,0.95,41,92.6963144706907,NA,125.294648857568,0.5,124.659012605632,0.5,125.722808483879,0.5,126.507401739051,0.5,124.627419149169,0.5,124.474073395965,0.5,126.478617106418,0.5,126.28418859681,0.5,0.122790697674419,0.0730434782608695,-1.24873508791437,-0.0287846326329628,1.65676944764175,0.784593255171444,2.00454371045285,-1.09538933471083,1.81011520084529,1.81960450078556
5,0.95,42,92.2296810237149,NA,125.367884520065,0.5,122.399027126089,0.5,127.996876433287,0.5,128.100088035037,0.5,127.306182415375,0.5,126.815570568316,0.5,128.977353272387,0.5,126.898439190162,0.5,0.145714285714286,0.122790697674419,-1.18130586497136,0.877265237349434,-0.407743225212982,0.103211601749891,2.16178270407069,-0.690694017912733,0.0828686218456482,6.57832614629739
5,0.95,43,88.8782271075106,NA,114.831186291711,0.5,112.594399694259,0.5,115.636368385148,0.5,116.071995501463,0.5,114.870631838264,0.5,115.757700926557,0.5,116.698273000106,0.5,115.217538295641,0.5,0.18974358974359,0.136190476190476,0.121332541409132,0.626277498643347,0.346906457377216,0.435627116314492,0.940572073548708,-0.765736546884654,-0.540162630916569,4.10387330584676
5,0.95,44,91.7825407948364,NA,115.146721805653,0.5,110.756780111261,0.5,117.270554967114,0.5,129.474228029979,0.5,116.329670427858,0.5,116.004965049113,0.5,129.201239089586,0.5,117.617652044759,0.5,0.366451612903226,0.290285714285714,-1.2655899180008,-0.272988940393816,1.28798161690135,12.2036730628654,13.1962740404724,-0.940884539256288,1.61268699564586,18.4444589783243
5,0.95,45,95.7780946623764,NA,119.899729077886,0.5,115.351225189386,0.5,121.955822030181,0.5,161.527293391772,0.5,120.06617485514,0.5,121.250528806773,0.5,148.841324430466,0.5,121.409563675742,0.5,0.653333333333333,0.552380952380952,-0.705293223408461,-12.6859689613067,1.34338882060223,39.5714713615911,27.5907956236929,-1.88964717504163,0.159034868969059,33.4900992410795
5,0.95,46,90.0334443872856,NA,117.644549047083,0.5,114.534314535256,0.5,119.681313202551,0.5,119.611173261651,0.5,119.11626220009,0.5,118.79862993632,0.5,119.454520391492,0.5,119.273886494191,0.5,0.238918918918919,0.204102564102564,-0.882683266230501,-0.156652870159178,0.157624294100543,-0.0701399408996792,0.655890455171644,-0.565051002460748,0.475256557870296,4.92020585623564
5,0.95,47,85.5287448514076,NA,114.252201064065,0.5,111.966626718031,0.5,115.329178473599,0.5,116.067633860206,0.5,114.521919572593,0.5,115.818550130829,0.5,115.494007433869,0.5,113.749790848026,0.5,0.110909090909091,0.0924444444444446,0.489371657230052,-0.573626426336574,-0.772128724567409,0.738455386606773,-0.324542696959853,-0.807258901005767,-2.06875928280323,3.52738071583768
5,0.95,48,91.082546959511,NA,118.747409258762,0.5,114.790055195125,0.5,119.034031751244,0.5,121.448813839563,0.5,118.227202139487,0.5,120.292752585889,0.5,120.523026163346,0.5,119.433153364052,0.5,0.148292682926829,0.117209302325581,1.25872083464462,-0.925787676217212,1.20595122456479,2.41478208831876,0.230273577456927,-0.80682961175674,-0.859599221836575,5.73297096822046
5,0.95,49,90.4319316941373,NA,117.700332261782,0.5,114.02370405673,0.5,120.753259139934,0.5,121.176596027635,0.5,119.236960659737,0.5,121.408269974205,0.5,120.731107312061,0.5,119.84712763428,0.5,0.167,0.148292682926829,0.65501083427192,-0.445488715573589,0.610166974543304,0.423336887701367,-0.677162662144141,-1.51629848019685,-1.56114233992547,6.70740325533092
5,0.95,50,86.2656537543993,NA,110.446055922108,0.5,105.121164296556,0.5,111.817758960102,0.5,112.474743103418,0.5,111.949922696437,0.5,111.850558865853,0.5,112.861769402649,0.5,111.883086893433,0.5,0.103636363636364,0.103636363636364,0.0327999057513324,0.387026299230968,-0.0668358030041105,0.656984143316549,1.01121053679618,0.132163736335485,0.0325280275800424,7.74060510609388
20,0.95,1,88.2658210382565,NA,116.349439557045,0.5,113.21063126312,0.5,117.343476834685,0.5,116.953451635451,0.5,116.729007743905,0.5,116.732300878528,0.5,116.076056875881,0.5,116.662188158802,0.5,0.088888888888889,0.088888888888889,-0.611175956156842,-0.877394759570322,-0.0668195851032465,-0.390025199233548,-0.656244002647028,-0.61446909077992,-0.0701127197263247,2.86542561276121
20,0.95,2,94.5268856764112,NA,123.221118322794,0.5,120.456649214762,0.5,123.303676681555,0.5,123.663095089951,0.5,124.114458905212,0.5,124.219384705371,0.5,123.836717570412,0.5,124.169262591319,0.5,0.117209302325581,0.103636363636364,0.915708023816677,0.173622480461191,0.0548036861078458,0.359418408396095,-0.382667134959391,0.810782223656815,-0.0501221140520158,3.38006835564987
20,0.95,3,86.3541578252522,NA,110.385766253294,0.5,103.440636378222,0.5,111.522738005137,0.5,110.977409417001,0.5,110.468431384328,0.5,111.331809491942,0.5,111.323625408625,0.5,110.373947880169,0.5,0.103636363636364,0.096888888888889,-0.190928513195672,0.346215991623637,-0.0944835041586884,-0.545328588136229,-0.00818408331691955,-1.05430662080931,-0.95786161177233,7.88298903040324
20,0.95,4,97.6225801297228,NA,127.643568823336,0.5,127.415787971591,0.5,127.261518024503,0.5,127.888665101234,0.5,128.263099295301,0.5,127.162004872644,0.5,127.22061676291,0.5,127.563972522555,0.5,0.103636363636364,0.103636363636364,-0.0995131518588295,-0.66804833832353,-0.699126772745984,0.627147076730381,0.0586118902656807,1.00158127079797,0.401967649910816,-0.195171208680989
20,0.95,5,94.4480096336584,NA,119.850662265954,0.5,117.465779305915,0.5,121.669228788819,0.5,121.453588250761,0.5,122.043962135045,0.5,121.204618508683,0.5,122.269152087517,0.5,121.250035691225,0.5,0.15,0.12952380952381,-0.464610280135787,0.815563836755359,-0.793926443819714,-0.21564053805767,1.06453357883348,0.37473334622571,0.0454171825417831,4.80337278160172
20,0.95,6,102.723047841373,NA,133.339022316023,0.5,133.574125247879,0.5,135.843418224199,0.5,134.181550618285,0.5,134.352357851712,0.5,135.078954026108,0.5,134.61469047607,0.5,134.741986549022,0.5,0.12952380952381,0.12952380952381,-0.764464198090565,0.433139857785079,0.389628697309547,-1.66186760591316,-0.464263550037515,-1.49106037248649,-0.336967477086375,1.04056522819192
20,0.95,7,89.7624138017381,NA,121.181126508513,0.5,119.639581403429,0.5,123.950454592336,0.5,123.857896441485,0.5,123.055221228422,0.5,123.683030958641,0.5,124.174055749679,0.5,124.282238536545,0.5,0.088888888888889,0.0730434782608695,-0.267423633695401,0.316159308193335,1.22701730812248,-0.0925581508506355,0.4910247910381,-0.895233363913718,0.599207577904167,4.53447434624994
20,0.95,8,87.0618666114523,NA,115.156656761188,0.5,113.292022956131,0.5,115.561598611136,0.5,115.645563845262,0.5,114.295558277929,0.5,115.44713550743,0.5,115.120973522215,0.5,114.921391201088,0.5,0.0730434782608695,0.0730434782608695,-0.114463103706143,-0.524590323046226,0.625832923158896,0.083965234126012,-0.326161985214071,-1.26604033320682,-0.525744306341778,1.82895056608486
20,0.95,9,88.22919247162,NA,118.237861279937,0.5,114.653962633897,0.5,121.611349658651,0.5,122.175152175795,0.5,119.74568716337,0.5,121.427666209218,0.5,120.265443616131,0.5,122.042335228981,0.5,0.117209302325581,0.103636363636364,-0.18368344943292,-1.90970855966397,2.29664806561102,0.563802517144509,-1.16222259308654,-1.86566249528133,0.614669019762616,5.61148098223407
20,0.95,10,78.9956328503657,NA,105.946055304439,0.5,102.225996766239,0.5,106.301954621698,0.5,105.975675815818,0.5,106.113974026363,0.5,105.615425754426,0.5,106.591810920391,0.5,106.377475654498,0.5,0.0561702127659576,0.0730434782608695,-0.686528867271932,0.616135104573644,0.263501628135458,-0.326278805880008,0.976385165965567,-0.187980595334864,0.762049900072526,4.36581415415247
20,0.95,11,76.9549860992773,NA,102.796897740098,0.5,96.9784685619745,0.5,102.498275695527,0.5,102.203535142818,0.5,102.010490620512,0.5,102.235829239617,0.5,101.786494226508,0.5,101.411220186675,0.5,0.0756521739130434,0.0756521739130434,-0.262446455909313,-0.417040916310427,-0.599270433837248,-0.294740552708646,-0.44933501310976,-0.487785075014628,-0.824609052942563,4.80802566453312
20,0.95,12,84.9102197909444,NA,111.40802988419,0.5,107.634950598479,0.5,112.688363496858,0.5,114.104214276505,0.5,112.252446113787,0.5,112.946131646313,0.5,112.83074196296,0.5,112.589653816509,0.5,0.088888888888889,0.0730434782608695,0.257768149455444,-1.27347231354463,0.337207702722083,1.41585077964655,-0.115389683353527,-0.435917383071214,-0.356477829804575,5.1957913644806
20,0.95,13,89.2794454552676,NA,116.452722137761,0.5,112.935587195353,0.5,117.691758759227,0.5,118.246835771993,0.5,117.12982859798,0.5,117.798951282375,0.5,118.048675591814,0.5,117.727928601249,0.5,0.131162790697674,0.126511627906977,0.107192523148584,-0.198160180178931,0.598100003269039,0.555077012766361,0.249724309438847,-0.561930161246238,-0.0710226811257826,5.1130883964608
20,0.95,14,89.1409595868278,NA,119.355405959557,0.5,114.756419732996,0.5,118.978206123988,0.5,117.905685520801,0.5,119.399588439668,0.5,119.283478362243,0.5,120.015326246324,0.5,118.990173217441,0.5,0.0924444444444446,0.0561702127659576,0.305272238255114,2.1096407255226,-0.409415222226698,-1.07252060318653,0.731847884080949,0.421382315679708,-0.293305144802105,5.25890651332853
20,0.95,15,104.61586902368,NA,129.607905890103,0.5,125.950597645227,0.5,130.366272604379,0.5,129.086593948306,0.5,130.130799688537,0.5,129.840070999354,0.5,129.1386529629,0.5,130.211832597316,0.5,0.117209302325581,0.103636363636364,-0.52620160502525,0.0520590145942208,0.081032908779548,-1.27967865607346,-0.701418036453987,-0.235472915842649,0.371761597962148,3.18805531767295
20,0.95,16,94.462526557865,NA,121.846111173959,0.5,116.820574673036,0.5,122.285369567282,0.5,122.503677206248,0.5,121.867912957347,0.5,121.743177882946,0.5,122.047359512296,0.5,122.45202215676,0.5,0.148292682926829,0.136190476190476,-0.54219168433626,-0.456317693951902,0.584109199413092,0.21830763896584,0.304181629350197,-0.417456609934817,0.708844273814535,5.22678483926042
20,0.95,17,86.5999834273785,NA,116.549515355835,0.5,111.127352544105,0.5,117.114228809673,0.5,117.028945600077,0.5,116.990300336925,0.5,116.813814179699,0.5,117.488588041783,0.5,116.28769143372,0.5,0.0730434782608695,0.0730434782608695,-0.300414629974398,0.45964244170635,-0.702608903204663,-0.0852832095963834,0.674773862084365,-0.123928472748446,-0.526122745978711,6.36123549767777
20,0.95,18,87.4765686560624,NA,113.504417507434,0.5,111.18741013571,0.5,115.410095568155,0.5,114.884648132354,0.5,115.086465715645,0.5,115.049076628165,0.5,115.084319684874,0.5,116.291462175494,0.5,0.0730434782608695,0.0730434782608695,-0.361018939990132,0.199671552519277,1.20499645984931,-0.525447435800302,0.0352430567091062,-0.323629852509953,1.24238554732949,3.89690954916379
20,0.95,19,100.347042498307,NA,125.666191187423,0.5,121.996591062746,0.5,126.658954923341,0.5,126.659347820872,0.5,126.554148816084,0.5,127.490229234132,0.5,126.842395734833,0.5,127.154228365394,0.5,0.140487804878049,0.117209302325581,0.831274310791542,0.183047913961161,0.60007954931028,0.000392897531455105,-0.647833499298926,-0.104806107256721,-0.336000868737983,4.84580467208717
20,0.95,20,85.2987540481774,NA,112.930760632412,0.5,110.191961930668,0.5,114.615089800523,0.5,115.803156138302,0.5,114.521345746742,0.5,114.195919423886,0.5,114.645541545887,0.5,112.783827751921,0.5,0.103636363636364,0.088888888888889,-0.419170376637382,-1.15761459241482,-1.73751799482123,1.18806633777865,0.449622122001216,-0.093744053781009,-1.41209167196486,4.45357961521901
20,0.95,21,99.2859732921194,NA,126.151584231082,0.5,123.35910864599,0.5,129.117818401903,0.5,130.028465043818,0.5,128.085437724234,0.5,127.660710887154,0.5,129.628448683231,0.5,128.47916692087,0.5,0.140487804878049,0.12952380952381,-1.45710751474881,-0.400016360587387,0.39372919663586,0.910646641915065,1.96773779607649,-1.03238067766893,0.818456033715748,6.26934003724062
20,0.95,22,87.3840832131402,NA,115.108171489517,0.5,116.438605000966,0.5,117.597161700719,0.5,118.490574924149,0.5,116.948165893575,0.5,117.849254234143,0.5,118.567179087083,0.5,115.885862126393,0.5,0.103636363636364,0.0561702127659576,0.252092533423436,0.0766041629339043,-1.0623037671823,0.893413223429832,0.7179248529403,-0.648995807144203,-1.96339210774994,2.12857408611673
20,0.95,23,98.8317721155403,NA,127.757642048282,0.5,127.008020505697,0.5,129.180956363641,0.5,129.94643902888,0.5,129.136310072971,0.5,128.401301795944,0.5,130.889017126673,0.5,128.599053371658,0.5,0.103636363636364,0.088888888888889,-0.779654567696724,0.942578097793415,-0.537256701313026,0.765482665239261,2.4877153307294,-0.0446462906695615,0.197751575714136,3.88099662097636
20,0.95,24,88.880548381235,NA,113.61121112859,0.5,109.652904334569,0.5,114.779257084501,0.5,114.596385039586,0.5,114.837763018611,0.5,114.743234760026,0.5,114.610854526755,0.5,113.897500297902,0.5,0.0951111111111111,0.0756521739130434,-0.0360223244747431,0.0144694871683129,-0.940262720708915,-0.182872044914774,-0.132380233271718,0.058505934109462,-0.84573446212471,4.95795019218524
20,0.95,25,81.9611235729405,NA,109.802066036795,0.5,105.706290788438,0.5,110.383474311771,0.5,109.837260668633,0.5,109.301073684106,0.5,109.732466936353,0.5,109.935001353421,0.5,107.684263687283,0.5,0.0383333333333333,0.0383333333333333,-0.651007375417777,0.0977406847879649,-1.61680999682312,-0.546213643138003,0.202534417067739,-1.08240062766509,-2.04820324907044,4.22871056498275
20,0.95,26,97.1502603802456,NA,126.168571254999,0.5,126.778607829356,0.499999999999999,128.279566821872,0.5,128.727791161435,0.5,128.195064397154,0.5,127.70969195222,0.5,127.485845866502,0.5,126.88392740163,0.5,0.159,0.117209302325581,-0.569874869651144,-1.24194529493273,-1.31113699552336,0.448224339563524,-0.223846085718066,-0.0845024247177548,-0.825764550589966,0.70723803714688
20,0.95,27,89.2059829941464,NA,114.181495374764,0.5,112.663076846691,0.5,115.421748974088,0.5,116.170905457779,0.5,115.921895741061,0.5,116.321493614043,0.5,116.120238780091,0.5,116.27787956483,0.5,0.12952380952381,0.103636363636364,0.899744639955017,-0.0506666776884401,0.355983823769606,0.749156483690982,-0.201254833952476,0.500146766972293,-0.0436140492131187,3.45716193339966
20,0.95,28,88.1861546490005,NA,114.918572961557,0.5,112.337434052879,0.5,116.384374140792,0.5,116.742974648259,0.5,115.309375838138,0.5,115.999470942908,0.5,116.853238332266,0.5,115.101766748408,0.5,0.122790697674419,0.108181818181818,-0.384903197884356,0.110263684007009,-0.207609089729829,0.35860050746652,0.853767389357884,-1.07499830265445,-0.897704194499923,4.51580427938701
20,0.95,29,85.229692233658,NA,115.389068783653,0.5,114.766362849392,0.499999999999999,117.04058130091,0.5,115.255721281571,0.5,116.378260855777,0.5,116.588748407747,0.5,116.124676683609,0.5,118.056575486666,0.5,0.088888888888889,0.0730434782608695,-0.451832893163029,0.868955402037997,1.67831463088964,-1.78486001933895,-0.464071724137924,-0.66232044513329,1.46782707891938,1.35831383421684
20,0.95,30,84.077440863156,NA,109.711878836847,0.5,105.419451383185,0.5,112.064659589008,0.5,112.373446483096,0.5,112.153800185776,0.5,111.933061941018,0.5,112.078545230269,0.5,111.703563431893,0.5,0.136190476190476,0.12952380952381,-0.131597647989935,-0.294901252827032,-0.450236753883829,0.308786894088854,0.145483289251757,0.0891405967687859,-0.229498509125108,6.65909384708472
20,0.95,31,84.0095898708584,NA,110.048727054828,0.5,104.126664636933,0.5,110.454478135348,0.5,110.316001490772,0.5,109.752206893966,0.5,110.979215240261,0.5,110.516021254746,0.5,110.324082073886,0.5,0.103636363636364,0.096888888888889,0.524737104913328,0.200019763973415,0.571875179920227,-0.138476644575121,-0.463193985515034,-0.702271241381737,-0.655133166374839,6.38935661781321
20,0.95,32,92.8649955215508,NA,123.663233517405,0.5,117.661935027348,0.5,125.529325400898,0.5,124.715028288811,0.5,125.072465886955,0.5,124.381717646959,0.5,125.763221759044,0.5,124.746429649134,0.5,0.103636363636364,0.088888888888889,-1.14760775393881,1.04819347023258,-0.326036237821086,-0.814297112086891,1.3815041120845,-0.456859513943243,0.364712002174485,8.10128673169642
20,0.95,33,92.4529531854884,NA,118.94905359293,0.5,116.862449986229,0.5,119.69177399595,0.5,119.145042141758,0.5,119.527514455747,0.5,118.73840452265,0.5,118.393246355697,0.5,117.927839556636,0.5,0.17578947368421,0.167,-0.953369473299929,-0.751795786060271,-1.59967489911126,-0.54673185419206,-0.345158166952402,-0.164259540202067,-0.810564966013402,1.53079636946865
20,0.95,34,91.5623946549835,NA,120.822602499193,0.5,118.321151318352,0.5,121.303967967142,0.5,125.063476107669,0.5,123.432133130304,0.5,122.18817148447,0.5,121.299363385042,0.5,123.5097744387,0.5,0.117209302325581,0.103636363636364,0.884203517328501,-3.76411272262767,0.0776413083956413,3.75950814052764,-0.88880809942853,2.12816516316229,1.32160295422943,2.97821206668957
20,0.95,35,95.8401000574397,NA,124.728836868965,0.5,121.834181672858,0.5,126.071528727476,0.5,132.614685209947,0.5,126.946630170728,0.5,128.808962305804,0.5,130.189191223858,0.5,126.650663902521,0.5,0.158048780487805,0.148292682926829,2.73743357832707,-2.42549398608932,-0.295966268206158,6.54315648247105,1.38022891805466,0.875101443251111,-2.15829840328212,8.35500955100035
20,0.95,36,94.2236076988015,NA,118.978558837429,0.5,116.500423811989,0.5,121.115083075451,0.5,120.168884658913,0.5,119.904333304293,0.5,121.477374002847,0.5,120.700369294005,0.5,119.989583976803,0.5,0.12952380952381,0.088888888888889,0.36229092739535,0.531484635092184,0.0852506725099715,-0.946198416538294,-0.77700470884146,-1.21074977115855,-1.48779002604392,4.19994548201591
20,0.95,37,88.7988510613502,NA,115.472655398898,0.5,110.343599712252,0.5,114.425920319572,0.5,112.496126215587,0.5,115.637719863837,0.5,115.57271485652,0.5,114.219625804974,0.5,114.823802778878,0.5,0.232631578947368,0.155238095238095,1.14679453694815,1.72349958938719,-0.81391708495886,-1.92979410398482,-1.35308905154578,1.21179954426522,-0.748912077641791,3.87602609272187
20,0.95,38,90.4767978542671,NA,114.470573673772,0.5,109.865804976613,0.5,115.919065311728,0.5,115.70663390452,0.5,115.182592873903,0.5,116.098662470777,0.5,115.392727023876,0.5,115.753483099135,0.5,0.12952380952381,0.117209302325581,0.17959715904837,-0.313906880643898,0.57089022523239,-0.2124314072083,-0.705935446900568,-0.73647243782581,-0.345179371641791,5.52692204726306
20,0.95,39,84.624755145556,NA,109.548331552293,0.5,106.457513599692,0.5,110.417369249519,0.5,110.568152474839,0.5,109.125088033112,0.5,110.204807255361,0.5,110.240153943336,0.5,109.195756312,0.5,0.117209302325581,0.088888888888889,-0.212561994157923,-0.327998531503127,0.070668278887922,0.150783225319969,0.0353466879747657,-1.29228121640656,-1.00905094336072,3.78264034364393
20,0.95,40,90.5144391291801,NA,116.096437394581,0.5,112.670159715385,0.5,117.038636124129,0.5,115.564535938589,0.5,116.647816577794,0.5,117.155243409434,0.5,115.246058088572,0.5,116.879359270882,0.5,0.103636363636364,0.174634146341463,0.116607285304582,-0.318477850017075,0.231542693087633,-1.47410018554021,-1.90918532086187,-0.39081954633501,-0.275884138551959,2.575898373187
20,0.95,41,92.6963144706907,NA,125.294648857568,0.5,124.659012605632,0.5,125.722808483879,0.5,124.682914631672,0.5,124.627419149169,0.5,124.474073395965,0.5,125.917602676948,0.5,126.28418859681,0.5,0.111818181818182,0.0383333333333333,-1.24873508791437,1.23468804527523,1.65676944764175,-1.03989385220709,1.44352928098252,-1.09538933471083,1.81011520084529,1.25859007131523
20,0.95,42,92.2296810237149,NA,125.367884520065,0.5,122.399027126089,0.5,127.996876433287,0.5,126.276457695824,0.5,127.306182415375,0.5,126.815570568316,0.5,128.250400180163,0.5,126.898439190162,0.5,0.103636363636364,0.0730434782608695,-1.18130586497136,1.97394248433906,-0.407743225212982,-1.72041873746376,1.43482961184667,-0.690694017912733,0.0828686218456482,5.85137305407336
20,0.95,43,88.8782271075106,NA,114.831186291711,0.5,112.594399694259,0.5,115.636368385148,0.5,115.39885460423,0.5,114.870631838264,0.5,115.757700926557,0.5,116.205955765295,0.5,115.217538295641,0.5,0.140487804878049,0.117209302325581,0.121332541409132,0.80710116106421,0.346906457377216,-0.237513780917766,0.448254838737313,-0.765736546884654,-0.540162630916569,3.61155607103537
20,0.95,44,91.7825407948364,NA,115.146721805653,0.5,110.756780111261,0.5,117.270554967114,0.5,116.770848532051,0.5,116.329670427858,0.5,116.004965049113,0.5,117.162920745441,0.5,117.617652044759,0.5,0.157948717948718,0.157948717948718,-1.2655899180008,0.392072213390151,1.28798161690135,-0.499706435063018,1.15795569632793,-0.940884539256288,1.61268699564586,6.40614063417981
20,0.95,45,95.7780946623764,NA,119.899729077886,0.5,115.351225189386,0.5,121.955822030181,0.5,158.387887364078,0.5,120.06617485514,0.5,121.250528806773,0.5,145.121150802225,0.5,121.409563675742,0.5,0.534545454545455,0.424285714285714,-0.705293223408461,-13.2667365618528,1.34338882060223,36.4320653338964,23.8706219954521,-1.88964717504163,0.159034868969059,29.7699256128387
20,0.95,46,90.0334443872856,NA,117.644549047083,0.5,114.534314535256,0.5,119.681313202551,0.5,118.932501157828,0.5,119.11626220009,0.5,118.79862993632,0.5,118.805709415992,0.5,119.273886494191,0.5,0.140952380952381,0.126511627906977,-0.882683266230501,-0.126791741835419,0.157624294100543,-0.748812044723039,0.00707947967204348,-0.565051002460748,0.475256557870296,4.27139488073604
20,0.95,47,85.5287448514076,NA,114.252201064065,0.5,111.966626718031,0.5,115.329178473599,0.5,115.575641762287,0.5,114.521919572593,0.5,115.818550130829,0.5,114.894489076011,0.5,113.749790848026,0.5,0.0730434782608695,0.0730434782608695,0.489371657230052,-0.681152686276192,-0.772128724567409,0.246463288688517,-0.924061054817727,-0.807258901005767,-2.06875928280323,2.9278623579798
20,0.95,48,91.082546959511,NA,118.747409258762,0.5,114.790055195125,0.5,119.034031751244,0.5,118.935943730603,0.5,118.227202139487,0.5,120.292752585889,0.5,119.314518005718,0.5,119.433153364052,0.5,0.103636363636364,0.088888888888889,1.25872083464462,0.378574275114801,1.20595122456479,-0.0980880206407875,-0.978234580170607,-0.80682961175674,-0.859599221836575,4.52446281059292
20,0.95,49,90.4319316941373,NA,117.700332261782,0.5,114.02370405673,0.5,120.753259139934,0.5,121.184644073344,0.5,119.236960659737,0.5,121.408269974205,0.5,120.436769924518,0.5,119.84712763428,0.5,0.12952380952381,0.12952380952381,0.65501083427192,-0.747874148825971,0.610166974543304,0.431384933410072,-0.971500049687819,-1.51629848019685,-1.56114233992547,6.41306586778724
20,0.95,50,86.2656537543993,NA,110.446055922108,0.5,105.121164296556,0.5,111.817758960102,0.5,112.096650530443,0.5,111.949922696437,0.5,111.850558865853,0.5,112.747971864784,0.5,111.883086893433,0.5,0.103636363636364,0.103636363636364,0.0327999057513324,0.651321334340182,-0.0668358030041105,0.278891570341528,0.897412998930378,0.132163736335485,0.0325280275800424,7.62680756822807
